# Blender 5.2.1 LTS
# www.blender.org
mtllib anti_drone_gimbal.mtl
o Gusset_-43
v -33.594639 42.317966 18.000000
v -26.206633 66.201378 18.000000
v -33.594639 42.317966 -18.000000
v -26.206633 66.201378 -18.000000
v -29.773293 41.135883 18.000000
v -22.385286 65.019295 18.000000
v -29.773293 41.135883 -18.000000
v -22.385286 65.019295 -18.000000
vn -0.9553 0.2955 -0.0000
vn -0.0000 -0.0000 -1.0000
vn 0.9553 -0.2955 -0.0000
vn -0.0000 -0.0000 1.0000
vn -0.2955 -0.9553 -0.0000
vn 0.2955 0.9553 -0.0000
vt 0.375000 0.000000
vt 0.625000 0.000000
vt 0.625000 0.250000
vt 0.375000 0.250000
vt 0.625000 0.500000
vt 0.375000 0.500000
vt 0.625000 0.750000
vt 0.375000 0.750000
vt 0.625000 1.000000
vt 0.375000 1.000000
vt 0.125000 0.500000
vt 0.125000 0.750000
vt 0.875000 0.500000
vt 0.875000 0.750000
s 0
usemtl Dark_Aluminum
f 1/1/1 2/2/1 4/3/1 3/4/1
f 3/4/2 4/3/2 8/5/2 7/6/2
f 7/6/3 8/5/3 6/7/3 5/8/3
f 5/8/4 6/7/4 2/9/4 1/10/4
f 3/11/5 7/6/5 5/8/5 1/12/5
f 8/5/6 4/13/6 2/14/6 6/7/6
o Gusset_43
v 29.773293 41.135883 18.000000
v 22.385286 65.019295 18.000000
v 29.773293 41.135883 -18.000000
v 22.385286 65.019295 -18.000000
v 33.594639 42.317966 18.000000
v 26.206633 66.201378 18.000000
v 33.594639 42.317966 -18.000000
v 26.206633 66.201378 -18.000000
vn -0.9553 -0.2955 -0.0000
vn -0.0000 -0.0000 -1.0000
vn 0.9553 0.2955 -0.0000
vn -0.0000 -0.0000 1.0000
vn 0.2955 -0.9553 -0.0000
vn -0.2955 0.9553 -0.0000
vt 0.375000 0.000000
vt 0.625000 0.000000
vt 0.625000 0.250000
vt 0.375000 0.250000
vt 0.625000 0.500000
vt 0.375000 0.500000
vt 0.625000 0.750000
vt 0.375000 0.750000
vt 0.625000 1.000000
vt 0.375000 1.000000
vt 0.125000 0.500000
vt 0.125000 0.750000
vt 0.875000 0.500000
vt 0.875000 0.750000
s 0
usemtl Dark_Aluminum
f 9/15/7 10/16/7 12/17/7 11/18/7
f 11/18/8 12/17/8 16/19/8 15/20/8
f 15/20/9 16/19/9 14/21/9 13/22/9
f 13/22/10 14/21/10 10/23/10 9/24/10
f 11/25/11 15/20/11 13/22/11 9/26/11
f 16/19/12 12/27/12 10/28/12 14/21/12
o Dipole_0.0
v -30.000000 161.000000 -1.500000
v 0.000000 161.000000 -1.500000
v -30.000000 160.250000 -1.299038
v 0.000000 160.250000 -1.299038
v -30.000000 159.700958 -0.750000
v 0.000000 159.700958 -0.750000
v -30.000000 159.500000 0.000000
v 0.000000 159.500000 0.000000
v -30.000000 159.700958 0.750000
v 0.000000 159.700958 0.750000
v -30.000000 160.250000 1.299038
v 0.000000 160.250000 1.299038
v -30.000000 161.000000 1.500000
v 0.000000 161.000000 1.500000
v -30.000000 161.750000 1.299038
v 0.000000 161.750000 1.299038
v -30.000000 162.299042 0.750000
v 0.000000 162.299042 0.750000
v -30.000000 162.500000 0.000000
v 0.000000 162.500000 0.000000
v -30.000000 162.299042 -0.750000
v 0.000000 162.299042 -0.750000
v -30.000000 161.750000 -1.299038
v 0.000000 161.750000 -1.299038
vn -0.0000 -0.2588 -0.9659
vn -0.0000 -0.7071 -0.7071
vn -0.0000 -0.9659 -0.2588
vn -0.0000 -0.9659 0.2588
vn -0.0000 -0.7071 0.7071
vn -0.0000 -0.2588 0.9659
vn -0.0000 0.2588 0.9659
vn -0.0000 0.7071 0.7071
vn -0.0000 0.9659 0.2588
vn -0.0000 0.9659 -0.2588
vn 1.0000 -0.0000 -0.0000
vn -0.0000 0.7071 -0.7071
vn -0.0000 0.2588 -0.9659
vn -1.0000 -0.0000 -0.0000
vt 1.000000 0.500000
vt 1.000000 1.000000
vt 0.916667 1.000000
vt 0.916667 0.500000
vt 0.833333 1.000000
vt 0.833333 0.500000
vt 0.750000 1.000000
vt 0.750000 0.500000
vt 0.666667 1.000000
vt 0.666667 0.500000
vt 0.583333 1.000000
vt 0.583333 0.500000
vt 0.500000 1.000000
vt 0.500000 0.500000
vt 0.416667 1.000000
vt 0.416667 0.500000
vt 0.333333 1.000000
vt 0.333333 0.500000
vt 0.250000 1.000000
vt 0.250000 0.500000
vt 0.166667 1.000000
vt 0.166667 0.500000
vt 0.370000 0.457846
vt 0.250000 0.490000
vt 0.130000 0.457846
vt 0.042154 0.370000
vt 0.010000 0.250000
vt 0.042154 0.130000
vt 0.130000 0.042154
vt 0.250000 0.010000
vt 0.370000 0.042154
vt 0.457846 0.130000
vt 0.490000 0.250000
vt 0.457846 0.370000
vt 0.083333 1.000000
vt 0.083333 0.500000
vt 0.000000 1.000000
vt 0.000000 0.500000
vt 0.750000 0.490000
vt 0.870000 0.457846
vt 0.957846 0.370000
vt 0.990000 0.250000
vt 0.957846 0.130000
vt 0.870000 0.042154
vt 0.750000 0.010000
vt 0.630000 0.042154
vt 0.542154 0.130000
vt 0.510000 0.250000
vt 0.542154 0.370000
vt 0.630000 0.457846
s 0
usemtl Antenna
f 17/29/13 18/30/13 20/31/13 19/32/13
f 19/32/14 20/31/14 22/33/14 21/34/14
f 21/34/15 22/33/15 24/35/15 23/36/15
f 23/36/16 24/35/16 26/37/16 25/38/16
f 25/38/17 26/37/17 28/39/17 27/40/17
f 27/40/18 28/39/18 30/41/18 29/42/18
f 29/42/19 30/41/19 32/43/19 31/44/19
f 31/44/20 32/43/20 34/45/20 33/46/20
f 33/46/21 34/45/21 36/47/21 35/48/21
f 35/48/22 36/47/22 38/49/22 37/50/22
f 20/51/23 18/52/23 40/53/23 38/54/23 36/55/23 34/56/23 32/57/23 30/58/23 28/59/23 26/60/23 24/61/23 22/62/23
f 37/50/24 38/49/24 40/63/24 39/64/24
f 39/64/25 40/63/25 18/65/25 17/66/25
f 17/67/26 19/68/26 21/69/26 23/70/26 25/71/26 27/72/26 29/73/26 31/74/26 33/75/26 35/76/26 37/77/26 39/78/26
o Dipole_3.1
v -30.000000 161.000000 1.499999
v -60.000000 161.000000 1.500001
v -30.000000 160.250000 1.299037
v -60.000000 160.250000 1.299039
v -30.000000 159.700958 0.749999
v -60.000000 159.700958 0.750001
v -30.000000 159.500000 -0.000001
v -60.000000 159.500000 0.000001
v -30.000000 159.700958 -0.750001
v -60.000000 159.700958 -0.749999
v -30.000000 160.250000 -1.299039
v -60.000000 160.250000 -1.299037
v -30.000000 161.000000 -1.500001
v -60.000000 161.000000 -1.499999
v -30.000000 161.750000 -1.299039
v -60.000000 161.750000 -1.299037
v -30.000000 162.299042 -0.750001
v -60.000000 162.299042 -0.749999
v -30.000000 162.500000 -0.000001
v -60.000000 162.500000 0.000001
v -30.000000 162.299042 0.749999
v -60.000000 162.299042 0.750001
v -30.000000 161.750000 1.299037
v -60.000000 161.750000 1.299039
vn -0.0000 -0.2588 0.9659
vn -0.0000 -0.7071 0.7071
vn -0.0000 -0.9659 0.2588
vn -0.0000 -0.9659 -0.2588
vn -0.0000 -0.7071 -0.7071
vn -0.0000 -0.2588 -0.9659
vn -0.0000 0.2588 -0.9659
vn -0.0000 0.7071 -0.7071
vn -0.0000 0.9659 -0.2588
vn -0.0000 0.9659 0.2588
vn -1.0000 -0.0000 -0.0000
vn -0.0000 0.7071 0.7071
vn -0.0000 0.2588 0.9659
vn 1.0000 -0.0000 -0.0000
vt 1.000000 0.500000
vt 1.000000 1.000000
vt 0.916667 1.000000
vt 0.916667 0.500000
vt 0.833333 1.000000
vt 0.833333 0.500000
vt 0.750000 1.000000
vt 0.750000 0.500000
vt 0.666667 1.000000
vt 0.666667 0.500000
vt 0.583333 1.000000
vt 0.583333 0.500000
vt 0.500000 1.000000
vt 0.500000 0.500000
vt 0.416667 1.000000
vt 0.416667 0.500000
vt 0.333333 1.000000
vt 0.333333 0.500000
vt 0.250000 1.000000
vt 0.250000 0.500000
vt 0.166667 1.000000
vt 0.166667 0.500000
vt 0.370000 0.457846
vt 0.250000 0.490000
vt 0.130000 0.457846
vt 0.042154 0.370000
vt 0.010000 0.250000
vt 0.042154 0.130000
vt 0.130000 0.042154
vt 0.250000 0.010000
vt 0.370000 0.042154
vt 0.457846 0.130000
vt 0.490000 0.250000
vt 0.457846 0.370000
vt 0.083333 1.000000
vt 0.083333 0.500000
vt 0.000000 1.000000
vt 0.000000 0.500000
vt 0.750000 0.490000
vt 0.870000 0.457846
vt 0.957846 0.370000
vt 0.990000 0.250000
vt 0.957846 0.130000
vt 0.870000 0.042154
vt 0.750000 0.010000
vt 0.630000 0.042154
vt 0.542154 0.130000
vt 0.510000 0.250000
vt 0.542154 0.370000
vt 0.630000 0.457846
s 0
usemtl Antenna
f 41/79/27 42/80/27 44/81/27 43/82/27
f 43/82/28 44/81/28 46/83/28 45/84/28
f 45/84/29 46/83/29 48/85/29 47/86/29
f 47/86/30 48/85/30 50/87/30 49/88/30
f 49/88/31 50/87/31 52/89/31 51/90/31
f 51/90/32 52/89/32 54/91/32 53/92/32
f 53/92/33 54/91/33 56/93/33 55/94/33
f 55/94/34 56/93/34 58/95/34 57/96/34
f 57/96/35 58/95/35 60/97/35 59/98/35
f 59/98/36 60/97/36 62/99/36 61/100/36
f 44/101/37 42/102/37 64/103/37 62/104/37 60/105/37 58/106/37 56/107/37 54/108/37 52/109/37 50/110/37 48/111/37 46/112/37
f 61/100/38 62/99/38 64/113/38 63/114/38
f 63/114/39 64/113/39 42/115/39 41/116/39
f 41/117/40 43/118/40 45/119/40 47/120/40 49/121/40 51/122/40 53/123/40 55/124/40 57/125/40 59/126/40 61/127/40 63/128/40
o Heatsink_Fin_0
v -15.000000 -28.000000 21.000000
v -15.000000 -20.000000 21.000000
v -15.000000 -28.000000 19.000000
v -15.000000 -20.000000 19.000000
v 15.000000 -28.000000 21.000000
v 15.000000 -20.000000 21.000000
v 15.000000 -28.000000 19.000000
v 15.000000 -20.000000 19.000000
vn -1.0000 -0.0000 -0.0000
vn -0.0000 -0.0000 -1.0000
vn 1.0000 -0.0000 -0.0000
vn -0.0000 -0.0000 1.0000
vn -0.0000 -1.0000 -0.0000
vn -0.0000 1.0000 -0.0000
vt 0.375000 0.000000
vt 0.625000 0.000000
vt 0.625000 0.250000
vt 0.375000 0.250000
vt 0.625000 0.500000
vt 0.375000 0.500000
vt 0.625000 0.750000
vt 0.375000 0.750000
vt 0.625000 1.000000
vt 0.375000 1.000000
vt 0.125000 0.500000
vt 0.125000 0.750000
vt 0.875000 0.500000
vt 0.875000 0.750000
s 0
usemtl Aluminum
f 65/129/41 66/130/41 68/131/41 67/132/41
f 67/132/42 68/131/42 72/133/42 71/134/42
f 71/134/43 72/133/43 70/135/43 69/136/43
f 69/136/44 70/135/44 66/137/44 65/138/44
f 67/139/45 71/134/45 69/136/45 65/140/45
f 72/133/46 68/141/46 66/142/46 70/135/46
o Heatsink_Fin_1
v -15.000000 -28.000000 11.000000
v -15.000000 -20.000000 11.000000
v -15.000000 -28.000000 9.000000
v -15.000000 -20.000000 9.000000
v 15.000000 -28.000000 11.000000
v 15.000000 -20.000000 11.000000
v 15.000000 -28.000000 9.000000
v 15.000000 -20.000000 9.000000
vn -1.0000 -0.0000 -0.0000
vn -0.0000 -0.0000 -1.0000
vn 1.0000 -0.0000 -0.0000
vn -0.0000 -0.0000 1.0000
vn -0.0000 -1.0000 -0.0000
vn -0.0000 1.0000 -0.0000
vt 0.375000 0.000000
vt 0.625000 0.000000
vt 0.625000 0.250000
vt 0.375000 0.250000
vt 0.625000 0.500000
vt 0.375000 0.500000
vt 0.625000 0.750000
vt 0.375000 0.750000
vt 0.625000 1.000000
vt 0.375000 1.000000
vt 0.125000 0.500000
vt 0.125000 0.750000
vt 0.875000 0.500000
vt 0.875000 0.750000
s 0
usemtl Aluminum
f 73/143/47 74/144/47 76/145/47 75/146/47
f 75/146/48 76/145/48 80/147/48 79/148/48
f 79/148/49 80/147/49 78/149/49 77/150/49
f 77/150/50 78/149/50 74/151/50 73/152/50
f 75/153/51 79/148/51 77/150/51 73/154/51
f 80/147/52 76/155/52 74/156/52 78/149/52
o Heatsink_Fin_2
v -15.000000 -28.000000 1.000000
v -15.000000 -20.000000 1.000000
v -15.000000 -28.000000 -1.000000
v -15.000000 -20.000000 -1.000000
v 15.000000 -28.000000 1.000000
v 15.000000 -20.000000 1.000000
v 15.000000 -28.000000 -1.000000
v 15.000000 -20.000000 -1.000000
vn -1.0000 -0.0000 -0.0000
vn -0.0000 -0.0000 -1.0000
vn 1.0000 -0.0000 -0.0000
vn -0.0000 -0.0000 1.0000
vn -0.0000 -1.0000 -0.0000
vn -0.0000 1.0000 -0.0000
vt 0.375000 0.000000
vt 0.625000 0.000000
vt 0.625000 0.250000
vt 0.375000 0.250000
vt 0.625000 0.500000
vt 0.375000 0.500000
vt 0.625000 0.750000
vt 0.375000 0.750000
vt 0.625000 1.000000
vt 0.375000 1.000000
vt 0.125000 0.500000
vt 0.125000 0.750000
vt 0.875000 0.500000
vt 0.875000 0.750000
s 0
usemtl Aluminum
f 81/157/53 82/158/53 84/159/53 83/160/53
f 83/160/54 84/159/54 88/161/54 87/162/54
f 87/162/55 88/161/55 86/163/55 85/164/55
f 85/164/56 86/163/56 82/165/56 81/166/56
f 83/167/57 87/162/57 85/164/57 81/168/57
f 88/161/58 84/169/58 82/170/58 86/163/58
o Heatsink_Fin_3
v -15.000000 -28.000000 -9.000000
v -15.000000 -20.000000 -9.000000
v -15.000000 -28.000000 -11.000000
v -15.000000 -20.000000 -11.000000
v 15.000000 -28.000000 -9.000000
v 15.000000 -20.000000 -9.000000
v 15.000000 -28.000000 -11.000000
v 15.000000 -20.000000 -11.000000
vn -1.0000 -0.0000 -0.0000
vn -0.0000 -0.0000 -1.0000
vn 1.0000 -0.0000 -0.0000
vn -0.0000 -0.0000 1.0000
vn -0.0000 -1.0000 -0.0000
vn -0.0000 1.0000 -0.0000
vt 0.375000 0.000000
vt 0.625000 0.000000
vt 0.625000 0.250000
vt 0.375000 0.250000
vt 0.625000 0.500000
vt 0.375000 0.500000
vt 0.625000 0.750000
vt 0.375000 0.750000
vt 0.625000 1.000000
vt 0.375000 1.000000
vt 0.125000 0.500000
vt 0.125000 0.750000
vt 0.875000 0.500000
vt 0.875000 0.750000
s 0
usemtl Aluminum
f 89/171/59 90/172/59 92/173/59 91/174/59
f 91/174/60 92/173/60 96/175/60 95/176/60
f 95/176/61 96/175/61 94/177/61 93/178/61
f 93/178/62 94/177/62 90/179/62 89/180/62
f 91/181/63 95/176/63 93/178/63 89/182/63
f 96/175/64 92/183/64 90/184/64 94/177/64
o Heatsink_Fin_4
v -15.000000 -28.000000 -19.000000
v -15.000000 -20.000000 -19.000000
v -15.000000 -28.000000 -21.000000
v -15.000000 -20.000000 -21.000000
v 15.000000 -28.000000 -19.000000
v 15.000000 -20.000000 -19.000000
v 15.000000 -28.000000 -21.000000
v 15.000000 -20.000000 -21.000000
vn -1.0000 -0.0000 -0.0000
vn -0.0000 -0.0000 -1.0000
vn 1.0000 -0.0000 -0.0000
vn -0.0000 -0.0000 1.0000
vn -0.0000 -1.0000 -0.0000
vn -0.0000 1.0000 -0.0000
vt 0.375000 0.000000
vt 0.625000 0.000000
vt 0.625000 0.250000
vt 0.375000 0.250000
vt 0.625000 0.500000
vt 0.375000 0.500000
vt 0.625000 0.750000
vt 0.375000 0.750000
vt 0.625000 1.000000
vt 0.375000 1.000000
vt 0.125000 0.500000
vt 0.125000 0.750000
vt 0.875000 0.500000
vt 0.875000 0.750000
s 0
usemtl Aluminum
f 97/185/65 98/186/65 100/187/65 99/188/65
f 99/188/66 100/187/66 104/189/66 103/190/66
f 103/190/67 104/189/67 102/191/67 101/192/67
f 101/192/68 102/191/68 98/193/68 97/194/68
f 99/195/69 103/190/69 101/192/69 97/196/69
f 104/189/70 100/197/70 98/198/70 102/191/70
o Port_0
v -36.000000 -22.000000 -36.000000
v -36.000000 -17.000000 -36.000000
v -36.000000 -22.000000 -42.000000
v -36.000000 -17.000000 -42.000000
v -24.000000 -22.000000 -36.000000
v -24.000000 -17.000000 -36.000000
v -24.000000 -22.000000 -42.000000
v -24.000000 -17.000000 -42.000000
vn -1.0000 -0.0000 -0.0000
vn -0.0000 -0.0000 -1.0000
vn 1.0000 -0.0000 -0.0000
vn -0.0000 -0.0000 1.0000
vn -0.0000 -1.0000 -0.0000
vn -0.0000 1.0000 -0.0000
vt 0.375000 0.000000
vt 0.625000 0.000000
vt 0.625000 0.250000
vt 0.375000 0.250000
vt 0.625000 0.500000
vt 0.375000 0.500000
vt 0.625000 0.750000
vt 0.375000 0.750000
vt 0.625000 1.000000
vt 0.375000 1.000000
vt 0.125000 0.500000
vt 0.125000 0.750000
vt 0.875000 0.500000
vt 0.875000 0.750000
s 0
usemtl Connector
f 105/199/71 106/200/71 108/201/71 107/202/71
f 107/202/72 108/201/72 112/203/72 111/204/72
f 111/204/73 112/203/73 110/205/73 109/206/73
f 109/206/74 110/205/74 106/207/74 105/208/74
f 107/209/75 111/204/75 109/206/75 105/210/75
f 112/203/76 108/211/76 106/212/76 110/205/76
o Port_1
v -21.000000 -22.000000 -36.000000
v -21.000000 -17.000000 -36.000000
v -21.000000 -22.000000 -42.000000
v -21.000000 -17.000000 -42.000000
v -9.000000 -22.000000 -36.000000
v -9.000000 -17.000000 -36.000000
v -9.000000 -22.000000 -42.000000
v -9.000000 -17.000000 -42.000000
vn -1.0000 -0.0000 -0.0000
vn -0.0000 -0.0000 -1.0000
vn 1.0000 -0.0000 -0.0000
vn -0.0000 -0.0000 1.0000
vn -0.0000 -1.0000 -0.0000
vn -0.0000 1.0000 -0.0000
vt 0.375000 0.000000
vt 0.625000 0.000000
vt 0.625000 0.250000
vt 0.375000 0.250000
vt 0.625000 0.500000
vt 0.375000 0.500000
vt 0.625000 0.750000
vt 0.375000 0.750000
vt 0.625000 1.000000
vt 0.375000 1.000000
vt 0.125000 0.500000
vt 0.125000 0.750000
vt 0.875000 0.500000
vt 0.875000 0.750000
s 0
usemtl Connector
f 113/213/77 114/214/77 116/215/77 115/216/77
f 115/216/78 116/215/78 120/217/78 119/218/78
f 119/218/79 120/217/79 118/219/79 117/220/79
f 117/220/80 118/219/80 114/221/80 113/222/80
f 115/223/81 119/218/81 117/220/81 113/224/81
f 120/217/82 116/225/82 114/226/82 118/219/82
o Port_2
v -6.000000 -22.000000 -36.000000
v -6.000000 -17.000000 -36.000000
v -6.000000 -22.000000 -42.000000
v -6.000000 -17.000000 -42.000000
v 6.000000 -22.000000 -36.000000
v 6.000000 -17.000000 -36.000000
v 6.000000 -22.000000 -42.000000
v 6.000000 -17.000000 -42.000000
vn -1.0000 -0.0000 -0.0000
vn -0.0000 -0.0000 -1.0000
vn 1.0000 -0.0000 -0.0000
vn -0.0000 -0.0000 1.0000
vn -0.0000 -1.0000 -0.0000
vn -0.0000 1.0000 -0.0000
vt 0.375000 0.000000
vt 0.625000 0.000000
vt 0.625000 0.250000
vt 0.375000 0.250000
vt 0.625000 0.500000
vt 0.375000 0.500000
vt 0.625000 0.750000
vt 0.375000 0.750000
vt 0.625000 1.000000
vt 0.375000 1.000000
vt 0.125000 0.500000
vt 0.125000 0.750000
vt 0.875000 0.500000
vt 0.875000 0.750000
s 0
usemtl Connector
f 121/227/83 122/228/83 124/229/83 123/230/83
f 123/230/84 124/229/84 128/231/84 127/232/84
f 127/232/85 128/231/85 126/233/85 125/234/85
f 125/234/86 126/233/86 122/235/86 121/236/86
f 123/237/87 127/232/87 125/234/87 121/238/87
f 128/231/88 124/239/88 122/240/88 126/233/88
o Port_3
v 9.000000 -22.000000 -36.000000
v 9.000000 -17.000000 -36.000000
v 9.000000 -22.000000 -42.000000
v 9.000000 -17.000000 -42.000000
v 21.000000 -22.000000 -36.000000
v 21.000000 -17.000000 -36.000000
v 21.000000 -22.000000 -42.000000
v 21.000000 -17.000000 -42.000000
vn -1.0000 -0.0000 -0.0000
vn -0.0000 -0.0000 -1.0000
vn 1.0000 -0.0000 -0.0000
vn -0.0000 -0.0000 1.0000
vn -0.0000 -1.0000 -0.0000
vn -0.0000 1.0000 -0.0000
vt 0.375000 0.000000
vt 0.625000 0.000000
vt 0.625000 0.250000
vt 0.375000 0.250000
vt 0.625000 0.500000
vt 0.375000 0.500000
vt 0.625000 0.750000
vt 0.375000 0.750000
vt 0.625000 1.000000
vt 0.375000 1.000000
vt 0.125000 0.500000
vt 0.125000 0.750000
vt 0.875000 0.500000
vt 0.875000 0.750000
s 0
usemtl Connector
f 129/241/89 130/242/89 132/243/89 131/244/89
f 131/244/90 132/243/90 136/245/90 135/246/90
f 135/246/91 136/245/91 134/247/91 133/248/91
f 133/248/92 134/247/92 130/249/92 129/250/92
f 131/251/93 135/246/93 133/248/93 129/252/93
f 136/245/94 132/253/94 130/254/94 134/247/94
o Cable_Tilt_0
v 71.585785 94.414215 10.000000
v 51.585785 74.414215 9.999999
v 71.775253 94.224747 11.000000
v 51.775253 74.224747 11.000000
v 72.292892 93.707108 11.732051
v 52.292892 73.707108 11.732050
v 73.000000 93.000000 12.000000
v 53.000000 73.000000 12.000000
v 73.707108 92.292892 11.732051
v 53.707108 72.292892 11.732050
v 74.224747 91.775253 11.000000
v 54.224747 71.775253 11.000000
v 74.414215 91.585785 10.000001
v 54.414215 71.585785 10.000000
v 74.224747 91.775253 9.000000
v 54.224747 71.775253 9.000000
v 73.707108 92.292892 8.267950
v 53.707108 72.292892 8.267949
v 73.000000 93.000000 8.000000
v 53.000000 73.000000 8.000000
v 72.292892 93.707108 8.267950
v 52.292892 73.707108 8.267949
v 71.775253 94.224747 9.000000
v 51.775253 74.224747 9.000000
vn -0.6830 0.6830 0.2588
vn -0.5000 0.5000 0.7071
vn -0.1830 0.1830 0.9659
vn 0.1830 -0.1830 0.9659
vn 0.5000 -0.5000 0.7071
vn 0.6830 -0.6830 0.2588
vn 0.6830 -0.6830 -0.2588
vn 0.5000 -0.5000 -0.7071
vn 0.1830 -0.1830 -0.9659
vn -0.1830 0.1830 -0.9659
vn -0.7071 -0.7071 -0.0000
vn -0.5000 0.5000 -0.7071
vn -0.6830 0.6830 -0.2588
vn 0.7071 0.7071 -0.0000
vt 1.000000 0.500000
vt 1.000000 1.000000
vt 0.916667 1.000000
vt 0.916667 0.500000
vt 0.833333 1.000000
vt 0.833333 0.500000
vt 0.750000 1.000000
vt 0.750000 0.500000
vt 0.666667 1.000000
vt 0.666667 0.500000
vt 0.583333 1.000000
vt 0.583333 0.500000
vt 0.500000 1.000000
vt 0.500000 0.500000
vt 0.416667 1.000000
vt 0.416667 0.500000
vt 0.333333 1.000000
vt 0.333333 0.500000
vt 0.250000 1.000000
vt 0.250000 0.500000
vt 0.166667 1.000000
vt 0.166667 0.500000
vt 0.370000 0.457846
vt 0.250000 0.490000
vt 0.130000 0.457846
vt 0.042154 0.370000
vt 0.010000 0.250000
vt 0.042154 0.130000
vt 0.130000 0.042154
vt 0.250000 0.010000
vt 0.370000 0.042154
vt 0.457846 0.130000
vt 0.490000 0.250000
vt 0.457846 0.370000
vt 0.083333 1.000000
vt 0.083333 0.500000
vt 0.000000 1.000000
vt 0.000000 0.500000
vt 0.750000 0.490000
vt 0.870000 0.457846
vt 0.957846 0.370000
vt 0.990000 0.250000
vt 0.957846 0.130000
vt 0.870000 0.042154
vt 0.750000 0.010000
vt 0.630000 0.042154
vt 0.542154 0.130000
vt 0.510000 0.250000
vt 0.542154 0.370000
vt 0.630000 0.457846
s 0
usemtl Cable
f 137/255/95 138/256/95 140/257/95 139/258/95
f 139/258/96 140/257/96 142/259/96 141/260/96
f 141/260/97 142/259/97 144/261/97 143/262/97
f 143/262/98 144/261/98 146/263/98 145/264/98
f 145/264/99 146/263/99 148/265/99 147/266/99
f 147/266/100 148/265/100 150/267/100 149/268/100
f 149/268/101 150/267/101 152/269/101 151/270/101
f 151/270/102 152/269/102 154/271/102 153/272/102
f 153/272/103 154/271/103 156/273/103 155/274/103
f 155/274/104 156/273/104 158/275/104 157/276/104
f 140/277/105 138/278/105 160/279/105 158/280/105 156/281/105 154/282/105 152/283/105 150/284/105 148/285/105 146/286/105 144/287/105 142/288/105
f 157/276/106 158/275/106 160/289/106 159/290/106
f 159/290/107 160/289/107 138/291/107 137/292/107
f 137/293/108 139/294/108 141/295/108 143/296/108 145/297/108 147/298/108 149/299/108 151/300/108 153/301/108 155/302/108 157/303/108 159/304/108
o Cable_Tilt_1
v 57.000000 73.466743 24.055227
v 57.000000 23.466745 12.055223
v 56.000000 73.404213 24.315779
v 56.000000 23.404215 12.315773
v 55.267948 73.233376 25.027615
v 55.267948 23.233374 13.027611
v 55.000000 73.000000 26.000002
v 55.000000 23.000000 13.999998
v 55.267948 72.766624 26.972389
v 55.267948 22.766626 14.972385
v 56.000000 72.595787 27.684227
v 56.000000 22.595785 15.684221
v 57.000000 72.533257 27.944777
v 57.000000 22.533255 15.944773
v 58.000000 72.595787 27.684227
v 58.000000 22.595785 15.684221
v 58.732052 72.766624 26.972389
v 58.732052 22.766626 14.972384
v 59.000000 73.000000 26.000002
v 59.000000 23.000000 13.999998
v 58.732052 73.233376 25.027615
v 58.732052 23.233374 13.027611
v 58.000000 73.404213 24.315779
v 58.000000 23.404215 12.315773
vn -0.2588 0.2254 -0.9393
vn -0.7071 0.1650 -0.6876
vn -0.9659 0.0604 -0.2517
vn -0.9659 -0.0604 0.2517
vn -0.7071 -0.1650 0.6876
vn -0.2588 -0.2254 0.9393
vn 0.2588 -0.2254 0.9393
vn 0.7071 -0.1650 0.6876
vn 0.9659 -0.0604 0.2517
vn 0.9659 0.0604 -0.2517
vn -0.0000 -0.9724 -0.2334
vn 0.7071 0.1650 -0.6876
vn 0.2588 0.2254 -0.9393
vn -0.0000 0.9724 0.2334
vt 1.000000 0.500000
vt 1.000000 1.000000
vt 0.916667 1.000000
vt 0.916667 0.500000
vt 0.833333 1.000000
vt 0.833333 0.500000
vt 0.750000 1.000000
vt 0.750000 0.500000
vt 0.666667 1.000000
vt 0.666667 0.500000
vt 0.583333 1.000000
vt 0.583333 0.500000
vt 0.500000 1.000000
vt 0.500000 0.500000
vt 0.416667 1.000000
vt 0.416667 0.500000
vt 0.333333 1.000000
vt 0.333333 0.500000
vt 0.250000 1.000000
vt 0.250000 0.500000
vt 0.166667 1.000000
vt 0.166667 0.500000
vt 0.370000 0.457846
vt 0.250000 0.490000
vt 0.130000 0.457846
vt 0.042154 0.370000
vt 0.010000 0.250000
vt 0.042154 0.130000
vt 0.130000 0.042154
vt 0.250000 0.010000
vt 0.370000 0.042154
vt 0.457846 0.130000
vt 0.490000 0.250000
vt 0.457846 0.370000
vt 0.083333 1.000000
vt 0.083333 0.500000
vt 0.000000 1.000000
vt 0.000000 0.500000
vt 0.750000 0.490000
vt 0.870000 0.457846
vt 0.957846 0.370000
vt 0.990000 0.250000
vt 0.957846 0.130000
vt 0.870000 0.042154
vt 0.750000 0.010000
vt 0.630000 0.042154
vt 0.542154 0.130000
vt 0.510000 0.250000
vt 0.542154 0.370000
vt 0.630000 0.457846
s 0
usemtl Cable
f 161/305/109 162/306/109 164/307/109 163/308/109
f 163/308/110 164/307/110 166/309/110 165/310/110
f 165/310/111 166/309/111 168/311/111 167/312/111
f 167/312/112 168/311/112 170/313/112 169/314/112
f 169/314/113 170/313/113 172/315/113 171/316/113
f 171/316/114 172/315/114 174/317/114 173/318/114
f 173/318/115 174/317/115 176/319/115 175/320/115
f 175/320/116 176/319/116 178/321/116 177/322/116
f 177/322/117 178/321/117 180/323/117 179/324/117
f 179/324/118 180/323/118 182/325/118 181/326/118
f 164/327/119 162/328/119 184/329/119 182/330/119 180/331/119 178/332/119 176/333/119 174/334/119 172/335/119 170/336/119 168/337/119 166/338/119
f 181/326/120 182/325/120 184/339/120 183/340/120
f 183/340/121 184/339/121 162/341/121 161/342/121
f 161/343/122 163/344/122 165/345/122 167/346/122 169/347/122 171/348/122 173/349/122 175/350/122 177/351/122 179/352/122 181/353/122 183/354/122
o Cable_Tilt_2
v 35.500000 24.903418 34.885994
v 35.500000 14.903417 3.885994
v 34.500000 24.648407 34.968254
v 34.500000 14.648407 3.968256
v 33.767952 23.951710 35.192997
v 33.767948 13.951708 4.192997
v 33.500000 23.000000 35.500000
v 33.500000 13.000000 4.500000
v 33.767952 22.048292 35.807003
v 33.767948 12.048290 4.807003
v 34.500000 21.351593 36.031746
v 34.500000 11.351592 5.031745
v 35.500000 21.096584 36.114006
v 35.500000 11.096582 5.114006
v 36.500000 21.351593 36.031746
v 36.500000 11.351592 5.031744
v 37.232052 22.048292 35.807003
v 37.232048 12.048290 4.807003
v 37.500000 23.000000 35.500000
v 37.500000 13.000000 4.500000
v 37.232052 23.951710 35.192997
v 37.232048 13.951708 4.192997
v 36.500000 24.648407 34.968254
v 36.500000 14.648407 3.968256
vn -0.2588 0.9193 -0.2965
vn -0.7071 0.6730 -0.2171
vn -0.9659 0.2463 -0.0795
vn -0.9659 -0.2463 0.0795
vn -0.7071 -0.6730 0.2171
vn -0.2588 -0.9193 0.2965
vn 0.2588 -0.9193 0.2965
vn 0.7071 -0.6730 0.2171
vn 0.9659 -0.2463 0.0795
vn 0.9659 0.2463 -0.0795
vn -0.0000 -0.3070 -0.9517
vn 0.7071 0.6730 -0.2171
vn 0.2588 0.9193 -0.2965
vn -0.0000 0.3070 0.9517
vt 1.000000 0.500000
vt 1.000000 1.000000
vt 0.916667 1.000000
vt 0.916667 0.500000
vt 0.833333 1.000000
vt 0.833333 0.500000
vt 0.750000 1.000000
vt 0.750000 0.500000
vt 0.666667 1.000000
vt 0.666667 0.500000
vt 0.583333 1.000000
vt 0.583333 0.500000
vt 0.500000 1.000000
vt 0.500000 0.500000
vt 0.416667 1.000000
vt 0.416667 0.500000
vt 0.333333 1.000000
vt 0.333333 0.500000
vt 0.250000 1.000000
vt 0.250000 0.500000
vt 0.166667 1.000000
vt 0.166667 0.500000
vt 0.370000 0.457846
vt 0.250000 0.490000
vt 0.130000 0.457846
vt 0.042154 0.370000
vt 0.010000 0.250000
vt 0.042154 0.130000
vt 0.130000 0.042154
vt 0.250000 0.010000
vt 0.370000 0.042154
vt 0.457846 0.130000
vt 0.490000 0.250000
vt 0.457846 0.370000
vt 0.083333 1.000000
vt 0.083333 0.500000
vt 0.000000 1.000000
vt 0.000000 0.500000
vt 0.750000 0.490000
vt 0.870000 0.457846
vt 0.957846 0.370000
vt 0.990000 0.250000
vt 0.957846 0.130000
vt 0.870000 0.042154
vt 0.750000 0.010000
vt 0.630000 0.042154
vt 0.542154 0.130000
vt 0.510000 0.250000
vt 0.542154 0.370000
vt 0.630000 0.457846
s 0
usemtl Cable
f 185/355/123 186/356/123 188/357/123 187/358/123
f 187/358/124 188/357/124 190/359/124 189/360/124
f 189/360/125 190/359/125 192/361/125 191/362/125
f 191/362/126 192/361/126 194/363/126 193/364/126
f 193/364/127 194/363/127 196/365/127 195/366/127
f 195/366/128 196/365/128 198/367/128 197/368/128
f 197/368/129 198/367/129 200/369/129 199/370/129
f 199/370/130 200/369/130 202/371/130 201/372/130
f 201/372/131 202/371/131 204/373/131 203/374/131
f 203/374/132 204/373/132 206/375/132 205/376/132
f 188/377/133 186/378/133 208/379/133 206/380/133 204/381/133 202/382/133 200/383/133 198/384/133 196/385/133 194/386/133 192/387/133 190/388/133
f 205/376/134 206/375/134 208/389/134 207/390/134
f 207/390/135 208/389/135 186/391/135 185/392/135
f 185/393/136 187/394/136 189/395/136 191/396/136 193/397/136 195/398/136 197/399/136 199/400/136 201/401/136 203/402/136 205/403/136 207/404/136
o LED_0
v -35.000000 -16.000000 -42.000000
v -35.000000 -16.000000 -40.000000
v -34.425976 -16.114182 -42.000000
v -34.425976 -16.114182 -40.000000
v -33.939339 -16.439341 -42.000000
v -33.939339 -16.439341 -40.000000
v -33.614182 -16.925974 -42.000000
v -33.614182 -16.925976 -40.000000
v -33.500000 -17.500000 -42.000000
v -33.500000 -17.500000 -40.000000
v -33.614182 -18.074024 -42.000000
v -33.614182 -18.074026 -40.000000
v -33.939339 -18.560659 -42.000000
v -33.939339 -18.560659 -40.000000
v -34.425976 -18.885818 -42.000000
v -34.425976 -18.885818 -40.000000
v -35.000000 -19.000000 -42.000000
v -35.000000 -19.000000 -40.000000
v -35.574024 -18.885818 -42.000000
v -35.574024 -18.885818 -40.000000
v -36.060661 -18.560659 -42.000000
v -36.060661 -18.560659 -40.000000
v -36.385818 -18.074024 -42.000000
v -36.385818 -18.074026 -40.000000
v -36.500000 -17.500000 -42.000000
v -36.500000 -17.500000 -40.000000
v -36.385818 -16.925974 -42.000000
v -36.385818 -16.925976 -40.000000
v -36.060661 -16.439341 -42.000000
v -36.060661 -16.439341 -40.000000
v -35.574024 -16.114182 -42.000000
v -35.574024 -16.114182 -40.000000
vn 0.1951 0.9808 -0.0000
vn 0.5556 0.8315 -0.0000
vn 0.8315 0.5556 -0.0000
vn 0.9808 0.1951 -0.0000
vn 0.9808 -0.1951 -0.0000
vn 0.8315 -0.5556 -0.0000
vn 0.5556 -0.8315 -0.0000
vn 0.1951 -0.9808 -0.0000
vn -0.1951 -0.9808 -0.0000
vn -0.5556 -0.8315 -0.0000
vn -0.8315 -0.5556 -0.0000
vn -0.9808 -0.1951 -0.0000
vn -0.9808 0.1951 -0.0000
vn -0.8315 0.5556 -0.0000
vn -0.0000 -0.0000 1.0000
vn -0.5556 0.8315 -0.0000
vn -0.1951 0.9808 -0.0000
vn -0.0000 -0.0000 -1.0000
vt 1.000000 0.500000
vt 1.000000 1.000000
vt 0.937500 1.000000
vt 0.937500 0.500000
vt 0.875000 1.000000
vt 0.875000 0.500000
vt 0.812500 1.000000
vt 0.812500 0.500000
vt 0.750000 1.000000
vt 0.750000 0.500000
vt 0.687500 1.000000
vt 0.687500 0.500000
vt 0.625000 1.000000
vt 0.625000 0.500000
vt 0.562500 1.000000
vt 0.562500 0.500000
vt 0.500000 1.000000
vt 0.500000 0.500000
vt 0.437500 1.000000
vt 0.437500 0.500000
vt 0.375000 1.000000
vt 0.375000 0.500000
vt 0.312500 1.000000
vt 0.312500 0.500000
vt 0.250000 1.000000
vt 0.250000 0.500000
vt 0.187500 1.000000
vt 0.187500 0.500000
vt 0.125000 1.000000
vt 0.125000 0.500000
vt 0.341844 0.471731
vt 0.250000 0.490000
vt 0.158156 0.471731
vt 0.080294 0.419706
vt 0.028269 0.341844
vt 0.010000 0.250000
vt 0.028269 0.158156
vt 0.080294 0.080294
vt 0.158156 0.028269
vt 0.250000 0.010000
vt 0.341844 0.028269
vt 0.419706 0.080294
vt 0.471731 0.158156
vt 0.490000 0.250000
vt 0.471731 0.341844
vt 0.419706 0.419706
vt 0.062500 1.000000
vt 0.062500 0.500000
vt 0.000000 1.000000
vt 0.000000 0.500000
vt 0.750000 0.490000
vt 0.841844 0.471731
vt 0.919706 0.419706
vt 0.971731 0.341844
vt 0.990000 0.250000
vt 0.971731 0.158156
vt 0.919706 0.080294
vt 0.841844 0.028269
vt 0.750000 0.010000
vt 0.658156 0.028269
vt 0.580294 0.080294
vt 0.528269 0.158156
vt 0.510000 0.250000
vt 0.528269 0.341844
vt 0.580294 0.419706
vt 0.658156 0.471731
s 0
usemtl LED_mat_0
f 209/405/137 210/406/137 212/407/137 211/408/137
f 211/408/138 212/407/138 214/409/138 213/410/138
f 213/410/139 214/409/139 216/411/139 215/412/139
f 215/412/140 216/411/140 218/413/140 217/414/140
f 217/414/141 218/413/141 220/415/141 219/416/141
f 219/416/142 220/415/142 222/417/142 221/418/142
f 221/418/143 222/417/143 224/419/143 223/420/143
f 223/420/144 224/419/144 226/421/144 225/422/144
f 225/422/145 226/421/145 228/423/145 227/424/145
f 227/424/146 228/423/146 230/425/146 229/426/146
f 229/426/147 230/425/147 232/427/147 231/428/147
f 231/428/148 232/427/148 234/429/148 233/430/148
f 233/430/149 234/429/149 236/431/149 235/432/149
f 235/432/150 236/431/150 238/433/150 237/434/150
f 212/435/151 210/436/151 240/437/151 238/438/151 236/439/151 234/440/151 232/441/151 230/442/151 228/443/151 226/444/151 224/445/151 222/446/151 220/447/151 218/448/151 216/449/151 214/450/151
f 237/434/152 238/433/152 240/451/152 239/452/152
f 239/452/153 240/451/153 210/453/153 209/454/153
f 209/455/154 211/456/154 213/457/154 215/458/154 217/459/154 219/460/154 221/461/154 223/462/154 225/463/154 227/464/154 229/465/154 231/466/154 233/467/154 235/468/154 237/469/154 239/470/154
o LED_1
v -28.000000 -16.000000 -42.000000
v -28.000000 -16.000000 -40.000000
v -27.425976 -16.114182 -42.000000
v -27.425976 -16.114182 -40.000000
v -26.939341 -16.439341 -42.000000
v -26.939341 -16.439341 -40.000000
v -26.614182 -16.925974 -42.000000
v -26.614182 -16.925976 -40.000000
v -26.500000 -17.500000 -42.000000
v -26.500000 -17.500000 -40.000000
v -26.614182 -18.074024 -42.000000
v -26.614182 -18.074026 -40.000000
v -26.939341 -18.560659 -42.000000
v -26.939341 -18.560659 -40.000000
v -27.425976 -18.885818 -42.000000
v -27.425976 -18.885818 -40.000000
v -28.000000 -19.000000 -42.000000
v -28.000000 -19.000000 -40.000000
v -28.574024 -18.885818 -42.000000
v -28.574024 -18.885818 -40.000000
v -29.060659 -18.560659 -42.000000
v -29.060659 -18.560659 -40.000000
v -29.385818 -18.074024 -42.000000
v -29.385818 -18.074026 -40.000000
v -29.500000 -17.500000 -42.000000
v -29.500000 -17.500000 -40.000000
v -29.385818 -16.925974 -42.000000
v -29.385818 -16.925976 -40.000000
v -29.060659 -16.439341 -42.000000
v -29.060659 -16.439341 -40.000000
v -28.574024 -16.114182 -42.000000
v -28.574024 -16.114182 -40.000000
vn 0.1951 0.9808 -0.0000
vn 0.5556 0.8315 -0.0000
vn 0.8315 0.5556 -0.0000
vn 0.9808 0.1951 -0.0000
vn 0.9808 -0.1951 -0.0000
vn 0.8315 -0.5556 -0.0000
vn 0.5556 -0.8315 -0.0000
vn 0.1951 -0.9808 -0.0000
vn -0.1951 -0.9808 -0.0000
vn -0.5556 -0.8315 -0.0000
vn -0.8315 -0.5556 -0.0000
vn -0.9808 -0.1951 -0.0000
vn -0.9808 0.1951 -0.0000
vn -0.8315 0.5556 -0.0000
vn -0.0000 -0.0000 1.0000
vn -0.5556 0.8315 -0.0000
vn -0.1951 0.9808 -0.0000
vn -0.0000 -0.0000 -1.0000
vt 1.000000 0.500000
vt 1.000000 1.000000
vt 0.937500 1.000000
vt 0.937500 0.500000
vt 0.875000 1.000000
vt 0.875000 0.500000
vt 0.812500 1.000000
vt 0.812500 0.500000
vt 0.750000 1.000000
vt 0.750000 0.500000
vt 0.687500 1.000000
vt 0.687500 0.500000
vt 0.625000 1.000000
vt 0.625000 0.500000
vt 0.562500 1.000000
vt 0.562500 0.500000
vt 0.500000 1.000000
vt 0.500000 0.500000
vt 0.437500 1.000000
vt 0.437500 0.500000
vt 0.375000 1.000000
vt 0.375000 0.500000
vt 0.312500 1.000000
vt 0.312500 0.500000
vt 0.250000 1.000000
vt 0.250000 0.500000
vt 0.187500 1.000000
vt 0.187500 0.500000
vt 0.125000 1.000000
vt 0.125000 0.500000
vt 0.341844 0.471731
vt 0.250000 0.490000
vt 0.158156 0.471731
vt 0.080294 0.419706
vt 0.028269 0.341844
vt 0.010000 0.250000
vt 0.028269 0.158156
vt 0.080294 0.080294
vt 0.158156 0.028269
vt 0.250000 0.010000
vt 0.341844 0.028269
vt 0.419706 0.080294
vt 0.471731 0.158156
vt 0.490000 0.250000
vt 0.471731 0.341844
vt 0.419706 0.419706
vt 0.062500 1.000000
vt 0.062500 0.500000
vt 0.000000 1.000000
vt 0.000000 0.500000
vt 0.750000 0.490000
vt 0.841844 0.471731
vt 0.919706 0.419706
vt 0.971731 0.341844
vt 0.990000 0.250000
vt 0.971731 0.158156
vt 0.919706 0.080294
vt 0.841844 0.028269
vt 0.750000 0.010000
vt 0.658156 0.028269
vt 0.580294 0.080294
vt 0.528269 0.158156
vt 0.510000 0.250000
vt 0.528269 0.341844
vt 0.580294 0.419706
vt 0.658156 0.471731
s 0
usemtl LED_mat_1
f 241/471/155 242/472/155 244/473/155 243/474/155
f 243/474/156 244/473/156 246/475/156 245/476/156
f 245/476/157 246/475/157 248/477/157 247/478/157
f 247/478/158 248/477/158 250/479/158 249/480/158
f 249/480/159 250/479/159 252/481/159 251/482/159
f 251/482/160 252/481/160 254/483/160 253/484/160
f 253/484/161 254/483/161 256/485/161 255/486/161
f 255/486/162 256/485/162 258/487/162 257/488/162
f 257/488/163 258/487/163 260/489/163 259/490/163
f 259/490/164 260/489/164 262/491/164 261/492/164
f 261/492/165 262/491/165 264/493/165 263/494/165
f 263/494/166 264/493/166 266/495/166 265/496/166
f 265/496/167 266/495/167 268/497/167 267/498/167
f 267/498/168 268/497/168 270/499/168 269/500/168
f 244/501/169 242/502/169 272/503/169 270/504/169 268/505/169 266/506/169 264/507/169 262/508/169 260/509/169 258/510/169 256/511/169 254/512/169 252/513/169 250/514/169 248/515/169 246/516/169
f 269/500/170 270/499/170 272/517/170 271/518/170
f 271/518/171 272/517/171 242/519/171 241/520/171
f 241/521/172 243/522/172 245/523/172 247/524/172 249/525/172 251/526/172 253/527/172 255/528/172 257/529/172 259/530/172 261/531/172 263/532/172 265/533/172 267/534/172 269/535/172 271/536/172
o LED_2
v -21.000000 -16.000000 -42.000000
v -21.000000 -16.000000 -40.000000
v -20.425976 -16.114182 -42.000000
v -20.425976 -16.114182 -40.000000
v -19.939341 -16.439341 -42.000000
v -19.939341 -16.439341 -40.000000
v -19.614182 -16.925974 -42.000000
v -19.614182 -16.925976 -40.000000
v -19.500000 -17.500000 -42.000000
v -19.500000 -17.500000 -40.000000
v -19.614182 -18.074024 -42.000000
v -19.614182 -18.074026 -40.000000
v -19.939341 -18.560659 -42.000000
v -19.939341 -18.560659 -40.000000
v -20.425976 -18.885818 -42.000000
v -20.425976 -18.885818 -40.000000
v -21.000000 -19.000000 -42.000000
v -21.000000 -19.000000 -40.000000
v -21.574024 -18.885818 -42.000000
v -21.574024 -18.885818 -40.000000
v -22.060659 -18.560659 -42.000000
v -22.060659 -18.560659 -40.000000
v -22.385818 -18.074024 -42.000000
v -22.385818 -18.074026 -40.000000
v -22.500000 -17.500000 -42.000000
v -22.500000 -17.500000 -40.000000
v -22.385818 -16.925974 -42.000000
v -22.385818 -16.925976 -40.000000
v -22.060659 -16.439341 -42.000000
v -22.060659 -16.439341 -40.000000
v -21.574024 -16.114182 -42.000000
v -21.574024 -16.114182 -40.000000
vn 0.1951 0.9808 -0.0000
vn 0.5556 0.8315 -0.0000
vn 0.8315 0.5556 -0.0000
vn 0.9808 0.1951 -0.0000
vn 0.9808 -0.1951 -0.0000
vn 0.8315 -0.5556 -0.0000
vn 0.5556 -0.8315 -0.0000
vn 0.1951 -0.9808 -0.0000
vn -0.1951 -0.9808 -0.0000
vn -0.5556 -0.8315 -0.0000
vn -0.8315 -0.5556 -0.0000
vn -0.9808 -0.1951 -0.0000
vn -0.9808 0.1951 -0.0000
vn -0.8315 0.5556 -0.0000
vn -0.0000 -0.0000 1.0000
vn -0.5556 0.8315 -0.0000
vn -0.1951 0.9808 -0.0000
vn -0.0000 -0.0000 -1.0000
vt 1.000000 0.500000
vt 1.000000 1.000000
vt 0.937500 1.000000
vt 0.937500 0.500000
vt 0.875000 1.000000
vt 0.875000 0.500000
vt 0.812500 1.000000
vt 0.812500 0.500000
vt 0.750000 1.000000
vt 0.750000 0.500000
vt 0.687500 1.000000
vt 0.687500 0.500000
vt 0.625000 1.000000
vt 0.625000 0.500000
vt 0.562500 1.000000
vt 0.562500 0.500000
vt 0.500000 1.000000
vt 0.500000 0.500000
vt 0.437500 1.000000
vt 0.437500 0.500000
vt 0.375000 1.000000
vt 0.375000 0.500000
vt 0.312500 1.000000
vt 0.312500 0.500000
vt 0.250000 1.000000
vt 0.250000 0.500000
vt 0.187500 1.000000
vt 0.187500 0.500000
vt 0.125000 1.000000
vt 0.125000 0.500000
vt 0.341844 0.471731
vt 0.250000 0.490000
vt 0.158156 0.471731
vt 0.080294 0.419706
vt 0.028269 0.341844
vt 0.010000 0.250000
vt 0.028269 0.158156
vt 0.080294 0.080294
vt 0.158156 0.028269
vt 0.250000 0.010000
vt 0.341844 0.028269
vt 0.419706 0.080294
vt 0.471731 0.158156
vt 0.490000 0.250000
vt 0.471731 0.341844
vt 0.419706 0.419706
vt 0.062500 1.000000
vt 0.062500 0.500000
vt 0.000000 1.000000
vt 0.000000 0.500000
vt 0.750000 0.490000
vt 0.841844 0.471731
vt 0.919706 0.419706
vt 0.971731 0.341844
vt 0.990000 0.250000
vt 0.971731 0.158156
vt 0.919706 0.080294
vt 0.841844 0.028269
vt 0.750000 0.010000
vt 0.658156 0.028269
vt 0.580294 0.080294
vt 0.528269 0.158156
vt 0.510000 0.250000
vt 0.528269 0.341844
vt 0.580294 0.419706
vt 0.658156 0.471731
s 0
usemtl LED_mat_2
f 273/537/173 274/538/173 276/539/173 275/540/173
f 275/540/174 276/539/174 278/541/174 277/542/174
f 277/542/175 278/541/175 280/543/175 279/544/175
f 279/544/176 280/543/176 282/545/176 281/546/176
f 281/546/177 282/545/177 284/547/177 283/548/177
f 283/548/178 284/547/178 286/549/178 285/550/178
f 285/550/179 286/549/179 288/551/179 287/552/179
f 287/552/180 288/551/180 290/553/180 289/554/180
f 289/554/181 290/553/181 292/555/181 291/556/181
f 291/556/182 292/555/182 294/557/182 293/558/182
f 293/558/183 294/557/183 296/559/183 295/560/183
f 295/560/184 296/559/184 298/561/184 297/562/184
f 297/562/185 298/561/185 300/563/185 299/564/185
f 299/564/186 300/563/186 302/565/186 301/566/186
f 276/567/187 274/568/187 304/569/187 302/570/187 300/571/187 298/572/187 296/573/187 294/574/187 292/575/187 290/576/187 288/577/187 286/578/187 284/579/187 282/580/187 280/581/187 278/582/187
f 301/566/188 302/565/188 304/583/188 303/584/188
f 303/584/189 304/583/189 274/585/189 273/586/189
f 273/587/190 275/588/190 277/589/190 279/590/190 281/591/190 283/592/190 285/593/190 287/594/190 289/595/190 291/596/190 293/597/190 295/598/190 297/599/190 299/600/190 301/601/190 303/602/190
o Heater_-51
v -58.000000 50.500000 25.000000
v -58.000000 53.500000 25.000000
v -58.000000 50.500000 -25.000000
v -58.000000 53.500000 -25.000000
v -44.000000 50.500000 25.000000
v -44.000000 53.500000 25.000000
v -44.000000 50.500000 -25.000000
v -44.000000 53.500000 -25.000000
vn -1.0000 -0.0000 -0.0000
vn -0.0000 -0.0000 -1.0000
vn 1.0000 -0.0000 -0.0000
vn -0.0000 -0.0000 1.0000
vn -0.0000 -1.0000 -0.0000
vn -0.0000 1.0000 -0.0000
vt 0.375000 0.000000
vt 0.625000 0.000000
vt 0.625000 0.250000
vt 0.375000 0.250000
vt 0.625000 0.500000
vt 0.375000 0.500000
vt 0.625000 0.750000
vt 0.375000 0.750000
vt 0.625000 1.000000
vt 0.375000 1.000000
vt 0.125000 0.500000
vt 0.125000 0.750000
vt 0.875000 0.500000
vt 0.875000 0.750000
s 0
usemtl Heater_mat_-51
f 305/603/191 306/604/191 308/605/191 307/606/191
f 307/606/192 308/605/192 312/607/192 311/608/192
f 311/608/193 312/607/193 310/609/193 309/610/193
f 309/610/194 310/609/194 306/611/194 305/612/194
f 307/613/195 311/608/195 309/610/195 305/614/195
f 312/607/196 308/615/196 306/616/196 310/609/196
o Heater_51
v 44.000000 50.500000 25.000000
v 44.000000 53.500000 25.000000
v 44.000000 50.500000 -25.000000
v 44.000000 53.500000 -25.000000
v 58.000000 50.500000 25.000000
v 58.000000 53.500000 25.000000
v 58.000000 50.500000 -25.000000
v 58.000000 53.500000 -25.000000
vn -1.0000 -0.0000 -0.0000
vn -0.0000 -0.0000 -1.0000
vn 1.0000 -0.0000 -0.0000
vn -0.0000 -0.0000 1.0000
vn -0.0000 -1.0000 -0.0000
vn -0.0000 1.0000 -0.0000
vt 0.375000 0.000000
vt 0.625000 0.000000
vt 0.625000 0.250000
vt 0.375000 0.250000
vt 0.625000 0.500000
vt 0.375000 0.500000
vt 0.625000 0.750000
vt 0.375000 0.750000
vt 0.625000 1.000000
vt 0.375000 1.000000
vt 0.125000 0.500000
vt 0.125000 0.750000
vt 0.875000 0.500000
vt 0.875000 0.750000
s 0
usemtl Heater_mat_51
f 313/617/197 314/618/197 316/619/197 315/620/197
f 315/620/198 316/619/198 320/621/198 319/622/198
f 319/622/199 320/621/199 318/623/199 317/624/199
f 317/624/200 318/623/200 314/625/200 313/626/200
f 315/627/201 319/622/201 317/624/201 313/628/201
f 320/621/202 316/629/202 314/630/202 318/623/202
o Base_Plate
v -56.000000 0.000000 56.000000
v -56.000000 4.000000 60.000000
v -60.000000 4.000000 56.000000
v -56.000000 0.304482 57.530735
v -56.000000 1.171573 58.828426
v -57.530735 0.304482 56.000000
v -57.569096 0.671956 57.569096
v -57.489483 1.374982 58.625019
v -58.309402 1.690599 58.309402
v -57.530735 4.000000 59.695518
v -58.828426 4.000000 58.828426
v -56.000000 2.469266 59.695518
v -57.569096 2.430905 59.328045
v -58.625019 2.510518 58.625019
v -59.695518 2.469266 56.000000
v -58.828426 1.171573 56.000000
v -59.695518 4.000000 57.530735
v -59.328045 2.430905 57.569096
v -58.625019 1.374982 57.489483
v -56.000000 4.000000 60.000000
v -56.000000 8.000000 56.000000
v -60.000000 4.000000 56.000000
v -56.000000 5.530734 59.695518
v -56.000000 6.828427 58.828426
v -57.530735 4.000000 59.695518
v -57.569096 5.569095 59.328045
v -57.489483 6.625018 58.625019
v -58.309402 6.309401 58.309402
v -57.530735 7.695518 56.000000
v -58.828426 6.828427 56.000000
v -56.000000 7.695518 57.530735
v -57.569096 7.328044 57.569096
v -58.625019 6.625018 57.489483
v -59.695518 4.000000 57.530735
v -58.828426 4.000000 58.828426
v -59.695518 5.530734 56.000000
v -59.328045 5.569095 57.569096
v -58.625019 5.489482 58.625019
v -56.000000 0.000000 -56.000000
v -60.000000 4.000000 -56.000000
v -56.000000 4.000000 -60.000000
v -57.530735 0.304482 -56.000000
v -58.828426 1.171573 -56.000000
v -56.000000 0.304482 -57.530735
v -57.569096 0.671956 -57.569096
v -58.625019 1.374982 -57.489483
v -58.309402 1.690599 -58.309402
v -59.695518 4.000000 -57.530735
v -58.828426 4.000000 -58.828426
v -59.695518 2.469266 -56.000000
v -59.328045 2.430905 -57.569096
v -58.625019 2.510518 -58.625019
v -56.000000 2.469266 -59.695518
v -56.000000 1.171573 -58.828426
v -57.530735 4.000000 -59.695518
v -57.569096 2.430905 -59.328045
v -57.489483 1.374982 -58.625019
v -56.000000 8.000000 -56.000000
v -56.000000 4.000000 -60.000000
v -60.000000 4.000000 -56.000000
v -56.000000 7.695518 -57.530735
v -56.000000 6.828427 -58.828426
v -57.530735 7.695518 -56.000000
v -57.569096 7.328044 -57.569096
v -57.489483 6.625018 -58.625019
v -58.309402 6.309402 -58.309402
v -57.530735 4.000000 -59.695518
v -58.828426 4.000000 -58.828426
v -56.000000 5.530734 -59.695518
v -57.569096 5.569095 -59.328045
v -58.625019 5.489482 -58.625019
v -59.695518 5.530734 -56.000000
v -58.828426 6.828427 -56.000000
v -59.695518 4.000000 -57.530735
v -59.328045 5.569095 -57.569096
v -58.625019 6.625018 -57.489483
v 56.000000 0.000000 56.000000
v 60.000000 4.000000 56.000000
v 56.000000 4.000000 60.000000
v 57.530735 0.304482 56.000000
v 58.828426 1.171573 56.000000
v 56.000000 0.304482 57.530735
v 57.569096 0.671956 57.569096
v 58.625019 1.374982 57.489483
v 58.309402 1.690599 58.309402
v 59.695518 4.000000 57.530735
v 58.828426 4.000000 58.828426
v 59.695518 2.469266 56.000000
v 59.328045 2.430905 57.569096
v 58.625019 2.510518 58.625019
v 56.000000 2.469266 59.695518
v 56.000000 1.171573 58.828426
v 57.530735 4.000000 59.695518
v 57.569096 2.430905 59.328045
v 57.489483 1.374982 58.625019
v 56.000000 8.000000 56.000000
v 56.000000 4.000000 60.000000
v 60.000000 4.000000 56.000000
v 56.000000 7.695518 57.530735
v 56.000000 6.828427 58.828426
v 57.530735 7.695518 56.000000
v 57.569096 7.328044 57.569096
v 57.489483 6.625018 58.625019
v 58.309402 6.309402 58.309402
v 57.530735 4.000000 59.695518
v 58.828426 4.000000 58.828426
v 56.000000 5.530734 59.695518
v 57.569096 5.569095 59.328045
v 58.625019 5.489482 58.625019
v 59.695518 5.530734 56.000000
v 58.828426 6.828427 56.000000
v 59.695518 4.000000 57.530735
v 59.328045 5.569095 57.569096
v 58.625019 6.625018 57.489483
v 56.000000 0.000000 -56.000000
v 56.000000 4.000000 -60.000000
v 60.000000 4.000000 -56.000000
v 56.000000 0.304482 -57.530735
v 56.000000 1.171573 -58.828426
v 57.530735 0.304482 -56.000000
v 57.569096 0.671956 -57.569096
v 57.489483 1.374982 -58.625019
v 58.309402 1.690599 -58.309402
v 57.530735 4.000000 -59.695518
v 58.828426 4.000000 -58.828426
v 56.000000 2.469266 -59.695518
v 57.569096 2.430905 -59.328045
v 58.625019 2.510518 -58.625019
v 59.695518 2.469266 -56.000000
v 58.828426 1.171573 -56.000000
v 59.695518 4.000000 -57.530735
v 59.328045 2.430905 -57.569096
v 58.625019 1.374982 -57.489483
v 56.000000 8.000000 -56.000000
v 60.000000 4.000000 -56.000000
v 56.000000 4.000000 -60.000000
v 57.530735 7.695518 -56.000000
v 58.828426 6.828427 -56.000000
v 56.000000 7.695518 -57.530735
v 57.569096 7.328044 -57.569096
v 58.625019 6.625018 -57.489483
v 58.309402 6.309402 -58.309402
v 59.695518 4.000000 -57.530735
v 58.828426 4.000000 -58.828426
v 59.695518 5.530734 -56.000000
v 59.328045 5.569095 -57.569096
v 58.625019 5.489482 -58.625019
v 56.000000 5.530734 -59.695518
v 56.000000 6.828427 -58.828426
v 57.530735 4.000000 -59.695518
v 57.569096 5.569095 -59.328045
v 57.489483 6.625018 -58.625019
v 45.000000 0.000000 -48.000000
v 45.057644 0.000000 -47.414730
v 45.057644 0.000000 -48.585270
v 45.505592 0.000000 -46.333290
v 45.505592 0.000000 -49.666710
v 45.228363 0.000000 -46.851952
v 45.228363 0.000000 -49.148048
v 46.333290 0.000000 -45.505592
v 46.333290 0.000000 -50.494408
v 47.414730 0.000000 -45.057644
v 47.414730 0.000000 -50.942356
v 46.851952 0.000000 -45.228363
v 46.851952 0.000000 -50.771637
v 45.878681 0.000000 -45.878681
v 45.878681 0.000000 -50.121319
v 48.585270 0.000000 -45.057644
v 48.585270 0.000000 -50.942356
v 49.666710 0.000000 -45.505592
v 49.666710 0.000000 -50.494408
v 49.148048 0.000000 -45.228363
v 49.148048 0.000000 -50.771637
v 50.494408 0.000000 -46.333290
v 50.494408 0.000000 -49.666710
v 51.000000 0.000000 -48.000000
v 50.942356 0.000000 -47.414730
v 50.942356 0.000000 -48.585270
v 50.771637 0.000000 -46.851952
v 50.771637 0.000000 -49.148048
v 50.121319 0.000000 -45.878681
v 50.121319 0.000000 -50.121319
v 48.000000 0.000000 -51.000000
v 48.000000 0.000000 -45.000000
v 45.000000 8.000000 -48.000000
v 45.057644 8.000000 -48.585270
v 45.057644 8.000000 -47.414730
v 45.505592 8.000000 -46.333290
v 45.505592 8.000000 -49.666710
v 45.878681 8.000000 -45.878681
v 45.228363 8.000000 -46.851952
v 45.228363 8.000000 -49.148048
v 46.333290 8.000000 -50.494408
v 47.414730 8.000000 -50.942356
v 46.851952 8.000000 -50.771637
v 48.585270 8.000000 -50.942356
v 50.121319 8.000000 -50.121319
v 49.666710 8.000000 -50.494408
v 49.148048 8.000000 -50.771637
v 48.000000 8.000000 -51.000000
v 45.878681 8.000000 -50.121319
v 47.414730 8.000000 -45.057644
v 46.851952 8.000000 -45.228363
v 46.333290 8.000000 -45.505592
v 48.585270 8.000000 -45.057644
v 49.666710 8.000000 -45.505592
v 49.148048 8.000000 -45.228363
v 48.000000 8.000000 -45.000000
v 50.494408 8.000000 -46.333290
v 50.494408 8.000000 -49.666710
v 51.000000 8.000000 -48.000000
v 50.942356 8.000000 -47.414730
v 50.942356 8.000000 -48.585270
v 50.771637 8.000000 -46.851952
v 50.771637 8.000000 -49.148048
v 50.121319 8.000000 -45.878681
v -51.000000 0.000000 -48.000000
v -50.942356 0.000000 -47.414730
v -50.942356 0.000000 -48.585270
v -50.494408 0.000000 -46.333290
v -50.494408 0.000000 -49.666710
v -50.121319 0.000000 -45.878681
v -50.771637 0.000000 -46.851952
v -50.771637 0.000000 -49.148048
v -49.666710 0.000000 -45.505592
v -48.585270 0.000000 -45.057644
v -49.148048 0.000000 -45.228363
v -47.414730 0.000000 -45.057644
v -45.878681 0.000000 -45.878681
v -46.333290 0.000000 -45.505592
v -46.851952 0.000000 -45.228363
v -48.000000 0.000000 -45.000000
v -50.121319 0.000000 -50.121319
v -49.666710 0.000000 -50.494408
v -48.585270 0.000000 -50.942356
v -49.148048 0.000000 -50.771637
v -47.414730 0.000000 -50.942356
v -46.333290 0.000000 -50.494408
v -46.851952 0.000000 -50.771637
v -48.000000 0.000000 -51.000000
v -45.505592 0.000000 -46.333290
v -45.505592 0.000000 -49.666710
v -45.000000 0.000000 -48.000000
v -45.057644 0.000000 -47.414730
v -45.057644 0.000000 -48.585270
v -45.228363 0.000000 -46.851952
v -45.228363 0.000000 -49.148048
v -45.878681 0.000000 -50.121319
v -51.000000 8.000000 -48.000000
v -50.942356 8.000000 -48.585270
v -50.942356 8.000000 -47.414730
v -50.494408 8.000000 -46.333290
v -50.494408 8.000000 -49.666710
v -50.121319 8.000000 -45.878681
v -50.771637 8.000000 -46.851952
v -50.771637 8.000000 -49.148048
v -49.666710 8.000000 -45.505592
v -48.585270 8.000000 -45.057644
v -49.148048 8.000000 -45.228363
v -47.414730 8.000000 -45.057644
v -46.333290 8.000000 -45.505592
v -46.851952 8.000000 -45.228363
v -48.000000 8.000000 -45.000000
v -45.878681 8.000000 -45.878681
v -50.121319 8.000000 -50.121319
v -49.666710 8.000000 -50.494408
v -48.585270 8.000000 -50.942356
v -49.148048 8.000000 -50.771637
v -47.414730 8.000000 -50.942356
v -46.333290 8.000000 -50.494408
v -46.851952 8.000000 -50.771637
v -48.000000 8.000000 -51.000000
v -45.505592 8.000000 -46.333290
v -45.505592 8.000000 -49.666710
v -45.000000 8.000000 -48.000000
v -45.057644 8.000000 -47.414730
v -45.057644 8.000000 -48.585270
v -45.228363 8.000000 -46.851952
v -45.228363 8.000000 -49.148048
v -45.878681 8.000000 -50.121319
v 45.000000 0.000000 48.000000
v 45.057644 0.000000 48.585270
v 45.057644 0.000000 47.414730
v 45.505592 0.000000 49.666710
v 45.505592 0.000000 46.333290
v 45.228363 0.000000 49.148048
v 45.228363 0.000000 46.851952
v 46.333290 0.000000 50.494408
v 46.333290 0.000000 45.505592
v 47.414730 0.000000 50.942356
v 47.414730 0.000000 45.057644
v 46.851952 0.000000 50.771637
v 46.851952 0.000000 45.228363
v 45.878681 0.000000 50.121319
v 45.878681 0.000000 45.878681
v 48.000000 0.000000 45.000000
v 48.585270 0.000000 50.942356
v 48.585270 0.000000 45.057644
v 49.666710 0.000000 50.494408
v 49.666710 0.000000 45.505592
v 49.148048 0.000000 50.771637
v 49.148048 0.000000 45.228363
v 50.494408 0.000000 49.666710
v 50.494408 0.000000 46.333290
v 51.000000 0.000000 48.000000
v 50.942356 0.000000 47.414730
v 50.942356 0.000000 48.585270
v 50.771637 0.000000 46.851952
v 50.771637 0.000000 49.148048
v 50.121319 0.000000 50.121319
v 50.121319 0.000000 45.878681
v 48.000000 0.000000 51.000000
v 45.000000 8.000000 48.000000
v 45.057644 8.000000 48.585270
v 45.057644 8.000000 47.414730
v 45.505592 8.000000 49.666710
v 45.505592 8.000000 46.333290
v 45.228363 8.000000 49.148048
v 45.228363 8.000000 46.851952
v 46.333290 8.000000 50.494408
v 46.333290 8.000000 45.505592
v 47.414730 8.000000 50.942356
v 47.414730 8.000000 45.057644
v 46.851952 8.000000 50.771637
v 46.851952 8.000000 45.228363
v 45.878681 8.000000 50.121319
v 45.878681 8.000000 45.878681
v 48.000000 8.000000 45.000000
v 48.585270 8.000000 50.942356
v 48.585270 8.000000 45.057644
v 49.666710 8.000000 50.494408
v 49.666710 8.000000 45.505592
v 49.148048 8.000000 50.771637
v 49.148048 8.000000 45.228363
v 50.494408 8.000000 49.666710
v 50.494408 8.000000 46.333290
v 51.000000 8.000000 48.000000
v 50.942356 8.000000 47.414730
v 50.942356 8.000000 48.585270
v 50.771637 8.000000 46.851952
v 50.771637 8.000000 49.148048
v 50.121319 8.000000 50.121319
v 50.121319 8.000000 45.878681
v 48.000000 8.000000 51.000000
v -51.000000 0.000000 48.000000
v -50.942356 0.000000 48.585270
v -50.942356 0.000000 47.414730
v -50.494408 0.000000 49.666710
v -50.494408 0.000000 46.333290
v -50.771637 0.000000 49.148048
v -50.771637 0.000000 46.851952
v -49.666710 0.000000 50.494408
v -49.666710 0.000000 45.505592
v -48.585270 0.000000 50.942356
v -48.585270 0.000000 45.057644
v -49.148048 0.000000 50.771637
v -49.148048 0.000000 45.228363
v -48.000000 0.000000 51.000000
v -50.121319 0.000000 50.121319
v -50.121319 0.000000 45.878681
v -47.414730 0.000000 50.942356
v -47.414730 0.000000 45.057644
v -46.333290 0.000000 50.494408
v -46.333290 0.000000 45.505592
v -46.851952 0.000000 50.771637
v -46.851952 0.000000 45.228363
v -45.505592 0.000000 49.666710
v -45.505592 0.000000 46.333290
v -45.000000 0.000000 48.000000
v -45.057644 0.000000 48.585270
v -45.057644 0.000000 47.414730
v -45.228363 0.000000 49.148048
v -45.228363 0.000000 46.851952
v -45.878681 0.000000 50.121319
v -45.878681 0.000000 45.878681
v -48.000000 0.000000 45.000000
v -51.000000 8.000000 48.000000
v -50.942356 8.000000 48.585270
v -50.942356 8.000000 47.414730
v -50.494408 8.000000 49.666710
v -50.494408 8.000000 46.333290
v -50.771637 8.000000 49.148048
v -50.771637 8.000000 46.851952
v -49.666710 8.000000 50.494408
v -49.666710 8.000000 45.505592
v -48.585270 8.000000 50.942356
v -48.585270 8.000000 45.057644
v -49.148048 8.000000 50.771637
v -49.148048 8.000000 45.228363
v -48.000000 8.000000 51.000000
v -50.121319 8.000000 50.121319
v -50.121319 8.000000 45.878681
v -47.414730 8.000000 50.942356
v -47.414730 8.000000 45.057644
v -46.333290 8.000000 50.494408
v -46.333290 8.000000 45.505592
v -46.851952 8.000000 50.771637
v -46.851952 8.000000 45.228363
v -45.505592 8.000000 49.666710
v -45.505592 8.000000 46.333290
v -45.000000 8.000000 48.000000
v -45.057644 8.000000 48.585270
v -45.057644 8.000000 47.414730
v -45.228363 8.000000 49.148048
v -45.228363 8.000000 46.851952
v -45.878681 8.000000 50.121319
v -45.878681 8.000000 45.878681
v -48.000000 8.000000 45.000000
v -10.000000 0.000000 0.000000
v -9.807853 0.000000 1.950903
v -9.807853 0.000000 -1.950903
v -8.314696 0.000000 5.555702
v -8.314696 0.000000 -5.555702
v -7.071068 0.000000 7.071068
v -9.238795 0.000000 3.826835
v -9.238795 0.000000 -3.826835
v -7.071068 0.000000 -7.071068
v -5.555702 0.000000 8.314696
v -1.950903 0.000000 9.807853
v -3.826835 0.000000 9.238795
v 3.826835 0.000000 9.238795
v 1.950903 0.000000 9.807853
v 7.071068 0.000000 7.071068
v 5.555702 0.000000 8.314696
v 0.000000 0.000000 10.000000
v -5.555702 0.000000 -8.314696
v -1.950903 0.000000 -9.807853
v -3.826835 0.000000 -9.238795
v 1.950903 0.000000 -9.807853
v 5.555702 0.000000 -8.314696
v 3.826835 0.000000 -9.238795
v 0.000000 0.000000 -10.000000
v 8.314696 0.000000 5.555702
v 8.314696 0.000000 -5.555702
v 10.000000 0.000000 0.000000
v 9.807853 0.000000 1.950903
v 9.807853 0.000000 -1.950903
v 9.238795 0.000000 3.826835
v 9.238795 0.000000 -3.826835
v 7.071068 0.000000 -7.071068
v -10.000000 8.000000 0.000000
v -9.238795 8.000000 3.826835
v -9.807853 8.000000 1.950903
v -9.807853 8.000000 -1.950903
v -7.071068 8.000000 7.071068
v -8.314696 8.000000 5.555702
v -8.314696 8.000000 -5.555702
v -9.238795 8.000000 -3.826835
v -7.071068 8.000000 -7.071068
v 0.000000 8.000000 10.000000
v -1.950903 8.000000 9.807853
v -3.826835 8.000000 9.238795
v 3.826835 8.000000 9.238795
v 7.071068 8.000000 7.071068
v 1.950903 8.000000 9.807853
v 5.555702 8.000000 8.314696
v -5.555702 8.000000 8.314696
v -5.555702 8.000000 -8.314696
v -1.950903 8.000000 -9.807853
v -3.826835 8.000000 -9.238795
v 1.950903 8.000000 -9.807853
v 5.555702 8.000000 -8.314696
v 3.826835 8.000000 -9.238795
v 0.000000 8.000000 -10.000000
v 8.314696 8.000000 5.555702
v 8.314696 8.000000 -5.555702
v 10.000000 8.000000 0.000000
v 9.807853 8.000000 1.950903
v 9.807853 8.000000 -1.950903
v 9.238795 8.000000 3.826835
v 9.238795 8.000000 -3.826835
v 7.071068 8.000000 -7.071068
vn -0.2049 -0.9571 0.2049
vn -0.1818 -0.8152 0.5500
vn -0.5500 -0.8152 0.1818
vn -0.4931 -0.7167 0.4931
vn -0.2049 -0.2049 0.9571
vn -0.5500 -0.1818 0.8152
vn -0.1818 -0.5500 0.8152
vn -0.4931 -0.4931 0.7167
vn -0.9571 -0.2049 0.2049
vn -0.8152 -0.5500 0.1818
vn -0.8152 -0.1818 0.5500
vn -0.7167 -0.4931 0.4931
vn -0.2049 0.2049 0.9571
vn -0.1818 0.5500 0.8152
vn -0.5500 0.1818 0.8152
vn -0.4931 0.4931 0.7167
vn -0.2049 0.9571 0.2049
vn -0.5500 0.8152 0.1818
vn -0.1818 0.8152 0.5500
vn -0.4931 0.7167 0.4931
vn -0.9571 0.2049 0.2049
vn -0.8152 0.1818 0.5500
vn -0.8152 0.5500 0.1818
vn -0.7167 0.4931 0.4931
vn -0.2049 -0.9571 -0.2049
vn -0.5500 -0.8152 -0.1818
vn -0.1818 -0.8152 -0.5500
vn -0.4931 -0.7167 -0.4931
vn -0.9571 -0.2049 -0.2049
vn -0.8152 -0.1818 -0.5500
vn -0.8152 -0.5500 -0.1818
vn -0.7167 -0.4931 -0.4931
vn -0.2049 -0.2049 -0.9571
vn -0.1818 -0.5499 -0.8152
vn -0.5500 -0.1818 -0.8152
vn -0.4931 -0.4931 -0.7167
vn -0.2049 0.9571 -0.2049
vn -0.1818 0.8152 -0.5500
vn -0.5500 0.8152 -0.1818
vn -0.4931 0.7167 -0.4931
vn -0.2049 0.2049 -0.9571
vn -0.5500 0.1818 -0.8152
vn -0.1818 0.5500 -0.8152
vn -0.4931 0.4931 -0.7167
vn -0.9571 0.2049 -0.2049
vn -0.8152 0.5500 -0.1818
vn -0.8152 0.1818 -0.5500
vn -0.7167 0.4931 -0.4931
vn 0.2049 -0.9571 0.2049
vn 0.5500 -0.8152 0.1818
vn 0.1818 -0.8152 0.5500
vn 0.4931 -0.7167 0.4931
vn 0.9571 -0.2049 0.2049
vn 0.8152 -0.1818 0.5500
vn 0.8152 -0.5500 0.1818
vn 0.7167 -0.4931 0.4931
vn 0.2049 -0.2049 0.9571
vn 0.1818 -0.5499 0.8152
vn 0.5500 -0.1818 0.8152
vn 0.4931 -0.4931 0.7167
vn 0.2049 0.9571 0.2049
vn 0.1818 0.8152 0.5500
vn 0.5500 0.8152 0.1818
vn 0.4931 0.7167 0.4931
vn 0.2049 0.2049 0.9571
vn 0.5500 0.1818 0.8152
vn 0.1818 0.5500 0.8152
vn 0.4931 0.4931 0.7167
vn 0.9571 0.2049 0.2049
vn 0.8152 0.5500 0.1818
vn 0.8152 0.1818 0.5500
vn 0.7167 0.4931 0.4931
vn 0.2049 -0.9571 -0.2049
vn 0.1818 -0.8152 -0.5500
vn 0.5500 -0.8152 -0.1818
vn 0.4931 -0.7167 -0.4931
vn 0.2049 -0.2049 -0.9571
vn 0.5500 -0.1818 -0.8152
vn 0.1818 -0.5500 -0.8152
vn 0.4931 -0.4931 -0.7167
vn 0.9571 -0.2049 -0.2049
vn 0.8152 -0.5500 -0.1818
vn 0.8152 -0.1818 -0.5500
vn 0.7167 -0.4931 -0.4931
vn 0.2049 0.9571 -0.2049
vn 0.5500 0.8152 -0.1818
vn 0.1818 0.8152 -0.5500
vn 0.4931 0.7167 -0.4931
vn 0.9571 0.2049 -0.2049
vn 0.8152 0.1818 -0.5500
vn 0.8152 0.5500 -0.1818
vn 0.7167 0.4931 -0.4931
vn 0.2049 0.2049 -0.9571
vn 0.1818 0.5500 -0.8152
vn 0.5500 0.1818 -0.8152
vn 0.4931 0.4931 -0.7167
vn -0.1951 -0.9808 -0.0000
vn -0.5556 -0.8315 -0.0000
vn -0.8315 -0.5556 -0.0000
vn -0.9808 -0.1951 -0.0000
vn -0.3105 -0.0000 0.9506
vn -0.6104 -0.0000 0.7921
vn -0.9175 -0.0000 0.3978
vn -0.9886 -0.0000 0.1505
vn -0.1951 0.9808 -0.0000
vn -0.5556 0.8315 -0.0000
vn -0.8315 0.5556 -0.0000
vn -0.9808 0.1951 -0.0000
vn -0.3105 -0.0000 -0.9506
vn -0.6104 -0.0000 -0.7921
vn -0.9175 -0.0000 -0.3978
vn -0.9886 -0.0000 -0.1505
vn -0.0000 -0.9808 -0.1951
vn -0.0000 -0.8315 -0.5556
vn -0.0000 -0.5556 -0.8315
vn -0.0000 -0.1951 -0.9808
vn -0.0000 0.9808 -0.1951
vn -0.0000 0.8315 -0.5556
vn -0.0000 0.5556 -0.8315
vn -0.0000 0.1951 -0.9808
vn 0.9886 -0.0000 -0.1505
vn 0.9175 -0.0000 -0.3978
vn 0.6104 -0.0000 -0.7921
vn 0.3105 -0.0000 -0.9506
vn 0.1951 -0.9808 -0.0000
vn 0.5556 -0.8315 -0.0000
vn 0.8315 -0.5556 -0.0000
vn 0.9808 -0.1951 -0.0000
vn 0.1951 0.9808 -0.0000
vn 0.5556 0.8315 -0.0000
vn 0.8315 0.5556 -0.0000
vn 0.9808 0.1951 -0.0000
vn 0.3105 -0.0000 0.9506
vn 0.6104 -0.0000 0.7921
vn 0.9175 -0.0000 0.3978
vn 0.9886 -0.0000 0.1505
vn -0.0000 -0.9808 0.1951
vn -0.0000 -0.8315 0.5556
vn -0.0000 -0.5556 0.8315
vn -0.0000 -0.1951 0.9808
vn -0.0000 0.9808 0.1951
vn -0.0000 0.8315 0.5556
vn -0.0000 0.5556 0.8315
vn -0.0000 0.1951 0.9808
vn -0.0000 -1.0000 -0.0000
vn -1.0000 -0.0000 -0.0000
vn -0.0000 -0.0000 1.0000
vn -0.0000 1.0000 -0.0000
vn -0.0000 -0.0000 -1.0000
vn 1.0000 -0.0000 -0.0000
vn -0.0980 -0.0000 0.9952
vn -0.2903 -0.0000 0.9569
vn -0.4714 -0.0000 0.8819
vn -0.6344 -0.0000 0.7730
vn -0.7730 -0.0000 0.6344
vn -0.8819 -0.0000 0.4714
vn -0.9569 -0.0000 0.2903
vn -0.9952 -0.0000 0.0980
vn -0.9952 -0.0000 -0.0980
vn -0.9569 -0.0000 -0.2903
vn -0.8819 -0.0000 -0.4714
vn -0.7730 -0.0000 -0.6344
vn -0.6344 -0.0000 -0.7730
vn -0.4714 -0.0000 -0.8819
vn -0.2903 -0.0000 -0.9569
vn -0.0980 -0.0000 -0.9952
vn 0.0980 -0.0000 -0.9952
vn 0.2903 -0.0000 -0.9569
vn 0.4714 -0.0000 -0.8819
vn 0.6344 -0.0000 -0.7730
vn 0.7730 -0.0000 -0.6344
vn 0.8819 -0.0000 -0.4714
vn 0.9569 -0.0000 -0.2903
vn 0.9952 -0.0000 -0.0980
vn 0.9952 -0.0000 0.0980
vn 0.9569 -0.0000 0.2903
vn 0.8819 -0.0000 0.4714
vn 0.7730 -0.0000 0.6344
vn 0.6344 -0.0000 0.7730
vn 0.4714 -0.0000 0.8819
vn 0.2903 -0.0000 0.9569
vn 0.0980 -0.0000 0.9952
vt 0.133333 0.741667
vt 0.133333 0.744856
vt 0.130064 0.744936
vt 0.130144 0.741667
vt 0.133333 0.750000
vt 0.130230 0.750000
vt 0.125000 0.744770
vt 0.125000 0.741667
vt 0.128522 0.750000
vt 0.500000 0.991667
vt 0.500000 0.994856
vt 0.450966 0.994936
vt 0.452165 0.991667
vt 0.500000 1.000000
vt 0.453454 1.000000
vt 0.375000 0.994770
vt 0.375000 0.991667
vt 0.427831 1.000000
vt 0.500000 0.008333
vt 0.452165 0.008333
vt 0.450966 0.005064
vt 0.500000 0.005144
vt 0.375000 0.008333
vt 0.375000 0.005230
vt 0.453454 0.000000
vt 0.500000 0.000000
vt 0.375000 0.003522
vt 0.500000 0.991667
vt 0.547835 0.991667
vt 0.549034 0.994936
vt 0.500000 0.994856
vt 0.625000 0.991667
vt 0.625000 0.994770
vt 0.546546 1.000000
vt 0.625000 0.996478
vt 0.866667 0.741667
vt 0.869856 0.741667
vt 0.869936 0.744936
vt 0.866667 0.744856
vt 0.875000 0.741667
vt 0.875000 0.744770
vt 0.869770 0.750000
vt 0.866667 0.750000
vt 0.875000 0.746478
vt 0.500000 0.008333
vt 0.549034 0.005064
vt 0.547835 0.008333
vt 0.500000 0.000000
vt 0.546546 0.000000
vt 0.625000 0.005230
vt 0.625000 0.008333
vt 0.572169 0.000000
vt 0.133333 0.508333
vt 0.130144 0.508333
vt 0.130064 0.505064
vt 0.133333 0.505144
vt 0.125000 0.508333
vt 0.125000 0.505230
vt 0.130230 0.500000
vt 0.133333 0.500000
vt 0.125000 0.503522
vt 0.500000 0.241667
vt 0.500000 0.244856
vt 0.450966 0.244936
vt 0.452165 0.241667
vt 0.500000 0.250000
vt 0.453454 0.250000
vt 0.375000 0.244770
vt 0.375000 0.241667
vt 0.401416 0.251761
vt 0.500000 0.258333
vt 0.452165 0.258333
vt 0.450966 0.255064
vt 0.500000 0.255144
vt 0.375000 0.258333
vt 0.375000 0.255230
vt 0.866667 0.508333
vt 0.866667 0.505144
vt 0.869936 0.505064
vt 0.869856 0.508333
vt 0.866667 0.500000
vt 0.869770 0.500000
vt 0.875000 0.505230
vt 0.875000 0.508333
vt 0.871478 0.500000
vt 0.500000 0.258333
vt 0.549034 0.255064
vt 0.547835 0.258333
vt 0.546546 0.250000
vt 0.625000 0.255230
vt 0.625000 0.258333
vt 0.598584 0.248239
vt 0.500000 0.241667
vt 0.547835 0.241667
vt 0.549034 0.244936
vt 0.500000 0.244856
vt 0.625000 0.241667
vt 0.625000 0.244770
vt 0.366667 0.741667
vt 0.369856 0.741667
vt 0.369936 0.744936
vt 0.366667 0.744856
vt 0.375000 0.741667
vt 0.375000 0.744770
vt 0.372385 0.752615
vt 0.370833 0.754167
vt 0.392610 0.750000
vt 0.500000 0.741667
vt 0.500000 0.744856
vt 0.450966 0.744936
vt 0.452165 0.741667
vt 0.500000 0.750000
vt 0.453454 0.750000
vt 0.500000 0.758333
vt 0.452165 0.758333
vt 0.450966 0.755064
vt 0.500000 0.755144
vt 0.633333 0.741667
vt 0.633333 0.744856
vt 0.630064 0.744936
vt 0.630144 0.741667
vt 0.629167 0.754167
vt 0.627615 0.752615
vt 0.625000 0.744770
vt 0.625000 0.741667
vt 0.608564 0.748826
vt 0.500000 0.758333
vt 0.549034 0.755064
vt 0.547835 0.758333
vt 0.546546 0.750000
vt 0.500000 0.741667
vt 0.547835 0.741667
vt 0.549034 0.744936
vt 0.500000 0.744856
vt 0.366667 0.508333
vt 0.366667 0.505144
vt 0.369936 0.505064
vt 0.369856 0.508333
vt 0.370833 0.495833
vt 0.372385 0.497385
vt 0.375000 0.505230
vt 0.375000 0.508333
vt 0.391436 0.501174
vt 0.500000 0.491667
vt 0.500000 0.494856
vt 0.450966 0.494936
vt 0.452165 0.491667
vt 0.500000 0.500000
vt 0.453454 0.500000
vt 0.500000 0.508333
vt 0.452165 0.508333
vt 0.450966 0.505064
vt 0.500000 0.505144
vt 0.633333 0.508333
vt 0.630144 0.508333
vt 0.630064 0.505064
vt 0.633333 0.505144
vt 0.625000 0.508333
vt 0.625000 0.505230
vt 0.627615 0.497385
vt 0.629167 0.495833
vt 0.607390 0.500000
vt 0.500000 0.508333
vt 0.549034 0.505064
vt 0.547835 0.508333
vt 0.546546 0.500000
vt 0.500000 0.491667
vt 0.547835 0.491667
vt 0.549034 0.494936
vt 0.500000 0.494856
vt 0.355197 0.521528
vt 0.354419 0.520581
vt 0.350000 0.531250
vt 0.351219 0.531130
vt 0.352392 0.530774
vt 0.353472 0.530197
vt 0.354419 0.529419
vt 0.355197 0.528472
vt 0.355774 0.527392
vt 0.356130 0.526219
vt 0.356250 0.525000
vt 0.356130 0.523781
vt 0.355774 0.522608
vt 0.146528 0.519803
vt 0.145581 0.520581
vt 0.353472 0.519803
vt 0.352392 0.519226
vt 0.351219 0.518870
vt 0.350000 0.518750
vt 0.348781 0.518870
vt 0.347608 0.519226
vt 0.346528 0.519803
vt 0.345581 0.520581
vt 0.344803 0.521528
vt 0.344226 0.522608
vt 0.343870 0.523781
vt 0.343750 0.525000
vt 0.343870 0.526219
vt 0.344226 0.527392
vt 0.344803 0.528472
vt 0.345581 0.529419
vt 0.346528 0.530197
vt 0.347608 0.530774
vt 0.348781 0.531130
vt 0.156250 0.525000
vt 0.156130 0.523781
vt 0.155774 0.522608
vt 0.155197 0.521528
vt 0.154419 0.520581
vt 0.153472 0.519803
vt 0.152392 0.519226
vt 0.151219 0.518870
vt 0.150000 0.518750
vt 0.148781 0.518870
vt 0.147608 0.519226
vt 0.351219 0.718870
vt 0.350000 0.718750
vt 0.354419 0.729419
vt 0.355197 0.728472
vt 0.355774 0.727392
vt 0.356130 0.726219
vt 0.356250 0.725000
vt 0.356130 0.723781
vt 0.355774 0.722608
vt 0.355197 0.721528
vt 0.354419 0.720580
vt 0.353472 0.719803
vt 0.352392 0.719226
vt 0.353472 0.730197
vt 0.145581 0.729419
vt 0.146528 0.730196
vt 0.147608 0.730774
vt 0.148781 0.731130
vt 0.150000 0.731250
vt 0.151219 0.731130
vt 0.152392 0.730774
vt 0.153472 0.730197
vt 0.154419 0.729419
vt 0.155197 0.728472
vt 0.155774 0.727392
vt 0.156130 0.726219
vt 0.156250 0.725000
vt 0.348781 0.718870
vt 0.347608 0.719226
vt 0.346528 0.719803
vt 0.345581 0.720581
vt 0.344803 0.721527
vt 0.344226 0.722608
vt 0.343870 0.723781
vt 0.343750 0.725000
vt 0.343870 0.726219
vt 0.344226 0.727392
vt 0.344803 0.728472
vt 0.345581 0.729419
vt 0.346528 0.730197
vt 0.347608 0.730774
vt 0.348781 0.731130
vt 0.350000 0.731250
vt 0.351219 0.731130
vt 0.352392 0.730774
vt 0.144803 0.728472
vt 0.144803 0.521528
vt 0.144226 0.522608
vt 0.143870 0.523781
vt 0.143750 0.525000
vt 0.143870 0.526219
vt 0.144226 0.527392
vt 0.144803 0.528472
vt 0.145581 0.529419
vt 0.146528 0.530197
vt 0.147608 0.530774
vt 0.148781 0.531130
vt 0.150000 0.531250
vt 0.151219 0.531130
vt 0.152392 0.530774
vt 0.153472 0.530197
vt 0.154419 0.529419
vt 0.155197 0.528472
vt 0.155774 0.527392
vt 0.156130 0.526219
vt 0.235269 0.610268
vt 0.232678 0.613425
vt 0.230753 0.617027
vt 0.229567 0.620936
vt 0.229167 0.625000
vt 0.229567 0.629064
vt 0.230752 0.632972
vt 0.232678 0.636574
vt 0.235269 0.639731
vt 0.238426 0.642322
vt 0.242027 0.644247
vt 0.245936 0.645433
vt 0.250000 0.645833
vt 0.254064 0.645433
vt 0.257972 0.644247
vt 0.261574 0.642322
vt 0.264731 0.639732
vt 0.156130 0.723781
vt 0.155774 0.722608
vt 0.155197 0.721528
vt 0.154419 0.720581
vt 0.153472 0.719803
vt 0.152392 0.719226
vt 0.151219 0.718870
vt 0.150000 0.718750
vt 0.148781 0.718870
vt 0.147608 0.719226
vt 0.146528 0.719803
vt 0.145581 0.720580
vt 0.144803 0.721528
vt 0.144226 0.722608
vt 0.143870 0.723781
vt 0.143750 0.725000
vt 0.143870 0.726219
vt 0.144226 0.727392
vt 0.267322 0.636575
vt 0.269247 0.632972
vt 0.270433 0.629064
vt 0.270834 0.625000
vt 0.270433 0.620935
vt 0.269248 0.617027
vt 0.267322 0.613426
vt 0.264731 0.610269
vt 0.261574 0.607678
vt 0.257973 0.605753
vt 0.254064 0.604567
vt 0.250000 0.604167
vt 0.245936 0.604567
vt 0.242027 0.605752
vt 0.238426 0.607678
vt 0.646528 0.519803
vt 0.645581 0.520581
vt 0.854420 0.520581
vt 0.853472 0.519803
vt 0.852392 0.519226
vt 0.851219 0.518870
vt 0.850000 0.518750
vt 0.848781 0.518870
vt 0.847608 0.519226
vt 0.846528 0.519803
vt 0.845580 0.520581
vt 0.844804 0.521528
vt 0.844226 0.522608
vt 0.843870 0.523780
vt 0.843750 0.525000
vt 0.652392 0.530774
vt 0.653472 0.530197
vt 0.654419 0.529419
vt 0.655197 0.528472
vt 0.655774 0.527392
vt 0.656130 0.526219
vt 0.656250 0.525000
vt 0.656130 0.523781
vt 0.655774 0.522608
vt 0.655197 0.521528
vt 0.654419 0.520581
vt 0.653472 0.519803
vt 0.652392 0.519226
vt 0.651219 0.518870
vt 0.650000 0.518750
vt 0.648781 0.518870
vt 0.647608 0.519226
vt 0.644804 0.728472
vt 0.645580 0.729419
vt 0.650000 0.531250
vt 0.650000 0.718750
vt 0.648781 0.718870
vt 0.647608 0.719226
vt 0.646528 0.719803
vt 0.645581 0.720581
vt 0.644803 0.721528
vt 0.644226 0.722608
vt 0.643870 0.723780
vt 0.643750 0.725000
vt 0.643870 0.726219
vt 0.644226 0.727392
vt 0.855197 0.521528
vt 0.854419 0.729419
vt 0.855197 0.728472
vt 0.855774 0.727392
vt 0.856130 0.726219
vt 0.856250 0.725000
vt 0.856130 0.723781
vt 0.855774 0.722608
vt 0.855197 0.721528
vt 0.854420 0.720581
vt 0.853472 0.719803
vt 0.852392 0.719226
vt 0.851219 0.718870
vt 0.850000 0.718750
vt 0.848781 0.718870
vt 0.847608 0.719226
vt 0.846528 0.719803
vt 0.845581 0.720581
vt 0.844803 0.721528
vt 0.844226 0.722608
vt 0.843870 0.723781
vt 0.764732 0.639731
vt 0.767322 0.636575
vt 0.769248 0.632973
vt 0.770433 0.629064
vt 0.770833 0.625000
vt 0.770433 0.620936
vt 0.769247 0.617027
vt 0.767322 0.613425
vt 0.764731 0.610268
vt 0.843870 0.526219
vt 0.844226 0.527392
vt 0.844803 0.528472
vt 0.845581 0.529419
vt 0.846528 0.530197
vt 0.847608 0.530774
vt 0.848781 0.531130
vt 0.850000 0.531250
vt 0.851219 0.531130
vt 0.852392 0.530774
vt 0.853472 0.530197
vt 0.854419 0.529420
vt 0.855197 0.528472
vt 0.855774 0.527392
vt 0.856130 0.526219
vt 0.856250 0.525000
vt 0.856130 0.523781
vt 0.855774 0.522608
vt 0.843750 0.725000
vt 0.651219 0.718870
vt 0.651219 0.531130
vt 0.761575 0.607678
vt 0.757973 0.605752
vt 0.754064 0.604567
vt 0.750000 0.604167
vt 0.745935 0.604567
vt 0.742027 0.605752
vt 0.738426 0.607678
vt 0.735269 0.610268
vt 0.732678 0.613425
vt 0.730753 0.617028
vt 0.729567 0.620936
vt 0.729167 0.625000
vt 0.729567 0.629065
vt 0.730753 0.632972
vt 0.732678 0.636574
vt 0.735269 0.639731
vt 0.738426 0.642322
vt 0.742028 0.644248
vt 0.745936 0.645433
vt 0.750000 0.645833
vt 0.754064 0.645433
vt 0.757973 0.644247
vt 0.761575 0.642322
vt 0.853472 0.730196
vt 0.646528 0.730197
vt 0.647608 0.730774
vt 0.648781 0.731130
vt 0.650000 0.731250
vt 0.651219 0.731130
vt 0.652392 0.730774
vt 0.653472 0.730197
vt 0.654419 0.729419
vt 0.655196 0.728472
vt 0.655774 0.727391
vt 0.656130 0.726219
vt 0.656250 0.725000
vt 0.656130 0.723781
vt 0.655774 0.722608
vt 0.655197 0.721528
vt 0.654419 0.720581
vt 0.653472 0.719804
vt 0.652392 0.719226
vt 0.843870 0.726219
vt 0.844226 0.727392
vt 0.844803 0.728472
vt 0.845581 0.729419
vt 0.846528 0.730197
vt 0.847608 0.730774
vt 0.848781 0.731130
vt 0.850000 0.731250
vt 0.851219 0.731130
vt 0.852392 0.730774
vt 0.648781 0.531130
vt 0.644803 0.521528
vt 0.644226 0.522608
vt 0.643870 0.523781
vt 0.643750 0.525000
vt 0.643870 0.526219
vt 0.644226 0.527392
vt 0.644803 0.528472
vt 0.645581 0.529419
vt 0.646528 0.530197
vt 0.647608 0.530774
vt 1.000000 0.950000
vt 1.000000 0.550000
vt 0.968750 0.550000
vt 0.968750 0.950000
vt 0.937500 0.550000
vt 0.937500 0.950000
vt 0.906250 0.550000
vt 0.906250 0.950000
vt 0.875000 0.550000
vt 0.875000 0.950000
vt 0.843750 0.550000
vt 0.843750 0.950000
vt 0.812500 0.550000
vt 0.812500 0.950000
vt 0.781250 0.550000
vt 0.781250 0.950000
vt 0.750000 0.550000
vt 0.750000 0.950000
vt 0.718750 0.550000
vt 0.718750 0.950000
vt 0.687500 0.550000
vt 0.687500 0.950000
vt 0.656250 0.550000
vt 0.656250 0.950000
vt 0.625000 0.550000
vt 0.625000 0.950000
vt 0.593750 0.550000
vt 0.593750 0.950000
vt 0.562500 0.550000
vt 0.562500 0.950000
vt 0.531250 0.550000
vt 0.531250 0.950000
vt 0.500000 0.550000
vt 0.500000 0.950000
vt 0.468750 0.550000
vt 0.468750 0.950000
vt 0.437500 0.550000
vt 0.437500 0.950000
vt 0.406250 0.550000
vt 0.406250 0.950000
vt 0.375000 0.550000
vt 0.375000 0.950000
vt 0.343750 0.550000
vt 0.343750 0.950000
vt 0.312500 0.550000
vt 0.312500 0.950000
vt 0.281250 0.550000
vt 0.281250 0.950000
vt 0.250000 0.550000
vt 0.250000 0.950000
vt 0.218750 0.550000
vt 0.218750 0.950000
vt 0.187500 0.550000
vt 0.187500 0.950000
vt 0.156250 0.550000
vt 0.156250 0.950000
vt 0.125000 0.550000
vt 0.125000 0.950000
vt 0.093750 0.550000
vt 0.093750 0.950000
vt 0.062500 0.550000
vt 0.062500 0.950000
vt 0.031250 0.550000
vt 0.031250 0.950000
vt 0.000000 0.550000
vt 0.000000 0.950000
vt 0.875000 0.550000
vt 0.750000 0.550000
vt 0.500000 0.550000
vt 0.125000 0.550000
vt 0.625000 0.550000
vt 0.375000 0.550000
vt 0.937500 0.550000
vt 0.906250 0.550000
vt 0.875000 0.550000
vt 0.843750 0.550000
vt 0.687500 0.550000
vt 0.656250 0.550000
vt 0.593750 0.550000
vt 0.437500 0.550000
vt 0.406250 0.550000
vt 0.375000 0.550000
vt 0.375000 0.950000
vt 0.343750 0.550000
vt 0.187500 0.550000
vt 0.156250 0.550000
vt 0.093750 0.550000
vt 0.000000 0.950000
s 0
usemtl Aluminum
f 321/631/203 324/632/203 327/633/203 326/634/203
f 324/632/204 325/635/204 328/636/204 327/633/204
f 326/634/205 327/633/205 339/637/205 336/638/205
f 327/633/206 328/636/206 329/639/206 339/637/206
f 322/640/207 330/641/207 333/642/207 332/643/207
f 330/641/208 331/644/208 334/645/208 333/642/208
f 332/643/209 333/642/209 328/646/209 325/647/209
f 333/642/210 334/645/210 329/648/210 328/646/210
f 323/649/211 335/650/211 338/651/211 337/652/211
f 335/650/212 336/653/212 339/654/212 338/651/212
f 337/652/213 338/651/213 334/655/213 331/656/213
f 338/651/214 339/654/214 329/657/214 334/655/214
f 340/658/215 343/659/215 346/660/215 345/661/215
f 343/659/216 344/662/216 347/663/216 346/660/216
f 345/661/217 346/660/217 358/664/217 355/644/217
f 346/660/218 347/663/218 348/665/218 358/664/218
f 341/666/219 349/667/219 352/668/219 351/669/219
f 349/667/220 350/670/220 353/671/220 352/668/220
f 351/669/221 352/668/221 347/672/221 344/673/221
f 352/668/222 353/671/222 348/674/222 347/672/222
f 342/675/223 354/652/223 357/676/223 356/677/223
f 354/652/224 355/678/224 358/679/224 357/676/224
f 356/677/225 357/676/225 353/680/225 350/681/225
f 357/676/226 358/679/226 348/682/226 353/680/226
f 359/683/227 362/684/227 365/685/227 364/686/227
f 362/684/228 363/687/228 366/688/228 365/685/228
f 364/686/229 365/685/229 377/689/229 374/690/229
f 365/685/230 366/688/230 367/691/230 377/689/230
f 360/692/231 368/693/231 371/694/231 370/695/231
f 368/693/232 369/696/232 372/697/232 371/694/232
f 370/695/233 371/694/233 366/698/233 363/699/233
f 371/694/234 372/697/234 367/700/234 366/698/234
f 361/701/235 373/702/235 376/703/235 375/704/235
f 373/702/236 374/705/236 377/706/236 376/703/236
f 375/704/237 376/703/237 372/697/237 369/696/237
f 376/703/238 377/706/238 367/700/238 372/697/238
f 378/707/239 381/708/239 384/709/239 383/710/239
f 381/708/240 382/711/240 385/712/240 384/709/240
f 383/710/241 384/709/241 396/713/241 393/714/241
f 384/709/242 385/712/242 386/715/242 396/713/242
f 379/716/243 387/704/243 390/717/243 389/718/243
f 387/704/244 388/696/244 391/719/244 390/717/244
f 389/718/245 390/717/245 385/720/245 382/721/245
f 390/717/246 391/719/246 386/722/246 385/720/246
f 380/723/247 392/724/247 395/725/247 394/726/247
f 392/724/248 393/727/248 396/728/248 395/725/248
f 394/726/249 395/725/249 391/719/249 388/696/249
f 395/725/250 396/728/250 386/722/250 391/719/250
f 397/729/251 400/730/251 403/731/251 402/732/251
f 400/730/252 401/733/252 404/734/252 403/731/252
f 402/732/253 403/731/253 415/735/253 412/736/253
f 403/731/254 404/734/254 405/737/254 415/735/254
f 398/738/255 406/739/255 409/740/255 408/741/255
f 406/739/256 407/742/256 410/743/256 409/740/256
f 408/741/257 409/740/257 404/734/257 401/733/257
f 409/740/258 410/743/258 405/737/258 404/734/258
f 399/744/259 411/745/259 414/746/259 413/747/259
f 411/745/260 412/736/260 415/735/260 414/746/260
f 413/747/261 414/746/261 410/743/261 407/742/261
f 414/746/262 415/735/262 405/737/262 410/743/262
f 416/748/263 419/749/263 422/750/263 421/751/263
f 419/749/264 420/752/264 423/753/264 422/750/264
f 421/751/265 422/750/265 434/754/265 431/755/265
f 422/750/266 423/753/266 424/756/266 434/754/266
f 417/757/267 425/747/267 428/758/267 427/759/267
f 425/747/268 426/742/268 429/760/268 428/758/268
f 427/759/269 428/758/269 423/753/269 420/752/269
f 428/758/270 429/760/270 424/756/270 423/753/270
f 418/761/271 430/762/271 433/763/271 432/764/271
f 430/762/272 431/755/272 434/754/272 433/763/272
f 432/764/273 433/763/273 429/760/273 426/742/273
f 433/763/274 434/754/274 424/756/274 429/760/274
f 435/765/275 438/766/275 441/767/275 440/768/275
f 438/766/276 439/769/276 442/770/276 441/767/276
f 440/768/277 441/767/277 453/771/277 450/772/277
f 441/767/278 442/770/278 443/773/278 453/771/278
f 436/774/279 444/775/279 447/776/279 446/777/279
f 444/775/280 445/778/280 448/779/280 447/776/280
f 446/777/281 447/776/281 442/770/281 439/769/281
f 447/776/282 448/779/282 443/773/282 442/770/282
f 437/780/283 449/781/283 452/782/283 451/783/283
f 449/781/284 450/772/284 453/771/284 452/782/284
f 451/783/285 452/782/285 448/779/285 445/778/285
f 452/782/286 453/771/286 443/773/286 448/779/286
f 454/784/287 457/785/287 460/786/287 459/787/287
f 457/785/288 458/788/288 461/789/288 460/786/288
f 459/787/289 460/786/289 472/790/289 469/791/289
f 460/786/290 461/789/290 462/792/290 472/790/290
f 455/793/291 463/783/291 466/794/291 465/795/291
f 463/783/292 464/778/292 467/796/292 466/794/292
f 465/795/293 466/794/293 461/789/293 458/788/293
f 466/794/294 467/796/294 462/792/294 461/789/294
f 456/797/295 468/798/295 471/799/295 470/800/295
f 468/798/296 469/791/296 472/790/296 471/799/296
f 470/800/297 471/799/297 467/796/297 464/778/297
f 471/799/298 472/790/298 462/792/298 467/796/298
f 359/683/299 321/631/299 326/634/299 362/684/299
f 362/684/300 326/634/300 336/638/300 363/687/300
f 363/699/301 336/653/301 335/650/301 370/695/301
f 370/695/302 335/650/302 323/649/302 360/692/302
f 322/640/303 340/658/303 345/661/303 330/641/303
f 330/641/304 345/661/304 355/644/304 331/644/304
f 331/656/305 355/678/305 354/652/305 337/652/305
f 337/652/306 354/652/306 342/675/306 323/649/306
f 341/666/307 378/707/307 383/710/307 349/667/307
f 349/667/308 383/710/308 393/714/308 350/670/308
f 350/681/309 393/727/309 392/724/309 356/677/309
f 356/677/310 392/724/310 380/723/310 342/675/310
f 379/716/311 361/701/311 375/704/311 387/704/311
f 387/704/312 375/704/312 369/696/312 388/696/312
f 388/696/313 369/696/313 368/693/313 394/726/313
f 394/726/314 368/693/314 360/692/314 380/723/314
f 435/765/315 359/683/315 364/686/315 438/766/315
f 438/766/316 364/686/316 374/690/316 439/769/316
f 439/769/317 374/705/317 373/702/317 446/777/317
f 446/777/318 373/702/318 361/701/318 436/774/318
f 378/707/319 454/784/319 459/787/319 381/708/319
f 381/708/320 459/787/320 469/791/320 382/711/320
f 382/721/321 469/791/321 468/798/321 389/718/321
f 389/718/322 468/798/322 456/797/322 379/716/322
f 455/793/323 437/780/323 451/783/323 463/783/323
f 463/783/324 451/783/324 445/778/324 464/778/324
f 464/778/325 445/778/325 444/775/325 470/800/325
f 470/800/326 444/775/326 436/774/326 456/797/326
f 397/729/327 435/765/327 440/768/327 400/730/327
f 400/730/328 440/768/328 450/772/328 401/733/328
f 401/733/329 450/772/329 449/781/329 408/741/329
f 408/741/330 449/781/330 437/780/330 398/738/330
f 454/784/331 416/748/331 421/751/331 457/785/331
f 457/785/332 421/751/332 431/755/332 458/788/332
f 458/788/333 431/755/333 430/762/333 465/795/333
f 465/795/334 430/762/334 418/761/334 455/793/334
f 417/757/335 399/744/335 413/747/335 425/747/335
f 425/747/336 413/747/336 407/742/336 426/742/336
f 426/742/337 407/742/337 406/739/337 432/764/337
f 432/764/338 406/739/338 398/738/338 418/761/338
f 321/631/339 397/729/339 402/732/339 324/632/339
f 324/632/340 402/732/340 412/736/340 325/635/340
f 325/647/341 412/736/341 411/745/341 332/643/341
f 332/643/342 411/745/342 399/744/342 322/640/342
f 416/748/343 341/666/343 351/669/343 419/749/343
f 419/749/344 351/669/344 344/673/344 420/752/344
f 420/752/345 344/662/345 343/659/345 427/759/345
f 427/759/346 343/659/346 340/658/346 417/757/346
f 495/801/347 502/802/347 435/765/347 397/729/347 504/803/347 488/804/347 492/805/347 490/806/347 501/807/347 494/808/347 499/809/347 497/810/347 496/811/347 498/812/347 500/813/347
f 554/814/347 553/815/347 359/683/347 435/765/347 502/802/347 491/816/347 493/817/347 489/818/347 503/819/347 483/820/347 485/821/347 481/822/347 487/823/347 477/824/347 479/825/347 475/826/347 473/827/347 474/828/347 478/829/347 476/830/347 486/831/347 480/832/347 484/833/347 482/834/347 563/835/347 565/836/347 567/837/347 562/838/347 568/839/347 558/840/347 559/841/347 557/842/347 560/843/347 555/844/347 556/845/347
f 618/846/347 616/847/347 504/803/347 397/729/347 630/848/347 623/849/347 629/850/347 627/851/347 625/852/347 626/853/347 628/854/347 624/855/347 631/856/347 620/857/347 622/858/347
f 619/859/347 630/848/347 397/729/347 321/631/347 679/860/347 672/861/347 676/862/347 674/863/347 678/864/347 681/865/347 685/866/347 683/867/347 694/868/347 687/869/347 692/870/347 690/871/347 689/872/347 611/873/347 613/874/347 609/875/347 615/876/347 605/877/347 607/878/347 603/879/347 601/880/347 602/881/347 606/882/347 604/883/347 614/884/347 608/885/347 612/886/347 610/887/347 632/888/347 617/889/347 621/890/347
f 668/891/347 679/860/347 321/631/347 359/683/347 553/815/347 541/892/347 544/893/347 539/894/347 537/895/347 538/896/347 543/897/347 540/898/347 542/899/347 545/900/347 547/901/347 546/902/347 552/903/347 548/904/347 551/905/347 550/906/347 549/907/347 561/908/347 566/909/347 564/910/347 737/911/347 733/912/347 736/913/347 731/914/347 729/915/347 730/916/347 735/917/347 732/918/347 734/919/347 738/920/347 740/921/347 739/922/347 745/923/347 742/924/347 741/925/347 744/926/347 743/927/347 611/873/347 689/872/347 691/928/347 693/929/347 688/930/347 695/931/347 684/932/347 686/933/347 682/934/347 696/935/347 675/936/347 677/937/347 673/938/347 680/939/347 669/940/347 671/941/347 667/942/347 665/943/347 666/944/347 670/945/347
f 564/910/347 563/835/347 482/834/347 504/803/347 616/847/347 611/873/347 743/927/347 753/946/347 758/947/347 756/948/347 755/949/347 757/950/347 759/951/347 754/952/347 760/953/347 750/954/347 751/955/347 749/956/347 752/957/347 747/958/347 748/959/347 746/960/347 737/911/347
f 323/649/348 342/675/348 380/723/348 360/692/348
f 399/744/349 417/757/349 340/658/349 322/640/349
f 518/961/350 517/962/350 454/784/350 378/707/350 585/963/350 586/964/350 588/965/350 587/966/350 592/967/350 589/968/350 591/969/350 590/970/350 600/971/350 594/972/350 599/973/350 597/974/350 595/975/350 523/976/350 524/977/350 510/978/350 508/979/350 511/980/350 507/981/350 505/982/350 506/983/350 512/984/350 509/985/350 521/986/350 513/987/350 515/988/350 514/989/350 520/990/350 516/991/350 519/992/350
f 655/993/350 662/994/350 416/748/350 528/995/350 648/996/350 650/997/350 654/998/350 652/999/350 663/1000/350 656/1001/350 660/1002/350 658/1003/350 657/1004/350 659/1005/350 661/1006/350
f 573/1007/350 585/963/350 378/707/350 341/666/350 711/1008/350 700/1009/350 702/1010/350 698/1011/350 697/1012/350 699/1013/350 703/1014/350 701/1015/350 712/1016/350 705/1017/350 709/1018/350 707/1019/350 728/1020/350 714/1021/350 718/1022/350 716/1023/350 727/1024/350 720/1025/350 725/1026/350 723/1027/350 765/1028/350 766/1029/350 762/1030/350 763/1031/350 761/1032/350 764/1033/350 768/1034/350 767/1035/350 769/1036/350 596/1037/350 598/1038/350 593/1039/350 584/1040/350 581/1041/350 582/1042/350 580/1043/350 583/1044/350 578/1045/350 579/1046/350 577/1047/350 574/1048/350 572/1049/350 575/1050/350 571/1051/350 569/1052/350 570/1053/350 576/1054/350
f 765/1028/350 723/1027/350 721/1055/350 643/1056/350 648/996/350 528/995/350 522/1057/350 523/976/350 595/975/350 596/1037/350 769/1036/350 778/1058/350 780/1059/350 779/1060/350 784/1061/350 781/1062/350 783/1063/350 782/1064/350 792/1065/350 786/1066/350 791/1067/350 789/1068/350 787/1069/350 788/1070/350 790/1071/350 785/1072/350 774/1073/350 776/1074/350 773/1075/350 775/1076/350 770/1077/350 771/1078/350 772/1079/350 777/1080/350
f 704/1081/350 711/1008/350 341/666/350 416/748/350 662/994/350 651/1082/350 653/1083/350 649/1084/350 664/1085/350 642/1086/350 644/1087/350 640/1088/350 646/1089/350 636/1090/350 638/1091/350 634/1092/350 633/1093/350 635/1094/350 639/1095/350 637/1096/350 647/1097/350 641/1098/350 645/1099/350 643/1056/350 721/1055/350 722/1100/350 724/1101/350 719/1102/350 726/1103/350 715/1104/350 717/1105/350 713/1106/350 710/1107/350 706/1108/350 708/1109/350
f 525/1110/350 528/995/350 416/748/350 454/784/350 517/962/350 530/1111/350 535/1112/350 533/1113/350 531/1114/350 532/1115/350 534/1116/350 529/1117/350 536/1118/350 526/1119/350 527/1120/350
f 361/701/351 379/716/351 456/797/351 436/774/351
f 437/780/352 455/793/352 418/761/352 398/738/352
f 520/1121/353 503/1122/353 489/1123/353 516/1124/353
f 516/1124/354 489/1123/354 493/1125/354 519/1126/354
f 519/1126/355 493/1125/355 491/1127/355 518/1128/355
f 518/1128/356 491/1127/356 502/1129/356 517/1130/356
f 502/1129/357 495/1131/357 530/1132/357 517/1130/357
f 495/1131/358 500/1133/358 535/1134/358 530/1132/358
f 500/1133/359 498/1135/359 533/1136/359 535/1134/359
f 498/1135/360 496/1137/360 531/1138/360 533/1136/360
f 496/1137/361 497/1139/361 532/1140/361 531/1138/361
f 497/1139/362 499/1141/362 534/1142/362 532/1140/362
f 499/1141/363 494/1143/363 529/1144/363 534/1142/363
f 494/1143/364 501/1145/364 536/1146/364 529/1144/364
f 501/1145/365 490/1147/365 526/1148/365 536/1146/365
f 490/1147/366 492/1149/366 527/1150/366 526/1148/366
f 492/1149/367 488/1151/367 525/1152/367 527/1150/367
f 488/1151/368 504/1153/368 528/1154/368 525/1152/368
f 504/1153/369 482/1155/369 522/1156/369 528/1154/369
f 482/1155/370 484/1157/370 523/1158/370 522/1156/370
f 484/1157/371 480/1159/371 524/1160/371 523/1158/371
f 480/1159/372 486/1161/372 510/1162/372 524/1160/372
f 510/1162/373 486/1161/373 476/1163/373 508/1164/373
f 508/1164/374 476/1163/374 478/1165/374 511/1166/374
f 511/1166/375 478/1165/375 474/1167/375 507/1168/375
f 507/1168/376 474/1167/376 473/1169/376 505/1170/376
f 505/1170/377 473/1169/377 475/1171/377 506/1172/377
f 506/1172/378 475/1171/378 479/1173/378 512/1174/378
f 512/1174/379 479/1173/379 477/1175/379 509/1176/379
f 509/1176/380 477/1175/380 487/1177/380 521/1178/380
f 521/1178/381 487/1177/381 481/1179/381 513/1180/381
f 513/1180/382 481/1179/382 485/1181/382 515/1182/382
f 515/1182/383 485/1181/383 483/1183/383 514/1184/383
f 514/1184/384 483/1183/384 503/1185/384 520/1186/384
f 592/1121/353 560/1122/353 557/1123/353 589/1124/353
f 589/1124/354 557/1123/354 559/1125/354 591/1126/354
f 591/1126/355 559/1125/355 558/1127/355 590/1128/355
f 590/1128/356 558/1127/356 568/1187/356 600/1130/356
f 568/1187/357 562/1131/357 594/1132/357 600/1130/357
f 562/1131/358 567/1133/358 599/1134/358 594/1132/358
f 567/1133/359 565/1135/359 597/1136/359 599/1134/359
f 565/1135/360 563/1188/360 595/1138/360 597/1136/360
f 563/1188/361 564/1139/361 596/1140/361 595/1138/361
f 564/1139/362 566/1141/362 598/1142/362 596/1140/362
f 566/1141/363 561/1143/363 593/1144/363 598/1142/363
f 561/1143/364 549/1145/364 584/1146/364 593/1144/364
f 549/1145/365 550/1147/365 581/1148/365 584/1146/365
f 550/1147/366 551/1149/366 582/1150/366 581/1148/366
f 551/1149/367 548/1151/367 580/1152/367 582/1150/367
f 548/1151/368 552/1189/368 583/1154/368 580/1152/368
f 552/1189/369 546/1155/369 578/1156/369 583/1154/369
f 546/1155/370 547/1157/370 579/1158/370 578/1156/370
f 547/1157/371 545/1159/371 577/1160/371 579/1158/371
f 545/1159/372 542/1161/372 574/1162/372 577/1160/372
f 574/1162/373 542/1161/373 540/1163/373 572/1164/373
f 572/1164/374 540/1163/374 543/1165/374 575/1166/374
f 575/1166/375 543/1165/375 538/1167/375 571/1168/375
f 571/1168/376 538/1167/376 537/1169/376 569/1170/376
f 569/1170/377 537/1169/377 539/1171/377 570/1172/377
f 570/1172/378 539/1171/378 544/1173/378 576/1174/378
f 576/1174/379 544/1173/379 541/1175/379 573/1176/379
f 573/1176/380 541/1175/380 553/1190/380 585/1178/380
f 585/1178/381 553/1190/381 554/1179/381 586/1180/381
f 586/1180/382 554/1179/382 556/1181/382 588/1182/382
f 588/1182/383 556/1181/383 555/1183/383 587/1184/383
f 587/1184/384 555/1183/384 560/1185/384 592/1186/384
f 648/1121/353 616/1122/353 618/1123/353 650/1124/353
f 650/1124/354 618/1123/354 622/1125/354 654/1126/354
f 654/1126/355 622/1125/355 620/1127/355 652/1128/355
f 652/1128/356 620/1127/356 631/1187/356 663/1130/356
f 631/1187/357 624/1131/357 656/1132/357 663/1130/357
f 624/1131/358 628/1133/358 660/1134/358 656/1132/358
f 628/1133/359 626/1135/359 658/1136/359 660/1134/359
f 626/1135/360 625/1137/360 657/1138/360 658/1136/360
f 625/1137/361 627/1139/361 659/1140/361 657/1138/361
f 627/1139/362 629/1141/362 661/1142/362 659/1140/362
f 629/1141/363 623/1143/363 655/1144/363 661/1142/363
f 623/1143/364 630/1191/364 662/1146/364 655/1144/364
f 630/1191/365 619/1147/365 651/1148/365 662/1146/365
f 619/1147/366 621/1149/366 653/1150/366 651/1148/366
f 621/1149/367 617/1151/367 649/1152/367 653/1150/367
f 617/1151/368 632/1189/368 664/1154/368 649/1152/368
f 632/1189/369 610/1155/369 642/1156/369 664/1154/369
f 610/1155/370 612/1157/370 644/1158/370 642/1156/370
f 612/1157/371 608/1159/371 640/1160/371 644/1158/371
f 608/1159/372 614/1161/372 646/1162/372 640/1160/372
f 646/1162/373 614/1161/373 604/1163/373 636/1164/373
f 636/1164/374 604/1163/374 606/1165/374 638/1166/374
f 638/1166/375 606/1165/375 602/1167/375 634/1168/375
f 634/1168/376 602/1167/376 601/1169/376 633/1170/376
f 633/1170/377 601/1169/377 603/1171/377 635/1172/377
f 635/1172/378 603/1171/378 607/1173/378 639/1174/378
f 639/1174/379 607/1173/379 605/1175/379 637/1176/379
f 637/1176/380 605/1175/380 615/1177/380 647/1178/380
f 647/1178/381 615/1177/381 609/1179/381 641/1180/381
f 641/1180/382 609/1179/382 613/1181/382 645/1182/382
f 645/1182/383 613/1181/383 611/1183/383 643/1184/383
f 643/1184/384 611/1183/384 616/1185/384 648/1186/384
f 728/1121/353 696/1122/353 682/1123/353 714/1124/353
f 714/1124/354 682/1123/354 686/1125/354 718/1126/354
f 718/1126/355 686/1125/355 684/1127/355 716/1128/355
f 716/1128/356 684/1127/356 695/1187/356 727/1130/356
f 695/1187/357 688/1131/357 720/1132/357 727/1130/357
f 688/1131/358 693/1133/358 725/1134/358 720/1132/358
f 693/1133/359 691/1135/359 723/1136/359 725/1134/359
f 691/1135/360 689/1188/360 721/1138/360 723/1136/360
f 689/1188/361 690/1139/361 722/1140/361 721/1138/361
f 690/1139/362 692/1141/362 724/1142/362 722/1140/362
f 692/1141/363 687/1143/363 719/1144/363 724/1142/363
f 687/1143/364 694/1145/364 726/1146/364 719/1144/364
f 694/1145/365 683/1147/365 715/1148/365 726/1146/365
f 683/1147/366 685/1149/366 717/1150/366 715/1148/366
f 685/1149/367 681/1151/367 713/1152/367 717/1150/367
f 681/1151/368 678/1189/368 710/1154/368 713/1152/368
f 678/1189/369 674/1155/369 706/1156/369 710/1154/369
f 674/1155/370 676/1157/370 708/1158/370 706/1156/370
f 676/1157/371 672/1159/371 704/1160/371 708/1158/371
f 672/1159/372 679/1192/372 711/1162/372 704/1160/372
f 711/1162/373 679/1192/373 668/1163/373 700/1164/373
f 700/1164/374 668/1163/374 670/1165/374 702/1166/374
f 702/1166/375 670/1165/375 666/1167/375 698/1168/375
f 698/1168/376 666/1167/376 665/1169/376 697/1170/376
f 697/1170/377 665/1169/377 667/1171/377 699/1172/377
f 699/1172/378 667/1171/378 671/1173/378 703/1174/378
f 703/1174/379 671/1173/379 669/1175/379 701/1176/379
f 701/1176/380 669/1175/380 680/1177/380 712/1178/380
f 712/1178/381 680/1177/381 673/1179/381 705/1180/381
f 705/1180/382 673/1179/382 677/1181/382 709/1182/382
f 709/1182/383 677/1181/383 675/1183/383 707/1184/383
f 707/1184/384 675/1183/384 696/1185/384 728/1186/384
f 784/1121/353 752/1122/353 749/1123/353 781/1124/353
f 781/1124/354 749/1123/354 751/1193/354 783/1126/354
f 783/1126/355 751/1193/355 750/1194/355 782/1128/355
f 782/1128/356 750/1194/356 760/1195/356 792/1130/356
f 760/1195/357 754/1196/357 786/1132/357 792/1130/357
f 754/1196/358 759/1133/358 791/1134/358 786/1132/358
f 759/1133/359 757/1135/359 789/1136/359 791/1134/359
f 757/1135/360 755/1137/360 787/1138/360 789/1136/360
f 755/1137/361 756/1139/361 788/1140/361 787/1138/361
f 756/1139/362 758/1197/362 790/1142/362 788/1140/362
f 758/1197/363 753/1198/363 785/1144/363 790/1142/363
f 753/1198/364 743/1191/364 774/1146/364 785/1144/364
f 743/1191/365 744/1199/365 776/1148/365 774/1146/365
f 744/1199/366 741/1149/366 773/1150/366 776/1148/366
f 741/1149/367 742/1151/367 775/1152/367 773/1150/367
f 742/1151/368 745/1189/368 770/1154/368 775/1152/368
f 745/1189/369 739/1155/369 771/1156/369 770/1154/369
f 739/1155/370 740/1200/370 772/1158/370 771/1156/370
f 740/1200/371 738/1201/371 777/1160/371 772/1158/371
f 738/1201/372 734/1202/372 765/1203/372 777/1160/372
f 765/1203/373 734/1202/373 732/1204/373 766/1164/373
f 766/1164/374 732/1204/374 735/1165/374 762/1166/374
f 762/1166/375 735/1165/375 730/1167/375 763/1168/375
f 763/1168/376 730/1167/376 729/1169/376 761/1170/376
f 761/1170/377 729/1169/377 731/1171/377 764/1172/377
f 764/1172/378 731/1171/378 736/1205/378 768/1174/378
f 768/1174/379 736/1205/379 733/1206/379 767/1176/379
f 767/1176/380 733/1206/380 737/1190/380 769/1178/380
f 769/1178/381 737/1190/381 746/1207/381 778/1180/381
f 778/1180/382 746/1207/382 748/1181/382 780/1182/382
f 780/1182/383 748/1181/383 747/1183/383 779/1184/383
f 779/1184/384 747/1183/384 752/1185/384 784/1208/384
o Gasket_Ring
v 0.000000 8.000000 -46.000000
v 0.000000 9.500000 -46.000000
v 4.508789 8.000000 -45.778496
v 4.508789 9.500000 -45.778496
v 8.974154 8.000000 -45.116123
v 8.974154 9.500000 -45.116123
v 13.353094 8.000000 -44.019257
v 13.353094 9.500000 -44.019257
v 17.603439 8.000000 -42.498459
v 17.603439 9.500000 -42.498459
v 21.684250 8.000000 -40.568378
v 21.684250 9.500000 -40.568378
v 25.556231 8.000000 -38.247601
v 25.556231 9.500000 -38.247601
v 29.182093 8.000000 -35.558479
v 29.182093 9.500000 -35.558479
v 32.526913 8.000000 -32.526913
v 32.526913 9.500000 -32.526913
v 35.558479 8.000000 -29.182093
v 35.558479 9.500000 -29.182093
v 38.247601 8.000000 -25.556231
v 38.247601 9.500000 -25.556231
v 40.568378 8.000000 -21.684250
v 40.568378 9.500000 -21.684250
v 42.498459 8.000000 -17.603439
v 42.498459 9.500000 -17.603439
v 44.019257 8.000000 -13.353094
v 44.019257 9.500000 -13.353094
v 45.116123 8.000000 -8.974154
v 45.116123 9.500000 -8.974154
v 45.778496 8.000000 -4.508789
v 45.778496 9.500000 -4.508789
v 46.000000 8.000000 0.000000
v 46.000000 9.500000 0.000000
v 45.778496 8.000000 4.508789
v 45.778496 9.500000 4.508789
v 45.116123 8.000000 8.974154
v 45.116123 9.500000 8.974154
v 44.019257 8.000000 13.353094
v 44.019257 9.500000 13.353094
v 42.498459 8.000000 17.603439
v 42.498459 9.500000 17.603439
v 40.568378 8.000000 21.684250
v 40.568378 9.500000 21.684250
v 38.247601 8.000000 25.556231
v 38.247601 9.500000 25.556231
v 35.558479 8.000000 29.182093
v 35.558479 9.500000 29.182093
v 32.526913 8.000000 32.526913
v 32.526913 9.500000 32.526913
v 29.182093 8.000000 35.558479
v 29.182093 9.500000 35.558479
v 25.556231 8.000000 38.247601
v 25.556231 9.500000 38.247601
v 21.684250 8.000000 40.568378
v 21.684250 9.500000 40.568378
v 17.603439 8.000000 42.498459
v 17.603439 9.500000 42.498459
v 13.353094 8.000000 44.019257
v 13.353094 9.500000 44.019257
v 8.974154 8.000000 45.116123
v 8.974154 9.500000 45.116123
v 4.508789 8.000000 45.778496
v 4.508789 9.500000 45.778496
v 0.000000 8.000000 46.000000
v 0.000000 9.500000 46.000000
v -4.508789 8.000000 45.778496
v -4.508789 9.500000 45.778496
v -8.974154 8.000000 45.116123
v -8.974154 9.500000 45.116123
v -13.353094 8.000000 44.019257
v -13.353094 9.500000 44.019257
v -17.603439 8.000000 42.498459
v -17.603439 9.500000 42.498459
v -21.684250 8.000000 40.568378
v -21.684250 9.500000 40.568378
v -25.556231 8.000000 38.247601
v -25.556231 9.500000 38.247601
v -29.182093 8.000000 35.558479
v -29.182093 9.500000 35.558479
v -32.526913 8.000000 32.526913
v -32.526913 9.500000 32.526913
v -35.558479 8.000000 29.182093
v -35.558479 9.500000 29.182093
v -38.247601 8.000000 25.556231
v -38.247601 9.500000 25.556231
v -40.568378 8.000000 21.684250
v -40.568378 9.500000 21.684250
v -42.498459 8.000000 17.603439
v -42.498459 9.500000 17.603439
v -44.019257 8.000000 13.353094
v -44.019257 9.500000 13.353094
v -45.116123 8.000000 8.974154
v -45.116123 9.500000 8.974154
v -45.778496 8.000000 4.508789
v -45.778496 9.500000 4.508789
v -46.000000 8.000000 0.000000
v -46.000000 9.500000 0.000000
v -45.778496 8.000000 -4.508789
v -45.778496 9.500000 -4.508789
v -45.116123 8.000000 -8.974154
v -45.116123 9.500000 -8.974154
v -44.019257 8.000000 -13.353094
v -44.019257 9.500000 -13.353094
v -42.498459 8.000000 -17.603439
v -42.498459 9.500000 -17.603439
v -40.568378 8.000000 -21.684250
v -40.568378 9.500000 -21.684250
v -38.247601 8.000000 -25.556231
v -38.247601 9.500000 -25.556231
v -35.558479 8.000000 -29.182093
v -35.558479 9.500000 -29.182093
v -32.526913 8.000000 -32.526913
v -32.526913 9.500000 -32.526913
v -29.182093 8.000000 -35.558479
v -29.182093 9.500000 -35.558479
v -25.556231 8.000000 -38.247601
v -25.556231 9.500000 -38.247601
v -21.684250 8.000000 -40.568378
v -21.684250 9.500000 -40.568378
v -17.603439 8.000000 -42.498459
v -17.603439 9.500000 -42.498459
v -13.353094 8.000000 -44.019257
v -13.353094 9.500000 -44.019257
v -8.974154 8.000000 -45.116123
v -8.974154 9.500000 -45.116123
v -4.508789 8.000000 -45.778496
v -4.508789 9.500000 -45.778496
v -38.802940 9.500000 -16.072704
v -37.040691 9.500000 -19.798664
v -34.921722 9.500000 -23.333950
v -32.466438 9.500000 -26.644520
v -26.644520 9.500000 -32.466438
v -29.698484 9.500000 -29.698484
v -19.798664 9.500000 -37.040691
v -12.191956 9.500000 -40.191494
v -16.072704 9.500000 -38.802940
v -4.116720 9.500000 -41.797760
v 0.000000 9.500000 -42.000000
v -8.193793 9.500000 -41.192982
v -23.333950 9.500000 -34.921722
v -42.000000 9.500000 0.000000
v -41.192982 9.500000 8.193793
v -41.797760 9.500000 4.116720
v -40.191494 9.500000 12.191956
v -37.040691 9.500000 19.798664
v -38.802940 9.500000 16.072704
v -32.466438 9.500000 26.644520
v -26.644520 9.500000 32.466438
v -29.698484 9.500000 29.698484
v -19.798664 9.500000 37.040691
v -16.072704 9.500000 38.802940
v -23.333950 9.500000 34.921722
v -34.921722 9.500000 23.333950
v 0.000000 9.500000 42.000000
v 4.116720 9.500000 41.797760
v 8.193793 9.500000 41.192982
v 12.191956 9.500000 40.191494
v 19.798664 9.500000 37.040691
v 16.072704 9.500000 38.802940
v 26.644520 9.500000 32.466438
v 32.466438 9.500000 26.644520
v 29.698484 9.500000 29.698484
v 37.040691 9.500000 19.798664
v 38.802940 9.500000 16.072704
v 34.921722 9.500000 23.333950
v 23.333950 9.500000 34.921722
v 16.072704 9.500000 -38.802940
v 19.798664 9.500000 -37.040691
v 23.333950 9.500000 -34.921722
v 26.644520 9.500000 -32.466438
v 32.466438 9.500000 -26.644520
v 29.698484 9.500000 -29.698484
v 37.040691 9.500000 -19.798664
v 40.191494 9.500000 -12.191956
v 38.802940 9.500000 -16.072704
v 42.000000 9.500000 0.000000
v 41.797760 9.500000 -4.116720
v 41.192982 9.500000 -8.193793
v 34.921722 9.500000 -23.333950
v -41.797760 9.500000 -4.116720
v -40.191494 9.500000 -12.191956
v -41.192982 9.500000 -8.193793
v -8.193793 9.500000 41.192982
v -12.191956 9.500000 40.191494
v 4.116720 9.500000 -41.797760
v -4.116720 9.500000 41.797760
v 8.193793 9.500000 -41.192982
v 40.191494 9.500000 12.191956
v 41.797760 9.500000 4.116720
v 41.192982 9.500000 8.193793
v 12.191956 9.500000 -40.191494
v 4.116720 8.000000 -41.797760
v 8.193793 8.000000 -41.192982
v 12.191956 8.000000 -40.191494
v 16.072704 8.000000 -38.802940
v 23.333950 8.000000 -34.921722
v 19.798664 8.000000 -37.040691
v 29.698484 8.000000 -29.698484
v 34.921722 8.000000 -23.333950
v 32.466438 8.000000 -26.644520
v 38.802940 8.000000 -16.072704
v 40.191494 8.000000 -12.191956
v 37.040691 8.000000 -19.798664
v 26.644520 8.000000 -32.466438
v 12.191956 8.000000 40.191494
v 16.072704 8.000000 38.802940
v 19.798664 8.000000 37.040691
v 23.333950 8.000000 34.921722
v 29.698484 8.000000 29.698484
v 26.644520 8.000000 32.466438
v 34.921722 8.000000 23.333950
v 38.802940 8.000000 16.072704
v 37.040691 8.000000 19.798664
v 41.192982 8.000000 8.193793
v 41.797760 8.000000 4.116720
v 40.191494 8.000000 12.191956
v 32.466438 8.000000 26.644520
v -40.191494 8.000000 12.191956
v -38.802940 8.000000 16.072704
v -37.040691 8.000000 19.798664
v -34.921722 8.000000 23.333950
v -29.698484 8.000000 29.698484
v -32.466438 8.000000 26.644520
v -23.333950 8.000000 34.921722
v -16.072704 8.000000 38.802940
v -19.798664 8.000000 37.040691
v -8.193793 8.000000 41.192982
v -4.116720 8.000000 41.797760
v -12.191956 8.000000 40.191494
v -26.644520 8.000000 32.466438
v -41.797760 8.000000 -4.116720
v -41.192982 8.000000 -8.193793
v -40.191494 8.000000 -12.191956
v -38.802940 8.000000 -16.072704
v -34.921722 8.000000 -23.333950
v -37.040691 8.000000 -19.798664
v -29.698484 8.000000 -29.698484
v -23.333950 8.000000 -34.921722
v -26.644520 8.000000 -32.466438
v -16.072704 8.000000 -38.802940
v -12.191956 8.000000 -40.191494
v -19.798664 8.000000 -37.040691
v -32.466438 8.000000 -26.644520
v -4.116720 8.000000 -41.797760
v 0.000000 8.000000 -42.000000
v 41.192982 8.000000 -8.193793
v 42.000000 8.000000 0.000000
v 41.797760 8.000000 -4.116720
v 8.193793 8.000000 41.192982
v -42.000000 8.000000 0.000000
v -41.192982 8.000000 8.193793
v -41.797760 8.000000 4.116720
v -8.193793 8.000000 -41.192982
v 4.116720 8.000000 41.797760
v 0.000000 8.000000 42.000000
vn 0.0491 -0.0000 -0.9988
vn 0.1467 -0.0000 -0.9892
vn 0.2430 -0.0000 -0.9700
vn 0.3369 -0.0000 -0.9415
vn 0.4276 -0.0000 -0.9040
vn 0.5141 -0.0000 -0.8577
vn 0.5957 -0.0000 -0.8032
vn 0.6716 -0.0000 -0.7410
vn 0.7410 -0.0000 -0.6716
vn 0.8032 -0.0000 -0.5957
vn 0.8577 -0.0000 -0.5141
vn 0.9040 -0.0000 -0.4276
vn 0.9415 -0.0000 -0.3369
vn 0.9700 -0.0000 -0.2430
vn 0.9892 -0.0000 -0.1467
vn 0.9988 -0.0000 -0.0491
vn 0.9988 -0.0000 0.0491
vn 0.9892 -0.0000 0.1467
vn 0.9700 -0.0000 0.2430
vn 0.9415 -0.0000 0.3369
vn 0.9040 -0.0000 0.4276
vn 0.8577 -0.0000 0.5141
vn 0.8032 -0.0000 0.5957
vn 0.7410 -0.0000 0.6716
vn 0.6716 -0.0000 0.7410
vn 0.5957 -0.0000 0.8032
vn 0.5141 -0.0000 0.8577
vn 0.4276 -0.0000 0.9040
vn 0.3369 -0.0000 0.9415
vn 0.2430 -0.0000 0.9700
vn 0.1467 -0.0000 0.9892
vn 0.0491 -0.0000 0.9988
vn -0.0491 -0.0000 0.9988
vn -0.1467 -0.0000 0.9892
vn -0.2430 -0.0000 0.9700
vn -0.3369 -0.0000 0.9415
vn -0.4276 -0.0000 0.9040
vn -0.5141 -0.0000 0.8577
vn -0.5957 -0.0000 0.8032
vn -0.6716 -0.0000 0.7410
vn -0.7410 -0.0000 0.6716
vn -0.8032 -0.0000 0.5957
vn -0.8577 -0.0000 0.5141
vn -0.9040 -0.0000 0.4276
vn -0.9415 -0.0000 0.3369
vn -0.9700 -0.0000 0.2430
vn -0.9892 -0.0000 0.1467
vn -0.9988 -0.0000 0.0491
vn -0.9988 -0.0000 -0.0491
vn -0.9892 -0.0000 -0.1467
vn -0.9700 -0.0000 -0.2430
vn -0.9415 -0.0000 -0.3369
vn -0.9040 -0.0000 -0.4276
vn -0.8577 -0.0000 -0.5141
vn -0.8032 -0.0000 -0.5957
vn -0.7410 -0.0000 -0.6716
vn -0.6716 -0.0000 -0.7410
vn -0.5957 -0.0000 -0.8032
vn -0.5141 -0.0000 -0.8577
vn -0.4276 -0.0000 -0.9040
vn -0.3369 -0.0000 -0.9415
vn -0.2430 -0.0000 -0.9700
vn -0.0000 1.0000 -0.0000
vn -0.1467 -0.0000 -0.9892
vn -0.0491 -0.0000 -0.9988
vn -0.0000 -1.0000 -0.0000
vt 1.000000 0.500000
vt 1.000000 1.000000
vt 0.984375 1.000000
vt 0.984375 0.500000
vt 0.968750 1.000000
vt 0.968750 0.500000
vt 0.953125 1.000000
vt 0.953125 0.500000
vt 0.937500 1.000000
vt 0.937500 0.500000
vt 0.921875 1.000000
vt 0.921875 0.500000
vt 0.906250 1.000000
vt 0.906250 0.500000
vt 0.890625 1.000000
vt 0.890625 0.500000
vt 0.875000 1.000000
vt 0.875000 0.500000
vt 0.859375 1.000000
vt 0.859375 0.500000
vt 0.843750 1.000000
vt 0.843750 0.500000
vt 0.828125 1.000000
vt 0.828125 0.500000
vt 0.812500 1.000000
vt 0.812500 0.500000
vt 0.796875 1.000000
vt 0.796875 0.500000
vt 0.781250 1.000000
vt 0.781250 0.500000
vt 0.765625 1.000000
vt 0.765625 0.500000
vt 0.750000 1.000000
vt 0.750000 0.500000
vt 0.734375 1.000000
vt 0.734375 0.500000
vt 0.718750 1.000000
vt 0.718750 0.500000
vt 0.703125 1.000000
vt 0.703125 0.500000
vt 0.687500 1.000000
vt 0.687500 0.500000
vt 0.671875 1.000000
vt 0.671875 0.500000
vt 0.656250 1.000000
vt 0.656250 0.500000
vt 0.640625 1.000000
vt 0.640625 0.500000
vt 0.625000 1.000000
vt 0.625000 0.500000
vt 0.609375 1.000000
vt 0.609375 0.500000
vt 0.593750 1.000000
vt 0.593750 0.500000
vt 0.578125 1.000000
vt 0.578125 0.500000
vt 0.562500 1.000000
vt 0.562500 0.500000
vt 0.546875 1.000000
vt 0.546875 0.500000
vt 0.531250 1.000000
vt 0.531250 0.500000
vt 0.515625 1.000000
vt 0.515625 0.500000
vt 0.500000 1.000000
vt 0.500000 0.500000
vt 0.484375 1.000000
vt 0.484375 0.500000
vt 0.468750 1.000000
vt 0.468750 0.500000
vt 0.453125 1.000000
vt 0.453125 0.500000
vt 0.437500 1.000000
vt 0.437500 0.500000
vt 0.421875 1.000000
vt 0.421875 0.500000
vt 0.406250 1.000000
vt 0.406250 0.500000
vt 0.390625 1.000000
vt 0.390625 0.500000
vt 0.375000 1.000000
vt 0.375000 0.500000
vt 0.359375 1.000000
vt 0.359375 0.500000
vt 0.343750 1.000000
vt 0.343750 0.500000
vt 0.328125 1.000000
vt 0.328125 0.500000
vt 0.312500 1.000000
vt 0.312500 0.500000
vt 0.296875 1.000000
vt 0.296875 0.500000
vt 0.281250 1.000000
vt 0.281250 0.500000
vt 0.265625 1.000000
vt 0.265625 0.500000
vt 0.250000 1.000000
vt 0.250000 0.500000
vt 0.234375 1.000000
vt 0.234375 0.500000
vt 0.218750 1.000000
vt 0.218750 0.500000
vt 0.203125 1.000000
vt 0.203125 0.500000
vt 0.187500 1.000000
vt 0.187500 0.500000
vt 0.171875 1.000000
vt 0.171875 0.500000
vt 0.156250 1.000000
vt 0.156250 0.500000
vt 0.140625 1.000000
vt 0.140625 0.500000
vt 0.125000 1.000000
vt 0.125000 0.500000
vt 0.109375 1.000000
vt 0.109375 0.500000
vt 0.093750 1.000000
vt 0.093750 0.500000
vt 0.078125 1.000000
vt 0.078125 0.500000
vt 0.062500 1.000000
vt 0.062500 0.500000
vt 0.046875 1.000000
vt 0.046875 0.500000
vt 0.031250 1.000000
vt 0.031250 0.500000
vt 0.116663 0.449553
vt 0.097746 0.435522
vt 0.080294 0.419706
vt 0.064478 0.402254
vt 0.050447 0.383337
vt 0.038339 0.363135
vt 0.028269 0.341844
vt 0.020334 0.319668
vt 0.014612 0.296822
vt 0.011156 0.273524
vt 0.010000 0.250000
vt 0.011156 0.226476
vt 0.014612 0.203178
vt 0.020334 0.180332
vt 0.028269 0.158156
vt 0.038339 0.136865
vt 0.050447 0.116663
vt 0.064478 0.097746
vt 0.080294 0.080294
vt 0.097746 0.064478
vt 0.116663 0.050447
vt 0.136865 0.038339
vt 0.158156 0.028269
vt 0.180332 0.020334
vt 0.203178 0.014612
vt 0.226476 0.011156
vt 0.250000 0.010000
vt 0.273524 0.011156
vt 0.296822 0.014612
vt 0.319668 0.020334
vt 0.341844 0.028269
vt 0.363135 0.038339
vt 0.383337 0.050447
vt 0.371742 0.067800
vt 0.353297 0.056744
vt 0.333858 0.047550
vt 0.313610 0.040305
vt 0.292750 0.035080
vt 0.271479 0.031925
vt 0.250000 0.030870
vt 0.228521 0.031925
vt 0.207250 0.035080
vt 0.186390 0.040305
vt 0.166142 0.047550
vt 0.146703 0.056744
vt 0.128258 0.067800
vt 0.110985 0.080610
vt 0.095051 0.095051
vt 0.080610 0.110985
vt 0.067800 0.128258
vt 0.056744 0.146703
vt 0.047550 0.166142
vt 0.040305 0.186390
vt 0.035080 0.207250
vt 0.031925 0.228521
vt 0.030870 0.250000
vt 0.031925 0.271479
vt 0.035080 0.292750
vt 0.040305 0.313610
vt 0.047550 0.333858
vt 0.056744 0.353298
vt 0.067800 0.371742
vt 0.080610 0.389015
vt 0.095051 0.404949
vt 0.110985 0.419390
vt 0.128258 0.432200
vt 0.402254 0.064478
vt 0.419706 0.080294
vt 0.435522 0.097746
vt 0.449553 0.116663
vt 0.461661 0.136865
vt 0.471731 0.158156
vt 0.479666 0.180332
vt 0.485388 0.203178
vt 0.488844 0.226476
vt 0.490000 0.250000
vt 0.488844 0.273524
vt 0.485388 0.296822
vt 0.479666 0.319668
vt 0.471731 0.341844
vt 0.461661 0.363135
vt 0.449553 0.383337
vt 0.435522 0.402254
vt 0.419706 0.419706
vt 0.402254 0.435522
vt 0.383337 0.449553
vt 0.363135 0.461661
vt 0.341844 0.471731
vt 0.319668 0.479666
vt 0.296822 0.485388
vt 0.273524 0.488844
vt 0.250000 0.490000
vt 0.226476 0.488844
vt 0.203178 0.485388
vt 0.180332 0.479666
vt 0.158156 0.471731
vt 0.136865 0.461661
vt 0.146703 0.443256
vt 0.166142 0.452450
vt 0.186390 0.459695
vt 0.207250 0.464920
vt 0.228521 0.468075
vt 0.250000 0.469130
vt 0.271479 0.468075
vt 0.292750 0.464920
vt 0.313610 0.459695
vt 0.333858 0.452450
vt 0.353297 0.443256
vt 0.371742 0.432200
vt 0.389015 0.419390
vt 0.404949 0.404949
vt 0.419390 0.389015
vt 0.432200 0.371742
vt 0.443256 0.353297
vt 0.452450 0.333858
vt 0.459695 0.313610
vt 0.464920 0.292750
vt 0.468075 0.271479
vt 0.469130 0.250000
vt 0.468075 0.228521
vt 0.464920 0.207250
vt 0.459695 0.186390
vt 0.452450 0.166142
vt 0.443256 0.146703
vt 0.432200 0.128258
vt 0.419390 0.110985
vt 0.404949 0.095051
vt 0.389015 0.080610
vt 0.015625 1.000000
vt 0.015625 0.500000
vt 0.000000 1.000000
vt 0.000000 0.500000
vt 0.531925 0.228521
vt 0.511156 0.226476
vt 0.510000 0.250000
vt 0.511156 0.273524
vt 0.514612 0.296822
vt 0.520334 0.319668
vt 0.528269 0.341844
vt 0.538339 0.363135
vt 0.550447 0.383337
vt 0.564478 0.402254
vt 0.580294 0.419706
vt 0.597746 0.435522
vt 0.616663 0.449553
vt 0.636865 0.461661
vt 0.658156 0.471731
vt 0.680332 0.479666
vt 0.703178 0.485388
vt 0.726476 0.488844
vt 0.750000 0.490000
vt 0.773524 0.488844
vt 0.796822 0.485388
vt 0.819668 0.479666
vt 0.841844 0.471731
vt 0.863135 0.461661
vt 0.883337 0.449553
vt 0.902254 0.435522
vt 0.919706 0.419706
vt 0.935522 0.402254
vt 0.949553 0.383337
vt 0.961661 0.363135
vt 0.971731 0.341844
vt 0.979666 0.319668
vt 0.985388 0.296822
vt 0.988844 0.273524
vt 0.990000 0.250000
vt 0.988844 0.226476
vt 0.985388 0.203178
vt 0.979666 0.180332
vt 0.971731 0.158156
vt 0.961661 0.136865
vt 0.949553 0.116663
vt 0.935522 0.097746
vt 0.919706 0.080294
vt 0.902254 0.064478
vt 0.883337 0.050447
vt 0.863135 0.038339
vt 0.841844 0.028269
vt 0.819668 0.020334
vt 0.796822 0.014612
vt 0.773524 0.011156
vt 0.771479 0.031925
vt 0.792750 0.035080
vt 0.813610 0.040305
vt 0.833857 0.047550
vt 0.853297 0.056744
vt 0.871742 0.067800
vt 0.889015 0.080610
vt 0.904949 0.095051
vt 0.919390 0.110985
vt 0.932200 0.128258
vt 0.943256 0.146703
vt 0.952450 0.166142
vt 0.959695 0.186390
vt 0.964920 0.207250
vt 0.968075 0.228521
vt 0.969131 0.250000
vt 0.968075 0.271479
vt 0.964920 0.292750
vt 0.959695 0.313610
vt 0.952450 0.333858
vt 0.943256 0.353298
vt 0.932200 0.371742
vt 0.919390 0.389015
vt 0.904949 0.404949
vt 0.889015 0.419390
vt 0.871742 0.432200
vt 0.853297 0.443256
vt 0.833857 0.452450
vt 0.813610 0.459695
vt 0.792750 0.464920
vt 0.771479 0.468075
vt 0.750000 0.469130
vt 0.728521 0.468075
vt 0.707250 0.464920
vt 0.686390 0.459695
vt 0.666143 0.452450
vt 0.646703 0.443256
vt 0.628258 0.432200
vt 0.610985 0.419390
vt 0.595051 0.404949
vt 0.580610 0.389015
vt 0.567800 0.371742
vt 0.556744 0.353297
vt 0.547550 0.333858
vt 0.540305 0.313610
vt 0.535080 0.292750
vt 0.531925 0.271479
vt 0.530870 0.250000
vt 0.750000 0.010000
vt 0.726476 0.011156
vt 0.703178 0.014612
vt 0.680332 0.020334
vt 0.658156 0.028269
vt 0.636865 0.038339
vt 0.616663 0.050447
vt 0.597746 0.064478
vt 0.580294 0.080294
vt 0.564478 0.097746
vt 0.550447 0.116663
vt 0.538339 0.136865
vt 0.528269 0.158156
vt 0.520334 0.180332
vt 0.514612 0.203178
vt 0.535080 0.207250
vt 0.540305 0.186390
vt 0.547550 0.166142
vt 0.556744 0.146703
vt 0.567800 0.128258
vt 0.580610 0.110985
vt 0.595051 0.095051
vt 0.610985 0.080610
vt 0.628258 0.067800
vt 0.646703 0.056744
vt 0.666142 0.047550
vt 0.686390 0.040305
vt 0.707250 0.035080
vt 0.728522 0.031925
vt 0.750000 0.030870
vt 0.984375 0.625000
vt 0.984375 0.875000
vt 1.000000 0.875000
vt 1.000000 0.625000
vt 0.968750 0.625000
vt 0.968750 0.875000
vt 0.953125 0.625000
vt 0.953125 0.875000
vt 0.937500 0.625000
vt 0.937500 0.875000
vt 0.921875 0.625000
vt 0.921875 0.875000
vt 0.906250 0.625000
vt 0.906250 0.875000
vt 0.890625 0.625000
vt 0.890625 0.875000
vt 0.875000 0.625000
vt 0.875000 0.875000
vt 0.859375 0.875000
vt 0.859375 0.625000
vt 0.843750 0.875000
vt 0.843750 0.625000
vt 0.828125 0.875000
vt 0.828125 0.625000
vt 0.812500 0.875000
vt 0.812500 0.625000
vt 0.796875 0.875000
vt 0.796875 0.625000
vt 0.781250 0.875000
vt 0.781250 0.625000
vt 0.765625 0.875000
vt 0.765625 0.625000
vt 0.750000 0.875000
vt 0.750000 0.625000
vt 0.734375 0.875000
vt 0.734375 0.625000
vt 0.718750 0.875000
vt 0.718750 0.625000
vt 0.703125 0.875000
vt 0.703125 0.625000
vt 0.687500 0.875000
vt 0.687500 0.625000
vt 0.671875 0.875000
vt 0.671875 0.625000
vt 0.656250 0.875000
vt 0.656250 0.625000
vt 0.640625 0.875000
vt 0.640625 0.625000
vt 0.625000 0.875000
vt 0.625000 0.625000
vt 0.609375 0.875000
vt 0.609375 0.625000
vt 0.593750 0.875000
vt 0.593750 0.625000
vt 0.578125 0.875000
vt 0.578125 0.625000
vt 0.562500 0.875000
vt 0.562500 0.625000
vt 0.546875 0.875000
vt 0.546875 0.625000
vt 0.531250 0.875000
vt 0.531250 0.625000
vt 0.515625 0.875000
vt 0.515625 0.625000
vt 0.500000 0.875000
vt 0.500000 0.625000
vt 0.484375 0.875000
vt 0.484375 0.625000
vt 0.468750 0.875000
vt 0.468750 0.625000
vt 0.453125 0.875000
vt 0.453125 0.625000
vt 0.437500 0.875000
vt 0.437500 0.625000
vt 0.421875 0.875000
vt 0.421875 0.625000
vt 0.406250 0.875000
vt 0.406250 0.625000
vt 0.390625 0.875000
vt 0.390625 0.625000
vt 0.375000 0.875000
vt 0.375000 0.625000
vt 0.359375 0.625000
vt 0.359375 0.875000
vt 0.343750 0.625000
vt 0.343750 0.875000
vt 0.328125 0.625000
vt 0.328125 0.875000
vt 0.312500 0.625000
vt 0.312500 0.875000
vt 0.296875 0.625000
vt 0.296875 0.875000
vt 0.281250 0.625000
vt 0.281250 0.875000
vt 0.265625 0.625000
vt 0.265625 0.875000
vt 0.250000 0.625000
vt 0.250000 0.875000
vt 0.234375 0.625000
vt 0.234375 0.875000
vt 0.218750 0.625000
vt 0.218750 0.875000
vt 0.203125 0.625000
vt 0.203125 0.875000
vt 0.187500 0.625000
vt 0.187500 0.875000
vt 0.171875 0.625000
vt 0.171875 0.875000
vt 0.156250 0.625000
vt 0.156250 0.875000
vt 0.140625 0.625000
vt 0.140625 0.875000
vt 0.125000 0.625000
vt 0.125000 0.875000
vt 0.109375 0.625000
vt 0.109375 0.875000
vt 0.093750 0.625000
vt 0.093750 0.875000
vt 0.078125 0.625000
vt 0.078125 0.875000
vt 0.062500 0.625000
vt 0.062500 0.875000
vt 0.046875 0.625000
vt 0.046875 0.875000
vt 0.031250 0.625000
vt 0.031250 0.875000
vt 0.015625 0.625000
vt 0.015625 0.875000
vt 0.000000 0.625000
vt 0.000000 0.875000
s 0
usemtl Gasket_mat
f 793/1209/385 794/1210/385 796/1211/385 795/1212/385
f 795/1212/386 796/1211/386 798/1213/386 797/1214/386
f 797/1214/387 798/1213/387 800/1215/387 799/1216/387
f 799/1216/388 800/1215/388 802/1217/388 801/1218/388
f 801/1218/389 802/1217/389 804/1219/389 803/1220/389
f 803/1220/390 804/1219/390 806/1221/390 805/1222/390
f 805/1222/391 806/1221/391 808/1223/391 807/1224/391
f 807/1224/392 808/1223/392 810/1225/392 809/1226/392
f 809/1226/393 810/1225/393 812/1227/393 811/1228/393
f 811/1228/394 812/1227/394 814/1229/394 813/1230/394
f 813/1230/395 814/1229/395 816/1231/395 815/1232/395
f 815/1232/396 816/1231/396 818/1233/396 817/1234/396
f 817/1234/397 818/1233/397 820/1235/397 819/1236/397
f 819/1236/398 820/1235/398 822/1237/398 821/1238/398
f 821/1238/399 822/1237/399 824/1239/399 823/1240/399
f 823/1240/400 824/1239/400 826/1241/400 825/1242/400
f 825/1242/401 826/1241/401 828/1243/401 827/1244/401
f 827/1244/402 828/1243/402 830/1245/402 829/1246/402
f 829/1246/403 830/1245/403 832/1247/403 831/1248/403
f 831/1248/404 832/1247/404 834/1249/404 833/1250/404
f 833/1250/405 834/1249/405 836/1251/405 835/1252/405
f 835/1252/406 836/1251/406 838/1253/406 837/1254/406
f 837/1254/407 838/1253/407 840/1255/407 839/1256/407
f 839/1256/408 840/1255/408 842/1257/408 841/1258/408
f 841/1258/409 842/1257/409 844/1259/409 843/1260/409
f 843/1260/410 844/1259/410 846/1261/410 845/1262/410
f 845/1262/411 846/1261/411 848/1263/411 847/1264/411
f 847/1264/412 848/1263/412 850/1265/412 849/1266/412
f 849/1266/413 850/1265/413 852/1267/413 851/1268/413
f 851/1268/414 852/1267/414 854/1269/414 853/1270/414
f 853/1270/415 854/1269/415 856/1271/415 855/1272/415
f 855/1272/416 856/1271/416 858/1273/416 857/1274/416
f 857/1274/417 858/1273/417 860/1275/417 859/1276/417
f 859/1276/418 860/1275/418 862/1277/418 861/1278/418
f 861/1278/419 862/1277/419 864/1279/419 863/1280/419
f 863/1280/420 864/1279/420 866/1281/420 865/1282/420
f 865/1282/421 866/1281/421 868/1283/421 867/1284/421
f 867/1284/422 868/1283/422 870/1285/422 869/1286/422
f 869/1286/423 870/1285/423 872/1287/423 871/1288/423
f 871/1288/424 872/1287/424 874/1289/424 873/1290/424
f 873/1290/425 874/1289/425 876/1291/425 875/1292/425
f 875/1292/426 876/1291/426 878/1293/426 877/1294/426
f 877/1294/427 878/1293/427 880/1295/427 879/1296/427
f 879/1296/428 880/1295/428 882/1297/428 881/1298/428
f 881/1298/429 882/1297/429 884/1299/429 883/1300/429
f 883/1300/430 884/1299/430 886/1301/430 885/1302/430
f 885/1302/431 886/1301/431 888/1303/431 887/1304/431
f 887/1304/432 888/1303/432 890/1305/432 889/1306/432
f 889/1306/433 890/1305/433 892/1307/433 891/1308/433
f 891/1308/434 892/1307/434 894/1309/434 893/1310/434
f 893/1310/435 894/1309/435 896/1311/435 895/1312/435
f 895/1312/436 896/1311/436 898/1313/436 897/1314/436
f 897/1314/437 898/1313/437 900/1315/437 899/1316/437
f 899/1316/438 900/1315/438 902/1317/438 901/1318/438
f 901/1318/439 902/1317/439 904/1319/439 903/1320/439
f 903/1320/440 904/1319/440 906/1321/440 905/1322/440
f 905/1322/441 906/1321/441 908/1323/441 907/1324/441
f 907/1324/442 908/1323/442 910/1325/442 909/1326/442
f 909/1326/443 910/1325/443 912/1327/443 911/1328/443
f 911/1328/444 912/1327/444 914/1329/444 913/1330/444
f 913/1330/445 914/1329/445 916/1331/445 915/1332/445
f 915/1332/446 916/1331/446 918/1333/446 917/1334/446
f 910/1335/447 908/1336/447 906/1337/447 904/1338/447 902/1339/447 900/1340/447 898/1341/447 896/1342/447 894/1343/447 892/1344/447 890/1345/447 888/1346/447 886/1347/447 884/1348/447 882/1349/447 880/1350/447 878/1351/447 876/1352/447 874/1353/447 872/1354/447 870/1355/447 868/1356/447 866/1357/447 864/1358/447 862/1359/447 860/1360/447 858/1361/447 856/1362/447 854/1363/447 852/1364/447 850/1365/447 848/1366/447 846/1367/447 959/1368/447 951/1369/447 952/1370/447 950/1371/447 949/1372/447 948/1373/447 947/1374/447 979/1375/447 976/1376/447 977/1377/447 944/1378/447 943/1379/447 945/1380/447 941/1381/447 942/1382/447 940/1383/447 946/1384/447 938/1385/447 939/1386/447 937/1387/447 935/1388/447 936/1389/447 934/1390/447 973/1391/447 975/1392/447 974/1393/447 921/1394/447 922/1395/447 923/1396/447 924/1397/447 926/1398/447 925/1399/447 933/1400/447
f 846/1367/447 844/1401/447 842/1402/447 840/1403/447 838/1404/447 836/1405/447 834/1406/447 832/1407/447 830/1408/447 828/1409/447 826/1410/447 824/1411/447 822/1412/447 820/1413/447 818/1414/447 816/1415/447 814/1416/447 812/1417/447 810/1418/447 808/1419/447 806/1420/447 804/1421/447 802/1422/447 800/1423/447 798/1424/447 796/1425/447 794/1426/447 920/1427/447 918/1428/447 916/1429/447 914/1430/447 912/1431/447 910/1335/447 933/1400/447 927/1432/447 929/1433/447 928/1434/447 932/1435/447 930/1436/447 931/1437/447 978/1438/447 980/1439/447 984/1440/447 960/1441/447 961/1442/447 962/1443/447 963/1444/447 965/1445/447 964/1446/447 972/1447/447 966/1448/447 968/1449/447 967/1450/447 971/1451/447 970/1452/447 969/1453/447 982/1454/447 983/1455/447 981/1456/447 957/1457/447 956/1458/447 958/1459/447 954/1460/447 955/1461/447 953/1462/447 959/1368/447
f 917/1334/448 918/1333/448 920/1463/448 919/1464/448
f 919/1464/449 920/1463/449 794/1465/449 793/1466/449
f 1045/1467/450 887/1468/450 889/1469/450 891/1470/450 893/1471/450 895/1472/450 897/1473/450 899/1474/450 901/1475/450 903/1476/450 905/1477/450 907/1478/450 909/1479/450 911/1480/450 913/1481/450 915/1482/450 917/1483/450 919/1484/450 793/1485/450 795/1486/450 797/1487/450 799/1488/450 801/1489/450 803/1490/450 805/1491/450 807/1492/450 809/1493/450 811/1494/450 813/1495/450 815/1496/450 817/1497/450 819/1498/450 821/1499/450 823/1500/450 825/1501/450 827/1502/450 829/1503/450 831/1504/450 833/1505/450 835/1506/450 837/1507/450 839/1508/450 841/1509/450 843/1510/450 845/1511/450 847/1512/450 849/1513/450 851/1514/450 853/1515/450 855/1516/450 1047/1517/450 1042/1518/450 998/1519/450 999/1520/450 1000/1521/450 1001/1522/450 1003/1523/450 1002/1524/450 1010/1525/450 1004/1526/450 1006/1527/450 1005/1528/450 1009/1529/450 1007/1530/450 1008/1531/450 1040/1532/450 1041/1533/450 1039/1534/450 995/1535/450 994/1536/450 996/1537/450 992/1538/450 993/1539/450 991/1540/450 997/1541/450 989/1542/450 990/1543/450 988/1544/450 987/1545/450 986/1546/450 985/1547/450 1038/1548/450 1037/1549/450 1046/1550/450 1034/1551/450 1033/1552/450 1035/1553/450 1031/1554/450 1032/1555/450 1030/1556/450 1036/1557/450 1028/1558/450 1029/1559/450 1027/1560/450 1026/1561/450 1025/1562/450 1024/1563/450 1043/1564/450
f 855/1516/450 857/1565/450 859/1566/450 861/1567/450 863/1568/450 865/1569/450 867/1570/450 869/1571/450 871/1572/450 873/1573/450 875/1574/450 877/1575/450 879/1576/450 881/1577/450 883/1578/450 885/1579/450 887/1468/450 1045/1467/450 1044/1580/450 1011/1581/450 1012/1582/450 1013/1583/450 1014/1584/450 1016/1585/450 1015/1586/450 1023/1587/450 1017/1588/450 1019/1589/450 1018/1590/450 1022/1591/450 1020/1592/450 1021/1593/450 1048/1594/450 1047/1517/450
f 985/1595/417 978/1596/417 931/1597/417 1038/1598/417
f 986/1599/418 980/1600/418 978/1596/418 985/1595/418
f 987/1601/419 984/1602/419 980/1600/419 986/1599/419
f 988/1603/420 960/1604/420 984/1602/420 987/1601/420
f 990/1605/421 961/1606/421 960/1604/421 988/1603/421
f 989/1607/422 962/1608/422 961/1606/422 990/1605/422
f 997/1609/423 963/1610/423 962/1608/423 989/1607/423
f 991/1611/424 965/1612/424 963/1610/424 997/1609/424
f 964/1613/425 965/1612/425 991/1611/425 993/1614/425
f 972/1615/426 964/1613/426 993/1614/426 992/1616/426
f 966/1617/427 972/1615/427 992/1616/427 996/1618/427
f 968/1619/428 966/1617/428 996/1618/428 994/1620/428
f 967/1621/429 968/1619/429 994/1620/429 995/1622/429
f 971/1623/430 967/1621/430 995/1622/430 1039/1624/430
f 970/1625/431 971/1623/431 1039/1624/431 1041/1626/431
f 969/1627/432 970/1625/432 1041/1626/432 1040/1628/432
f 982/1629/433 969/1627/433 1040/1628/433 1008/1630/433
f 983/1631/434 982/1629/434 1008/1630/434 1007/1632/434
f 981/1633/435 983/1631/435 1007/1632/435 1009/1634/435
f 957/1635/436 981/1633/436 1009/1634/436 1005/1636/436
f 956/1637/437 957/1635/437 1005/1636/437 1006/1638/437
f 958/1639/438 956/1637/438 1006/1638/438 1004/1640/438
f 954/1641/439 958/1639/439 1004/1640/439 1010/1642/439
f 955/1643/440 954/1641/440 1010/1642/440 1002/1644/440
f 953/1645/441 955/1643/441 1002/1644/441 1003/1646/441
f 959/1647/442 953/1645/442 1003/1646/442 1001/1648/442
f 951/1649/443 959/1647/443 1001/1648/443 1000/1650/443
f 952/1651/444 951/1649/444 1000/1650/444 999/1652/444
f 950/1653/445 952/1651/445 999/1652/445 998/1654/445
f 949/1655/446 950/1653/446 998/1654/446 1042/1656/446
f 948/1657/448 949/1655/448 1042/1656/448 1047/1658/448
f 947/1659/449 948/1657/449 1047/1658/449 1048/1660/449
f 979/1661/385 947/1659/385 1048/1660/385 1021/1662/385
f 976/1663/386 979/1661/386 1021/1662/386 1020/1664/386
f 977/1665/387 976/1663/387 1020/1664/387 1022/1666/387
f 944/1667/388 977/1665/388 1022/1666/388 1018/1668/388
f 943/1669/389 944/1667/389 1018/1668/389 1019/1670/389
f 945/1671/390 943/1669/390 1019/1670/390 1017/1672/390
f 941/1673/391 945/1671/391 1017/1672/391 1023/1674/391
f 942/1675/392 941/1673/392 1023/1674/392 1015/1676/392
f 1016/1677/393 940/1678/393 942/1675/393 1015/1676/393
f 1014/1679/394 946/1680/394 940/1678/394 1016/1677/394
f 1013/1681/395 938/1682/395 946/1680/395 1014/1679/395
f 1012/1683/396 939/1684/396 938/1682/396 1013/1681/396
f 1011/1685/397 937/1686/397 939/1684/397 1012/1683/397
f 1044/1687/398 935/1688/398 937/1686/398 1011/1685/398
f 1045/1689/399 936/1690/399 935/1688/399 1044/1687/399
f 1043/1691/400 934/1692/400 936/1690/400 1045/1689/400
f 1024/1693/401 973/1694/401 934/1692/401 1043/1691/401
f 1025/1695/402 975/1696/402 973/1694/402 1024/1693/402
f 1026/1697/403 974/1698/403 975/1696/403 1025/1695/403
f 1027/1699/404 921/1700/404 974/1698/404 1026/1697/404
f 1029/1701/405 922/1702/405 921/1700/405 1027/1699/405
f 1028/1703/406 923/1704/406 922/1702/406 1029/1701/406
f 1036/1705/407 924/1706/407 923/1704/407 1028/1703/407
f 1030/1707/408 926/1708/408 924/1706/408 1036/1705/408
f 1032/1709/409 925/1710/409 926/1708/409 1030/1707/409
f 1031/1711/410 933/1712/410 925/1710/410 1032/1709/410
f 1035/1713/411 927/1714/411 933/1712/411 1031/1711/411
f 1033/1715/412 929/1716/412 927/1714/412 1035/1713/412
f 1034/1717/413 928/1718/413 929/1716/413 1033/1715/413
f 1046/1719/414 932/1720/414 928/1718/414 1034/1717/414
f 1037/1721/415 930/1722/415 932/1720/415 1046/1719/415
f 1038/1723/416 931/1724/416 930/1722/416 1037/1721/416
o Turntable
v 0.000000 8.000000 -45.000000
v 0.000000 18.000000 -45.000000
v 4.410771 8.000000 -44.783314
v 4.410771 18.000000 -44.783314
v 8.779064 8.000000 -44.135338
v 8.779064 18.000000 -44.135338
v 13.062810 8.000000 -43.062317
v 13.062810 18.000000 -43.062317
v 17.220755 8.000000 -41.574577
v 17.220755 18.000000 -41.574577
v 21.212854 8.000000 -39.686455
v 21.212854 18.000000 -39.686455
v 25.000662 8.000000 -37.416130
v 25.000662 18.000000 -37.416130
v 28.547701 8.000000 -34.785469
v 28.547701 18.000000 -34.785469
v 31.819805 8.000000 -31.819805
v 31.819805 18.000000 -31.819805
v 34.785469 8.000000 -28.547701
v 34.785469 18.000000 -28.547701
v 37.416130 8.000000 -25.000662
v 37.416130 18.000000 -25.000662
v 39.686455 8.000000 -21.212854
v 39.686455 18.000000 -21.212854
v 41.574577 8.000000 -17.220755
v 41.574577 18.000000 -17.220755
v 43.062317 8.000000 -13.062810
v 43.062317 18.000000 -13.062810
v 44.135338 8.000000 -8.779064
v 44.135338 18.000000 -8.779064
v 44.783314 8.000000 -4.410771
v 44.783314 18.000000 -4.410771
v 45.000000 8.000000 0.000000
v 45.000000 18.000000 0.000000
v 44.783314 8.000000 4.410771
v 44.783314 18.000000 4.410771
v 44.135338 8.000000 8.779064
v 44.135338 18.000000 8.779064
v 43.062317 8.000000 13.062810
v 43.062317 18.000000 13.062810
v 41.574577 8.000000 17.220755
v 41.574577 18.000000 17.220755
v 39.686455 8.000000 21.212854
v 39.686455 18.000000 21.212854
v 37.416130 8.000000 25.000662
v 37.416130 18.000000 25.000662
v 34.785469 8.000000 28.547701
v 34.785469 18.000000 28.547701
v 31.819805 8.000000 31.819805
v 31.819805 18.000000 31.819805
v 28.547701 8.000000 34.785469
v 28.547701 18.000000 34.785469
v 25.000662 8.000000 37.416130
v 25.000662 18.000000 37.416130
v 21.212854 8.000000 39.686455
v 21.212854 18.000000 39.686455
v 17.220755 8.000000 41.574577
v 17.220755 18.000000 41.574577
v 13.062810 8.000000 43.062317
v 13.062810 18.000000 43.062317
v 8.779064 8.000000 44.135338
v 8.779064 18.000000 44.135338
v 4.410771 8.000000 44.783314
v 4.410771 18.000000 44.783314
v 0.000000 8.000000 45.000000
v 0.000000 18.000000 45.000000
v -4.410771 8.000000 44.783314
v -4.410771 18.000000 44.783314
v -8.779064 8.000000 44.135338
v -8.779064 18.000000 44.135338
v -13.062810 8.000000 43.062317
v -13.062810 18.000000 43.062317
v -17.220755 8.000000 41.574577
v -17.220755 18.000000 41.574577
v -21.212854 8.000000 39.686455
v -21.212854 18.000000 39.686455
v -25.000662 8.000000 37.416130
v -25.000662 18.000000 37.416130
v -28.547701 8.000000 34.785469
v -28.547701 18.000000 34.785469
v -31.819805 8.000000 31.819805
v -31.819805 18.000000 31.819805
v -34.785469 8.000000 28.547701
v -34.785469 18.000000 28.547701
v -37.416130 8.000000 25.000662
v -37.416130 18.000000 25.000662
v -39.686455 8.000000 21.212854
v -39.686455 18.000000 21.212854
v -41.574577 8.000000 17.220755
v -41.574577 18.000000 17.220755
v -43.062317 8.000000 13.062810
v -43.062317 18.000000 13.062810
v -44.135338 8.000000 8.779064
v -44.135338 18.000000 8.779064
v -44.783314 8.000000 4.410771
v -44.783314 18.000000 4.410771
v -45.000000 8.000000 0.000000
v -45.000000 18.000000 0.000000
v -44.783314 8.000000 -4.410771
v -44.783314 18.000000 -4.410771
v -44.135338 8.000000 -8.779064
v -44.135338 18.000000 -8.779064
v -43.062317 8.000000 -13.062810
v -43.062317 18.000000 -13.062810
v -41.574577 8.000000 -17.220755
v -41.574577 18.000000 -17.220755
v -39.686455 8.000000 -21.212854
v -39.686455 18.000000 -21.212854
v -37.416130 8.000000 -25.000662
v -37.416130 18.000000 -25.000662
v -34.785469 8.000000 -28.547701
v -34.785469 18.000000 -28.547701
v -31.819805 8.000000 -31.819805
v -31.819805 18.000000 -31.819805
v -28.547701 8.000000 -34.785469
v -28.547701 18.000000 -34.785469
v -25.000662 8.000000 -37.416130
v -25.000662 18.000000 -37.416130
v -21.212854 8.000000 -39.686455
v -21.212854 18.000000 -39.686455
v -17.220755 8.000000 -41.574577
v -17.220755 18.000000 -41.574577
v -13.062810 8.000000 -43.062317
v -13.062810 18.000000 -43.062317
v -8.779064 8.000000 -44.135338
v -8.779064 18.000000 -44.135338
v -4.410771 8.000000 -44.783314
v -4.410771 18.000000 -44.783314
vn 0.0491 -0.0000 -0.9988
vn 0.1467 -0.0000 -0.9892
vn 0.2430 -0.0000 -0.9700
vn 0.3369 -0.0000 -0.9415
vn 0.4276 -0.0000 -0.9040
vn 0.5141 -0.0000 -0.8577
vn 0.5957 -0.0000 -0.8032
vn 0.6716 -0.0000 -0.7410
vn 0.7410 -0.0000 -0.6716
vn 0.8032 -0.0000 -0.5957
vn 0.8577 -0.0000 -0.5141
vn 0.9040 -0.0000 -0.4276
vn 0.9415 -0.0000 -0.3369
vn 0.9700 -0.0000 -0.2430
vn 0.9892 -0.0000 -0.1467
vn 0.9988 -0.0000 -0.0491
vn 0.9988 -0.0000 0.0491
vn 0.9892 -0.0000 0.1467
vn 0.9700 -0.0000 0.2430
vn 0.9415 -0.0000 0.3369
vn 0.9040 -0.0000 0.4276
vn 0.8577 -0.0000 0.5141
vn 0.8032 -0.0000 0.5957
vn 0.7410 -0.0000 0.6716
vn 0.6716 -0.0000 0.7410
vn 0.5957 -0.0000 0.8032
vn 0.5141 -0.0000 0.8577
vn 0.4276 -0.0000 0.9040
vn 0.3369 -0.0000 0.9415
vn 0.2430 -0.0000 0.9700
vn 0.1467 -0.0000 0.9892
vn 0.0491 -0.0000 0.9988
vn -0.0491 -0.0000 0.9988
vn -0.1467 -0.0000 0.9892
vn -0.2430 -0.0000 0.9700
vn -0.3369 -0.0000 0.9415
vn -0.4276 -0.0000 0.9040
vn -0.5141 -0.0000 0.8577
vn -0.5957 -0.0000 0.8032
vn -0.6716 -0.0000 0.7410
vn -0.7410 -0.0000 0.6716
vn -0.8032 -0.0000 0.5957
vn -0.8577 -0.0000 0.5141
vn -0.9040 -0.0000 0.4276
vn -0.9415 -0.0000 0.3369
vn -0.9700 -0.0000 0.2430
vn -0.9892 -0.0000 0.1467
vn -0.9988 -0.0000 0.0491
vn -0.9988 -0.0000 -0.0491
vn -0.9892 -0.0000 -0.1467
vn -0.9700 -0.0000 -0.2430
vn -0.9415 -0.0000 -0.3369
vn -0.9040 -0.0000 -0.4276
vn -0.8577 -0.0000 -0.5141
vn -0.8032 -0.0000 -0.5957
vn -0.7410 -0.0000 -0.6716
vn -0.6716 -0.0000 -0.7410
vn -0.5957 -0.0000 -0.8032
vn -0.5141 -0.0000 -0.8577
vn -0.4276 -0.0000 -0.9040
vn -0.3369 -0.0000 -0.9415
vn -0.2430 -0.0000 -0.9700
vn -0.0000 1.0000 -0.0000
vn -0.1467 -0.0000 -0.9892
vn -0.0491 -0.0000 -0.9988
vn -0.0000 -1.0000 -0.0000
vt 1.000000 0.500000
vt 1.000000 1.000000
vt 0.984375 1.000000
vt 0.984375 0.500000
vt 0.968750 1.000000
vt 0.968750 0.500000
vt 0.953125 1.000000
vt 0.953125 0.500000
vt 0.937500 1.000000
vt 0.937500 0.500000
vt 0.921875 1.000000
vt 0.921875 0.500000
vt 0.906250 1.000000
vt 0.906250 0.500000
vt 0.890625 1.000000
vt 0.890625 0.500000
vt 0.875000 1.000000
vt 0.875000 0.500000
vt 0.859375 1.000000
vt 0.859375 0.500000
vt 0.843750 1.000000
vt 0.843750 0.500000
vt 0.828125 1.000000
vt 0.828125 0.500000
vt 0.812500 1.000000
vt 0.812500 0.500000
vt 0.796875 1.000000
vt 0.796875 0.500000
vt 0.781250 1.000000
vt 0.781250 0.500000
vt 0.765625 1.000000
vt 0.765625 0.500000
vt 0.750000 1.000000
vt 0.750000 0.500000
vt 0.734375 1.000000
vt 0.734375 0.500000
vt 0.718750 1.000000
vt 0.718750 0.500000
vt 0.703125 1.000000
vt 0.703125 0.500000
vt 0.687500 1.000000
vt 0.687500 0.500000
vt 0.671875 1.000000
vt 0.671875 0.500000
vt 0.656250 1.000000
vt 0.656250 0.500000
vt 0.640625 1.000000
vt 0.640625 0.500000
vt 0.625000 1.000000
vt 0.625000 0.500000
vt 0.609375 1.000000
vt 0.609375 0.500000
vt 0.593750 1.000000
vt 0.593750 0.500000
vt 0.578125 1.000000
vt 0.578125 0.500000
vt 0.562500 1.000000
vt 0.562500 0.500000
vt 0.546875 1.000000
vt 0.546875 0.500000
vt 0.531250 1.000000
vt 0.531250 0.500000
vt 0.515625 1.000000
vt 0.515625 0.500000
vt 0.500000 1.000000
vt 0.500000 0.500000
vt 0.484375 1.000000
vt 0.484375 0.500000
vt 0.468750 1.000000
vt 0.468750 0.500000
vt 0.453125 1.000000
vt 0.453125 0.500000
vt 0.437500 1.000000
vt 0.437500 0.500000
vt 0.421875 1.000000
vt 0.421875 0.500000
vt 0.406250 1.000000
vt 0.406250 0.500000
vt 0.390625 1.000000
vt 0.390625 0.500000
vt 0.375000 1.000000
vt 0.375000 0.500000
vt 0.359375 1.000000
vt 0.359375 0.500000
vt 0.343750 1.000000
vt 0.343750 0.500000
vt 0.328125 1.000000
vt 0.328125 0.500000
vt 0.312500 1.000000
vt 0.312500 0.500000
vt 0.296875 1.000000
vt 0.296875 0.500000
vt 0.281250 1.000000
vt 0.281250 0.500000
vt 0.265625 1.000000
vt 0.265625 0.500000
vt 0.250000 1.000000
vt 0.250000 0.500000
vt 0.234375 1.000000
vt 0.234375 0.500000
vt 0.218750 1.000000
vt 0.218750 0.500000
vt 0.203125 1.000000
vt 0.203125 0.500000
vt 0.187500 1.000000
vt 0.187500 0.500000
vt 0.171875 1.000000
vt 0.171875 0.500000
vt 0.156250 1.000000
vt 0.156250 0.500000
vt 0.140625 1.000000
vt 0.140625 0.500000
vt 0.125000 1.000000
vt 0.125000 0.500000
vt 0.109375 1.000000
vt 0.109375 0.500000
vt 0.093750 1.000000
vt 0.093750 0.500000
vt 0.078125 1.000000
vt 0.078125 0.500000
vt 0.062500 1.000000
vt 0.062500 0.500000
vt 0.046875 1.000000
vt 0.046875 0.500000
vt 0.031250 1.000000
vt 0.031250 0.500000
vt 0.273524 0.488844
vt 0.250000 0.490000
vt 0.226476 0.488844
vt 0.203178 0.485388
vt 0.180332 0.479666
vt 0.158156 0.471731
vt 0.136865 0.461661
vt 0.116663 0.449553
vt 0.097746 0.435522
vt 0.080294 0.419706
vt 0.064478 0.402254
vt 0.050447 0.383337
vt 0.038339 0.363135
vt 0.028269 0.341844
vt 0.020334 0.319668
vt 0.014612 0.296822
vt 0.011156 0.273524
vt 0.010000 0.250000
vt 0.011156 0.226476
vt 0.014612 0.203178
vt 0.020334 0.180332
vt 0.028269 0.158156
vt 0.038339 0.136865
vt 0.050447 0.116663
vt 0.064478 0.097746
vt 0.080294 0.080294
vt 0.097746 0.064478
vt 0.116663 0.050447
vt 0.136865 0.038339
vt 0.158156 0.028269
vt 0.180332 0.020334
vt 0.203178 0.014612
vt 0.226476 0.011156
vt 0.250000 0.010000
vt 0.273524 0.011156
vt 0.296822 0.014612
vt 0.319668 0.020334
vt 0.341844 0.028269
vt 0.363135 0.038339
vt 0.383337 0.050447
vt 0.402254 0.064478
vt 0.419706 0.080294
vt 0.435522 0.097746
vt 0.449553 0.116663
vt 0.461661 0.136865
vt 0.471731 0.158156
vt 0.479666 0.180332
vt 0.485388 0.203178
vt 0.488844 0.226476
vt 0.490000 0.250000
vt 0.488844 0.273524
vt 0.485388 0.296822
vt 0.479666 0.319668
vt 0.471731 0.341844
vt 0.461661 0.363135
vt 0.449553 0.383337
vt 0.435522 0.402254
vt 0.419706 0.419706
vt 0.402254 0.435522
vt 0.383337 0.449553
vt 0.363135 0.461661
vt 0.341844 0.471731
vt 0.319668 0.479666
vt 0.296822 0.485388
vt 0.015625 1.000000
vt 0.015625 0.500000
vt 0.000000 1.000000
vt 0.000000 0.500000
vt 0.750000 0.490000
vt 0.773524 0.488844
vt 0.796822 0.485388
vt 0.819668 0.479666
vt 0.841844 0.471731
vt 0.863135 0.461661
vt 0.883337 0.449553
vt 0.902254 0.435522
vt 0.919706 0.419706
vt 0.935522 0.402254
vt 0.949553 0.383337
vt 0.961661 0.363135
vt 0.971731 0.341844
vt 0.979666 0.319668
vt 0.985388 0.296822
vt 0.988844 0.273524
vt 0.990000 0.250000
vt 0.988844 0.226476
vt 0.985388 0.203178
vt 0.979666 0.180332
vt 0.971731 0.158156
vt 0.961661 0.136865
vt 0.949553 0.116663
vt 0.935522 0.097746
vt 0.919706 0.080294
vt 0.902254 0.064478
vt 0.883337 0.050447
vt 0.863135 0.038339
vt 0.841844 0.028269
vt 0.819668 0.020334
vt 0.796822 0.014612
vt 0.773524 0.011156
vt 0.750000 0.010000
vt 0.726476 0.011156
vt 0.703178 0.014612
vt 0.680332 0.020334
vt 0.658156 0.028269
vt 0.636865 0.038339
vt 0.616663 0.050447
vt 0.597746 0.064478
vt 0.580294 0.080294
vt 0.564478 0.097746
vt 0.550447 0.116663
vt 0.538339 0.136865
vt 0.528269 0.158156
vt 0.520334 0.180332
vt 0.514612 0.203178
vt 0.511156 0.226476
vt 0.510000 0.250000
vt 0.511156 0.273524
vt 0.514612 0.296822
vt 0.520334 0.319668
vt 0.528269 0.341844
vt 0.538339 0.363135
vt 0.550447 0.383337
vt 0.564478 0.402254
vt 0.580294 0.419706
vt 0.597746 0.435522
vt 0.616663 0.449553
vt 0.636865 0.461661
vt 0.658156 0.471731
vt 0.680332 0.479666
vt 0.703178 0.485388
vt 0.726476 0.488844
s 0
usemtl Dark_Aluminum
f 1049/1725/451 1050/1726/451 1052/1727/451 1051/1728/451
f 1051/1728/452 1052/1727/452 1054/1729/452 1053/1730/452
f 1053/1730/453 1054/1729/453 1056/1731/453 1055/1732/453
f 1055/1732/454 1056/1731/454 1058/1733/454 1057/1734/454
f 1057/1734/455 1058/1733/455 1060/1735/455 1059/1736/455
f 1059/1736/456 1060/1735/456 1062/1737/456 1061/1738/456
f 1061/1738/457 1062/1737/457 1064/1739/457 1063/1740/457
f 1063/1740/458 1064/1739/458 1066/1741/458 1065/1742/458
f 1065/1742/459 1066/1741/459 1068/1743/459 1067/1744/459
f 1067/1744/460 1068/1743/460 1070/1745/460 1069/1746/460
f 1069/1746/461 1070/1745/461 1072/1747/461 1071/1748/461
f 1071/1748/462 1072/1747/462 1074/1749/462 1073/1750/462
f 1073/1750/463 1074/1749/463 1076/1751/463 1075/1752/463
f 1075/1752/464 1076/1751/464 1078/1753/464 1077/1754/464
f 1077/1754/465 1078/1753/465 1080/1755/465 1079/1756/465
f 1079/1756/466 1080/1755/466 1082/1757/466 1081/1758/466
f 1081/1758/467 1082/1757/467 1084/1759/467 1083/1760/467
f 1083/1760/468 1084/1759/468 1086/1761/468 1085/1762/468
f 1085/1762/469 1086/1761/469 1088/1763/469 1087/1764/469
f 1087/1764/470 1088/1763/470 1090/1765/470 1089/1766/470
f 1089/1766/471 1090/1765/471 1092/1767/471 1091/1768/471
f 1091/1768/472 1092/1767/472 1094/1769/472 1093/1770/472
f 1093/1770/473 1094/1769/473 1096/1771/473 1095/1772/473
f 1095/1772/474 1096/1771/474 1098/1773/474 1097/1774/474
f 1097/1774/475 1098/1773/475 1100/1775/475 1099/1776/475
f 1099/1776/476 1100/1775/476 1102/1777/476 1101/1778/476
f 1101/1778/477 1102/1777/477 1104/1779/477 1103/1780/477
f 1103/1780/478 1104/1779/478 1106/1781/478 1105/1782/478
f 1105/1782/479 1106/1781/479 1108/1783/479 1107/1784/479
f 1107/1784/480 1108/1783/480 1110/1785/480 1109/1786/480
f 1109/1786/481 1110/1785/481 1112/1787/481 1111/1788/481
f 1111/1788/482 1112/1787/482 1114/1789/482 1113/1790/482
f 1113/1790/483 1114/1789/483 1116/1791/483 1115/1792/483
f 1115/1792/484 1116/1791/484 1118/1793/484 1117/1794/484
f 1117/1794/485 1118/1793/485 1120/1795/485 1119/1796/485
f 1119/1796/486 1120/1795/486 1122/1797/486 1121/1798/486
f 1121/1798/487 1122/1797/487 1124/1799/487 1123/1800/487
f 1123/1800/488 1124/1799/488 1126/1801/488 1125/1802/488
f 1125/1802/489 1126/1801/489 1128/1803/489 1127/1804/489
f 1127/1804/490 1128/1803/490 1130/1805/490 1129/1806/490
f 1129/1806/491 1130/1805/491 1132/1807/491 1131/1808/491
f 1131/1808/492 1132/1807/492 1134/1809/492 1133/1810/492
f 1133/1810/493 1134/1809/493 1136/1811/493 1135/1812/493
f 1135/1812/494 1136/1811/494 1138/1813/494 1137/1814/494
f 1137/1814/495 1138/1813/495 1140/1815/495 1139/1816/495
f 1139/1816/496 1140/1815/496 1142/1817/496 1141/1818/496
f 1141/1818/497 1142/1817/497 1144/1819/497 1143/1820/497
f 1143/1820/498 1144/1819/498 1146/1821/498 1145/1822/498
f 1145/1822/499 1146/1821/499 1148/1823/499 1147/1824/499
f 1147/1824/500 1148/1823/500 1150/1825/500 1149/1826/500
f 1149/1826/501 1150/1825/501 1152/1827/501 1151/1828/501
f 1151/1828/502 1152/1827/502 1154/1829/502 1153/1830/502
f 1153/1830/503 1154/1829/503 1156/1831/503 1155/1832/503
f 1155/1832/504 1156/1831/504 1158/1833/504 1157/1834/504
f 1157/1834/505 1158/1833/505 1160/1835/505 1159/1836/505
f 1159/1836/506 1160/1835/506 1162/1837/506 1161/1838/506
f 1161/1838/507 1162/1837/507 1164/1839/507 1163/1840/507
f 1163/1840/508 1164/1839/508 1166/1841/508 1165/1842/508
f 1165/1842/509 1166/1841/509 1168/1843/509 1167/1844/509
f 1167/1844/510 1168/1843/510 1170/1845/510 1169/1846/510
f 1169/1846/511 1170/1845/511 1172/1847/511 1171/1848/511
f 1171/1848/512 1172/1847/512 1174/1849/512 1173/1850/512
f 1052/1851/513 1050/1852/513 1176/1853/513 1174/1854/513 1172/1855/513 1170/1856/513 1168/1857/513 1166/1858/513 1164/1859/513 1162/1860/513 1160/1861/513 1158/1862/513 1156/1863/513 1154/1864/513 1152/1865/513 1150/1866/513 1148/1867/513 1146/1868/513 1144/1869/513 1142/1870/513 1140/1871/513 1138/1872/513 1136/1873/513 1134/1874/513 1132/1875/513 1130/1876/513 1128/1877/513 1126/1878/513 1124/1879/513 1122/1880/513 1120/1881/513 1118/1882/513 1116/1883/513 1114/1884/513 1112/1885/513 1110/1886/513 1108/1887/513 1106/1888/513 1104/1889/513 1102/1890/513 1100/1891/513 1098/1892/513 1096/1893/513 1094/1894/513 1092/1895/513 1090/1896/513 1088/1897/513 1086/1898/513 1084/1899/513 1082/1900/513 1080/1901/513 1078/1902/513 1076/1903/513 1074/1904/513 1072/1905/513 1070/1906/513 1068/1907/513 1066/1908/513 1064/1909/513 1062/1910/513 1060/1911/513 1058/1912/513 1056/1913/513 1054/1914/513
f 1173/1850/514 1174/1849/514 1176/1915/514 1175/1916/514
f 1175/1916/515 1176/1915/515 1050/1917/515 1049/1918/515
f 1049/1919/516 1051/1920/516 1053/1921/516 1055/1922/516 1057/1923/516 1059/1924/516 1061/1925/516 1063/1926/516 1065/1927/516 1067/1928/516 1069/1929/516 1071/1930/516 1073/1931/516 1075/1932/516 1077/1933/516 1079/1934/516 1081/1935/516 1083/1936/516 1085/1937/516 1087/1938/516 1089/1939/516 1091/1940/516 1093/1941/516 1095/1942/516 1097/1943/516 1099/1944/516 1101/1945/516 1103/1946/516 1105/1947/516 1107/1948/516 1109/1949/516 1111/1950/516 1113/1951/516 1115/1952/516 1117/1953/516 1119/1954/516 1121/1955/516 1123/1956/516 1125/1957/516 1127/1958/516 1129/1959/516 1131/1960/516 1133/1961/516 1135/1962/516 1137/1963/516 1139/1964/516 1141/1965/516 1143/1966/516 1145/1967/516 1147/1968/516 1149/1969/516 1151/1970/516 1153/1971/516 1155/1972/516 1157/1973/516 1159/1974/516 1161/1975/516 1163/1976/516 1165/1977/516 1167/1978/516 1169/1979/516 1171/1980/516 1173/1981/516 1175/1982/516
o bearing_outer_ring
v 0.000000 8.000000 -42.000000
v 0.000000 12.000000 -42.000000
v 4.116720 8.000000 -41.797760
v 4.116720 12.000000 -41.797760
v 8.193793 8.000000 -41.192982
v 8.193793 12.000000 -41.192982
v 12.191956 8.000000 -40.191494
v 12.191956 12.000000 -40.191494
v 16.072704 8.000000 -38.802940
v 16.072704 12.000000 -38.802940
v 19.798664 8.000000 -37.040691
v 19.798664 12.000000 -37.040691
v 23.333950 8.000000 -34.921722
v 23.333950 12.000000 -34.921722
v 26.644520 8.000000 -32.466438
v 26.644520 12.000000 -32.466438
v 29.698484 8.000000 -29.698484
v 29.698484 12.000000 -29.698484
v 32.466438 8.000000 -26.644520
v 32.466438 12.000000 -26.644520
v 34.921722 8.000000 -23.333950
v 34.921722 12.000000 -23.333950
v 37.040691 8.000000 -19.798664
v 37.040691 12.000000 -19.798664
v 38.802940 8.000000 -16.072704
v 38.802940 12.000000 -16.072704
v 40.191494 8.000000 -12.191956
v 40.191494 12.000000 -12.191956
v 41.192982 8.000000 -8.193793
v 41.192982 12.000000 -8.193793
v 41.797760 8.000000 -4.116720
v 41.797760 12.000000 -4.116720
v 42.000000 8.000000 0.000000
v 42.000000 12.000000 0.000000
v 41.797760 8.000000 4.116720
v 41.797760 12.000000 4.116720
v 41.192982 8.000000 8.193793
v 41.192982 12.000000 8.193793
v 40.191494 8.000000 12.191956
v 40.191494 12.000000 12.191956
v 38.802940 8.000000 16.072704
v 38.802940 12.000000 16.072704
v 37.040691 8.000000 19.798664
v 37.040691 12.000000 19.798664
v 34.921722 8.000000 23.333950
v 34.921722 12.000000 23.333950
v 32.466438 8.000000 26.644520
v 32.466438 12.000000 26.644520
v 29.698484 8.000000 29.698484
v 29.698484 12.000000 29.698484
v 26.644520 8.000000 32.466438
v 26.644520 12.000000 32.466438
v 23.333950 8.000000 34.921722
v 23.333950 12.000000 34.921722
v 19.798664 8.000000 37.040691
v 19.798664 12.000000 37.040691
v 16.072704 8.000000 38.802940
v 16.072704 12.000000 38.802940
v 12.191956 8.000000 40.191494
v 12.191956 12.000000 40.191494
v 8.193793 8.000000 41.192982
v 8.193793 12.000000 41.192982
v 4.116720 8.000000 41.797760
v 4.116720 12.000000 41.797760
v 0.000000 8.000000 42.000000
v 0.000000 12.000000 42.000000
v -4.116720 8.000000 41.797760
v -4.116720 12.000000 41.797760
v -8.193793 8.000000 41.192982
v -8.193793 12.000000 41.192982
v -12.191956 8.000000 40.191494
v -12.191956 12.000000 40.191494
v -16.072704 8.000000 38.802940
v -16.072704 12.000000 38.802940
v -19.798664 8.000000 37.040691
v -19.798664 12.000000 37.040691
v -23.333950 8.000000 34.921722
v -23.333950 12.000000 34.921722
v -26.644520 8.000000 32.466438
v -26.644520 12.000000 32.466438
v -29.698484 8.000000 29.698484
v -29.698484 12.000000 29.698484
v -32.466438 8.000000 26.644520
v -32.466438 12.000000 26.644520
v -34.921722 8.000000 23.333950
v -34.921722 12.000000 23.333950
v -37.040691 8.000000 19.798664
v -37.040691 12.000000 19.798664
v -38.802940 8.000000 16.072704
v -38.802940 12.000000 16.072704
v -40.191494 8.000000 12.191956
v -40.191494 12.000000 12.191956
v -41.192982 8.000000 8.193793
v -41.192982 12.000000 8.193793
v -41.797760 8.000000 4.116720
v -41.797760 12.000000 4.116720
v -42.000000 8.000000 0.000000
v -42.000000 12.000000 0.000000
v -41.797760 8.000000 -4.116720
v -41.797760 12.000000 -4.116720
v -41.192982 8.000000 -8.193793
v -41.192982 12.000000 -8.193793
v -40.191494 8.000000 -12.191956
v -40.191494 12.000000 -12.191956
v -38.802940 8.000000 -16.072704
v -38.802940 12.000000 -16.072704
v -37.040691 8.000000 -19.798664
v -37.040691 12.000000 -19.798664
v -34.921722 8.000000 -23.333950
v -34.921722 12.000000 -23.333950
v -32.466438 8.000000 -26.644520
v -32.466438 12.000000 -26.644520
v -29.698484 8.000000 -29.698484
v -29.698484 12.000000 -29.698484
v -26.644520 8.000000 -32.466438
v -26.644520 12.000000 -32.466438
v -23.333950 8.000000 -34.921722
v -23.333950 12.000000 -34.921722
v -19.798664 8.000000 -37.040691
v -19.798664 12.000000 -37.040691
v -16.072704 8.000000 -38.802940
v -16.072704 12.000000 -38.802940
v -12.191956 8.000000 -40.191494
v -12.191956 12.000000 -40.191494
v -8.193793 8.000000 -41.192982
v -8.193793 12.000000 -41.192982
v -4.116720 8.000000 -41.797760
v -4.116720 12.000000 -41.797760
v -19.031799 12.000000 -23.190313
v -16.667107 12.000000 -24.944088
v -14.141902 12.000000 -26.457638
v -26.457638 12.000000 14.141902
v -23.190313 12.000000 19.031799
v -24.944088 12.000000 16.667107
v 14.141902 12.000000 26.457638
v 19.031799 12.000000 23.190313
v 16.667107 12.000000 24.944088
v 23.190313 12.000000 -19.031799
v 26.457638 12.000000 -14.141902
v 24.944088 12.000000 -16.667107
v -30.000000 12.000000 0.000000
v -29.855541 12.000000 2.940514
v -29.855541 12.000000 -2.940514
v -28.708210 12.000000 8.708540
v -29.423557 12.000000 -5.852710
v -29.423557 12.000000 5.852710
v -28.708210 12.000000 -8.708540
v -27.716385 12.000000 -11.480504
v -24.944088 12.000000 -16.667107
v -23.190313 12.000000 -19.031799
v -26.457638 12.000000 -14.141902
v -27.716385 12.000000 11.480504
v -21.213203 12.000000 -21.213203
v -16.667107 12.000000 24.944088
v -19.031799 12.000000 23.190313
v -11.480504 12.000000 27.716385
v -11.480504 12.000000 -27.716385
v -14.141902 12.000000 26.457638
v -5.852710 12.000000 29.423557
v -5.852710 12.000000 -29.423557
v 0.000000 12.000000 -30.000000
v 2.940514 12.000000 -29.855541
v -2.940514 12.000000 -29.855541
v -8.708540 12.000000 -28.708210
v -8.708540 12.000000 28.708210
v -21.213203 12.000000 21.213203
v 0.000000 12.000000 30.000000
v -2.940514 12.000000 29.855541
v 5.852710 12.000000 -29.423557
v 5.852710 12.000000 29.423557
v 2.940514 12.000000 29.855541
v 11.480504 12.000000 27.716385
v 14.141902 12.000000 -26.457638
v 16.667107 12.000000 -24.944088
v 11.480504 12.000000 -27.716385
v 8.708540 12.000000 28.708210
v 8.708540 12.000000 -28.708210
v 19.031799 12.000000 -23.190313
v 23.190313 12.000000 19.031799
v 21.213203 12.000000 -21.213203
v 26.457638 12.000000 14.141902
v 24.944088 12.000000 16.667107
v 28.708210 12.000000 8.708540
v 28.708210 12.000000 -8.708540
v 30.000000 12.000000 0.000000
v 29.855541 12.000000 2.940514
v 29.855541 12.000000 -2.940514
v 29.423557 12.000000 5.852710
v 29.423557 12.000000 -5.852710
v 21.213203 12.000000 21.213203
v 27.716385 12.000000 11.480504
v 27.716385 12.000000 -11.480504
v 16.667107 8.000000 -24.944088
v 21.213203 8.000000 -21.213203
v 19.031799 8.000000 -23.190313
v 21.213203 8.000000 21.213203
v 23.190313 8.000000 19.031799
v 24.944088 8.000000 16.667107
v -21.213203 8.000000 21.213203
v -19.031799 8.000000 23.190313
v -16.667107 8.000000 24.944088
v -24.944088 8.000000 -16.667107
v -21.213203 8.000000 -21.213203
v -23.190313 8.000000 -19.031799
v 0.000000 8.000000 -30.000000
v 5.852710 8.000000 29.423557
v 5.852710 8.000000 -29.423557
v 2.940514 8.000000 29.855541
v 2.940514 8.000000 -29.855541
v 11.480504 8.000000 -27.716385
v 16.667107 8.000000 24.944088
v 14.141902 8.000000 26.457638
v 11.480504 8.000000 27.716385
v 14.141902 8.000000 -26.457638
v 8.708540 8.000000 28.708210
v 8.708540 8.000000 -28.708210
v 24.944088 8.000000 -16.667107
v 23.190313 8.000000 -19.031799
v 26.457638 8.000000 14.141902
v 26.457638 8.000000 -14.141902
v 28.708210 8.000000 8.708540
v 28.708210 8.000000 -8.708540
v 30.000000 8.000000 0.000000
v 29.855541 8.000000 2.940514
v 29.855541 8.000000 -2.940514
v 29.423557 8.000000 5.852710
v 29.423557 8.000000 -5.852710
v 27.716385 8.000000 11.480504
v 27.716385 8.000000 -11.480504
v 19.031799 8.000000 23.190313
v -30.000000 8.000000 0.000000
v -29.855541 8.000000 2.940514
v -29.855541 8.000000 -2.940514
v -29.423557 8.000000 5.852710
v -28.708210 8.000000 -8.708540
v -28.708210 8.000000 8.708540
v -29.423557 8.000000 -5.852710
v -27.716385 8.000000 11.480504
v -23.190313 8.000000 19.031799
v -24.944088 8.000000 16.667107
v -26.457638 8.000000 14.141902
v -26.457638 8.000000 -14.141902
v -27.716385 8.000000 -11.480504
v -16.667107 8.000000 -24.944088
v -11.480504 8.000000 27.716385
v -11.480504 8.000000 -27.716385
v -14.141902 8.000000 26.457638
v -14.141902 8.000000 -26.457638
v -5.852710 8.000000 -29.423557
v -5.852710 8.000000 29.423557
v -8.708540 8.000000 -28.708210
v 0.000000 8.000000 30.000000
v -2.940514 8.000000 29.855541
v -2.940514 8.000000 -29.855541
v -8.708540 8.000000 28.708210
v -19.031799 8.000000 -23.190313
vn 0.0491 -0.0000 -0.9988
vn 0.1467 -0.0000 -0.9892
vn 0.2430 -0.0000 -0.9700
vn 0.3369 -0.0000 -0.9415
vn 0.4276 -0.0000 -0.9040
vn 0.5141 -0.0000 -0.8577
vn 0.5957 -0.0000 -0.8032
vn 0.6716 -0.0000 -0.7410
vn 0.7410 -0.0000 -0.6716
vn 0.8032 -0.0000 -0.5957
vn 0.8577 -0.0000 -0.5141
vn 0.9040 -0.0000 -0.4276
vn 0.9415 -0.0000 -0.3369
vn 0.9700 -0.0000 -0.2430
vn 0.9892 -0.0000 -0.1467
vn 0.9988 -0.0000 -0.0491
vn 0.9988 -0.0000 0.0491
vn 0.9892 -0.0000 0.1467
vn 0.9700 -0.0000 0.2430
vn 0.9415 -0.0000 0.3369
vn 0.9040 -0.0000 0.4276
vn 0.8577 -0.0000 0.5141
vn 0.8032 -0.0000 0.5957
vn 0.7410 -0.0000 0.6716
vn 0.6716 -0.0000 0.7410
vn 0.5957 -0.0000 0.8032
vn 0.5141 -0.0000 0.8577
vn 0.4276 -0.0000 0.9040
vn 0.3369 -0.0000 0.9415
vn 0.2430 -0.0000 0.9700
vn 0.1467 -0.0000 0.9892
vn 0.0491 -0.0000 0.9988
vn -0.0491 -0.0000 0.9988
vn -0.1467 -0.0000 0.9892
vn -0.2430 -0.0000 0.9700
vn -0.3369 -0.0000 0.9415
vn -0.4276 -0.0000 0.9040
vn -0.5141 -0.0000 0.8577
vn -0.5957 -0.0000 0.8032
vn -0.6716 -0.0000 0.7410
vn -0.7410 -0.0000 0.6716
vn -0.8032 -0.0000 0.5957
vn -0.8577 -0.0000 0.5141
vn -0.9040 -0.0000 0.4276
vn -0.9415 -0.0000 0.3369
vn -0.9700 -0.0000 0.2430
vn -0.9892 -0.0000 0.1467
vn -0.9988 -0.0000 0.0491
vn -0.9988 -0.0000 -0.0491
vn -0.9892 -0.0000 -0.1467
vn -0.9700 -0.0000 -0.2430
vn -0.9415 -0.0000 -0.3369
vn -0.9040 -0.0000 -0.4276
vn -0.8577 -0.0000 -0.5141
vn -0.8032 -0.0000 -0.5957
vn -0.7410 -0.0000 -0.6716
vn -0.6716 -0.0000 -0.7410
vn -0.5957 -0.0000 -0.8032
vn -0.5141 -0.0000 -0.8577
vn -0.4276 -0.0000 -0.9040
vn -0.3369 -0.0000 -0.9415
vn -0.2430 -0.0000 -0.9700
vn -0.0000 1.0000 -0.0000
vn -0.1467 -0.0000 -0.9892
vn -0.0491 -0.0000 -0.9988
vn -0.0000 -1.0000 -0.0000
vt 1.000000 0.500000
vt 1.000000 1.000000
vt 0.984375 1.000000
vt 0.984375 0.500000
vt 0.968750 1.000000
vt 0.968750 0.500000
vt 0.953125 1.000000
vt 0.953125 0.500000
vt 0.937500 1.000000
vt 0.937500 0.500000
vt 0.921875 1.000000
vt 0.921875 0.500000
vt 0.906250 1.000000
vt 0.906250 0.500000
vt 0.890625 1.000000
vt 0.890625 0.500000
vt 0.875000 1.000000
vt 0.875000 0.500000
vt 0.859375 1.000000
vt 0.859375 0.500000
vt 0.843750 1.000000
vt 0.843750 0.500000
vt 0.828125 1.000000
vt 0.828125 0.500000
vt 0.812500 1.000000
vt 0.812500 0.500000
vt 0.796875 1.000000
vt 0.796875 0.500000
vt 0.781250 1.000000
vt 0.781250 0.500000
vt 0.765625 1.000000
vt 0.765625 0.500000
vt 0.750000 1.000000
vt 0.750000 0.500000
vt 0.734375 1.000000
vt 0.734375 0.500000
vt 0.718750 1.000000
vt 0.718750 0.500000
vt 0.703125 1.000000
vt 0.703125 0.500000
vt 0.687500 1.000000
vt 0.687500 0.500000
vt 0.671875 1.000000
vt 0.671875 0.500000
vt 0.656250 1.000000
vt 0.656250 0.500000
vt 0.640625 1.000000
vt 0.640625 0.500000
vt 0.625000 1.000000
vt 0.625000 0.500000
vt 0.609375 1.000000
vt 0.609375 0.500000
vt 0.593750 1.000000
vt 0.593750 0.500000
vt 0.578125 1.000000
vt 0.578125 0.500000
vt 0.562500 1.000000
vt 0.562500 0.500000
vt 0.546875 1.000000
vt 0.546875 0.500000
vt 0.531250 1.000000
vt 0.531250 0.500000
vt 0.515625 1.000000
vt 0.515625 0.500000
vt 0.500000 1.000000
vt 0.500000 0.500000
vt 0.484375 1.000000
vt 0.484375 0.500000
vt 0.468750 1.000000
vt 0.468750 0.500000
vt 0.453125 1.000000
vt 0.453125 0.500000
vt 0.437500 1.000000
vt 0.437500 0.500000
vt 0.421875 1.000000
vt 0.421875 0.500000
vt 0.406250 1.000000
vt 0.406250 0.500000
vt 0.390625 1.000000
vt 0.390625 0.500000
vt 0.375000 1.000000
vt 0.375000 0.500000
vt 0.359375 1.000000
vt 0.359375 0.500000
vt 0.343750 1.000000
vt 0.343750 0.500000
vt 0.328125 1.000000
vt 0.328125 0.500000
vt 0.312500 1.000000
vt 0.312500 0.500000
vt 0.296875 1.000000
vt 0.296875 0.500000
vt 0.281250 1.000000
vt 0.281250 0.500000
vt 0.265625 1.000000
vt 0.265625 0.500000
vt 0.250000 1.000000
vt 0.250000 0.500000
vt 0.234375 1.000000
vt 0.234375 0.500000
vt 0.218750 1.000000
vt 0.218750 0.500000
vt 0.203125 1.000000
vt 0.203125 0.500000
vt 0.187500 1.000000
vt 0.187500 0.500000
vt 0.171875 1.000000
vt 0.171875 0.500000
vt 0.156250 1.000000
vt 0.156250 0.500000
vt 0.140625 1.000000
vt 0.140625 0.500000
vt 0.125000 1.000000
vt 0.125000 0.500000
vt 0.109375 1.000000
vt 0.109375 0.500000
vt 0.093750 1.000000
vt 0.093750 0.500000
vt 0.078125 1.000000
vt 0.078125 0.500000
vt 0.062500 1.000000
vt 0.062500 0.500000
vt 0.046875 1.000000
vt 0.046875 0.500000
vt 0.031250 1.000000
vt 0.031250 0.500000
vt 0.116663 0.449553
vt 0.097746 0.435522
vt 0.080294 0.419706
vt 0.064478 0.402254
vt 0.050447 0.383337
vt 0.038339 0.363135
vt 0.028269 0.341844
vt 0.020334 0.319668
vt 0.014612 0.296822
vt 0.011156 0.273524
vt 0.010000 0.250000
vt 0.011156 0.226476
vt 0.014612 0.203178
vt 0.020334 0.180332
vt 0.028269 0.158156
vt 0.038339 0.136865
vt 0.050447 0.116663
vt 0.064478 0.097746
vt 0.080294 0.080294
vt 0.097746 0.064478
vt 0.116663 0.050447
vt 0.136865 0.038339
vt 0.158156 0.028269
vt 0.180332 0.020334
vt 0.203178 0.014612
vt 0.226476 0.011156
vt 0.250000 0.010000
vt 0.273524 0.011156
vt 0.296822 0.014612
vt 0.319668 0.020334
vt 0.341844 0.028269
vt 0.363135 0.038339
vt 0.383337 0.050447
vt 0.345241 0.107462
vt 0.330811 0.098814
vt 0.315603 0.091621
vt 0.299763 0.085953
vt 0.283444 0.081865
vt 0.266803 0.079397
vt 0.250000 0.078571
vt 0.233197 0.079397
vt 0.216556 0.081865
vt 0.200237 0.085953
vt 0.184397 0.091621
vt 0.169189 0.098813
vt 0.154759 0.107462
vt 0.141247 0.117484
vt 0.128782 0.128782
vt 0.117484 0.141247
vt 0.107462 0.154759
vt 0.098813 0.169189
vt 0.091621 0.184397
vt 0.085953 0.200237
vt 0.081865 0.216556
vt 0.079397 0.233197
vt 0.078571 0.250000
vt 0.079397 0.266803
vt 0.081865 0.283444
vt 0.085953 0.299763
vt 0.091621 0.315603
vt 0.098813 0.330811
vt 0.107462 0.345241
vt 0.117484 0.358753
vt 0.128782 0.371218
vt 0.141247 0.382516
vt 0.154759 0.392538
vt 0.419706 0.419706
vt 0.402254 0.435522
vt 0.383337 0.449553
vt 0.363135 0.461661
vt 0.341844 0.471731
vt 0.319668 0.479666
vt 0.296822 0.485388
vt 0.273524 0.488844
vt 0.250000 0.490000
vt 0.226476 0.488844
vt 0.203178 0.485388
vt 0.180332 0.479666
vt 0.158156 0.471731
vt 0.136865 0.461661
vt 0.169189 0.401186
vt 0.184397 0.408379
vt 0.200237 0.414047
vt 0.216556 0.418135
vt 0.233197 0.420603
vt 0.250000 0.421429
vt 0.266803 0.420603
vt 0.283444 0.418135
vt 0.299763 0.414047
vt 0.315603 0.408379
vt 0.330811 0.401187
vt 0.345241 0.392538
vt 0.358753 0.382516
vt 0.371218 0.371218
vt 0.382516 0.358753
vt 0.392538 0.345241
vt 0.401187 0.330811
vt 0.408379 0.315603
vt 0.414047 0.299763
vt 0.418135 0.283444
vt 0.420603 0.266803
vt 0.421429 0.250000
vt 0.420603 0.233197
vt 0.418135 0.216556
vt 0.414047 0.200237
vt 0.408379 0.184397
vt 0.401186 0.169189
vt 0.392538 0.154759
vt 0.382516 0.141247
vt 0.371218 0.128782
vt 0.358753 0.117484
vt 0.402254 0.064478
vt 0.419706 0.080294
vt 0.435522 0.097746
vt 0.449553 0.116663
vt 0.461661 0.136865
vt 0.471731 0.158156
vt 0.479666 0.180332
vt 0.485388 0.203178
vt 0.488844 0.226476
vt 0.490000 0.250000
vt 0.488844 0.273524
vt 0.485388 0.296822
vt 0.479666 0.319668
vt 0.471731 0.341844
vt 0.461661 0.363135
vt 0.449553 0.383337
vt 0.435522 0.402254
vt 0.015625 1.000000
vt 0.015625 0.500000
vt 0.000000 1.000000
vt 0.000000 0.500000
vt 0.726476 0.488844
vt 0.750000 0.490000
vt 0.773524 0.488844
vt 0.796822 0.485388
vt 0.819668 0.479666
vt 0.841844 0.471731
vt 0.863135 0.461661
vt 0.883337 0.449553
vt 0.902254 0.435522
vt 0.919706 0.419706
vt 0.935522 0.402254
vt 0.949553 0.383337
vt 0.961661 0.363135
vt 0.971731 0.341844
vt 0.979666 0.319668
vt 0.985388 0.296822
vt 0.988844 0.273524
vt 0.990000 0.250000
vt 0.988844 0.226476
vt 0.985388 0.203178
vt 0.979666 0.180332
vt 0.971731 0.158156
vt 0.961661 0.136865
vt 0.949553 0.116663
vt 0.935522 0.097746
vt 0.919706 0.080294
vt 0.902254 0.064478
vt 0.883337 0.050447
vt 0.863135 0.038339
vt 0.841844 0.028269
vt 0.819668 0.020334
vt 0.796822 0.014612
vt 0.773524 0.011156
vt 0.750000 0.010000
vt 0.726476 0.011156
vt 0.703178 0.014612
vt 0.680332 0.020334
vt 0.658156 0.028269
vt 0.636865 0.038339
vt 0.616663 0.050447
vt 0.597746 0.064478
vt 0.641247 0.117484
vt 0.654759 0.107462
vt 0.669189 0.098814
vt 0.684397 0.091621
vt 0.700237 0.085953
vt 0.716556 0.081865
vt 0.733197 0.079397
vt 0.750000 0.078571
vt 0.766803 0.079397
vt 0.783444 0.081865
vt 0.799763 0.085953
vt 0.815603 0.091621
vt 0.830811 0.098813
vt 0.845241 0.107462
vt 0.858753 0.117484
vt 0.871218 0.128782
vt 0.882516 0.141247
vt 0.892537 0.154759
vt 0.901187 0.169189
vt 0.908379 0.184397
vt 0.914047 0.200237
vt 0.918134 0.216556
vt 0.920603 0.233197
vt 0.921428 0.250000
vt 0.920603 0.266803
vt 0.918134 0.283444
vt 0.914047 0.299763
vt 0.908379 0.315603
vt 0.901186 0.330811
vt 0.892537 0.345241
vt 0.882516 0.358753
vt 0.871218 0.371218
vt 0.858753 0.382516
vt 0.845241 0.392538
vt 0.830811 0.401187
vt 0.815603 0.408379
vt 0.799763 0.414047
vt 0.783444 0.418135
vt 0.766803 0.420603
vt 0.750000 0.421429
vt 0.733197 0.420603
vt 0.716556 0.418135
vt 0.700237 0.414047
vt 0.684397 0.408379
vt 0.669189 0.401187
vt 0.654759 0.392538
vt 0.641247 0.382516
vt 0.628782 0.371218
vt 0.617484 0.358753
vt 0.564478 0.402254
vt 0.580294 0.419706
vt 0.597746 0.435522
vt 0.616663 0.449553
vt 0.636865 0.461661
vt 0.658156 0.471731
vt 0.680332 0.479666
vt 0.703178 0.485388
vt 0.580294 0.080294
vt 0.564478 0.097746
vt 0.550447 0.116663
vt 0.538339 0.136865
vt 0.528269 0.158156
vt 0.520334 0.180332
vt 0.514612 0.203178
vt 0.511156 0.226476
vt 0.510000 0.250000
vt 0.511156 0.273524
vt 0.514612 0.296822
vt 0.520334 0.319668
vt 0.528269 0.341844
vt 0.538339 0.363135
vt 0.550447 0.383337
vt 0.607462 0.345241
vt 0.598814 0.330811
vt 0.591621 0.315603
vt 0.585953 0.299763
vt 0.581865 0.283444
vt 0.579397 0.266803
vt 0.578571 0.250000
vt 0.579397 0.233197
vt 0.581865 0.216556
vt 0.585953 0.200237
vt 0.591621 0.184397
vt 0.598813 0.169189
vt 0.607462 0.154759
vt 0.617484 0.141247
vt 0.628782 0.128782
vt 0.984375 0.583333
vt 0.984375 0.916667
vt 1.000000 0.916667
vt 1.000000 0.583333
vt 0.968750 0.583333
vt 0.968750 0.916667
vt 0.953125 0.583333
vt 0.953125 0.916667
vt 0.937500 0.583333
vt 0.937500 0.916667
vt 0.921875 0.583333
vt 0.921875 0.916667
vt 0.906250 0.583333
vt 0.906250 0.916667
vt 0.890625 0.583333
vt 0.890625 0.916667
vt 0.875000 0.583333
vt 0.875000 0.916667
vt 0.859375 0.916667
vt 0.859375 0.583333
vt 0.843750 0.916667
vt 0.843750 0.583333
vt 0.828125 0.916667
vt 0.828125 0.583333
vt 0.812500 0.916667
vt 0.812500 0.583333
vt 0.796875 0.916667
vt 0.796875 0.583333
vt 0.781250 0.916667
vt 0.781250 0.583333
vt 0.765625 0.916667
vt 0.765625 0.583333
vt 0.750000 0.916667
vt 0.750000 0.583333
vt 0.734375 0.916667
vt 0.734375 0.583333
vt 0.718750 0.916667
vt 0.718750 0.583333
vt 0.703125 0.916667
vt 0.703125 0.583333
vt 0.687500 0.916667
vt 0.687500 0.583333
vt 0.671875 0.916667
vt 0.671875 0.583333
vt 0.656250 0.916667
vt 0.656250 0.583333
vt 0.640625 0.916667
vt 0.640625 0.583333
vt 0.625000 0.916667
vt 0.625000 0.583333
vt 0.609375 0.916667
vt 0.609375 0.583333
vt 0.593750 0.916667
vt 0.593750 0.583333
vt 0.578125 0.916667
vt 0.578125 0.583333
vt 0.562500 0.916667
vt 0.562500 0.583333
vt 0.546875 0.916667
vt 0.546875 0.583333
vt 0.531250 0.916667
vt 0.531250 0.583333
vt 0.515625 0.916667
vt 0.515625 0.583333
vt 0.500000 0.916667
vt 0.500000 0.583333
vt 0.484375 0.916667
vt 0.484375 0.583333
vt 0.468750 0.916667
vt 0.468750 0.583333
vt 0.453125 0.916667
vt 0.453125 0.583333
vt 0.437500 0.916667
vt 0.437500 0.583333
vt 0.421875 0.916667
vt 0.421875 0.583333
vt 0.406250 0.916667
vt 0.406250 0.583333
vt 0.390625 0.916667
vt 0.390625 0.583333
vt 0.375000 0.916667
vt 0.375000 0.583333
vt 0.359375 0.583333
vt 0.359375 0.916667
vt 0.343750 0.583333
vt 0.343750 0.916667
vt 0.328125 0.583333
vt 0.328125 0.916667
vt 0.312500 0.583333
vt 0.312500 0.916667
vt 0.296875 0.583333
vt 0.296875 0.916667
vt 0.281250 0.583333
vt 0.281250 0.916667
vt 0.265625 0.583333
vt 0.265625 0.916667
vt 0.250000 0.583333
vt 0.250000 0.916667
vt 0.234375 0.583333
vt 0.234375 0.916667
vt 0.218750 0.583333
vt 0.218750 0.916667
vt 0.203125 0.583333
vt 0.203125 0.916667
vt 0.187500 0.583333
vt 0.187500 0.916667
vt 0.171875 0.583333
vt 0.171875 0.916667
vt 0.156250 0.583333
vt 0.156250 0.916667
vt 0.140625 0.583333
vt 0.140625 0.916667
vt 0.125000 0.583333
vt 0.125000 0.916667
vt 0.109375 0.583333
vt 0.109375 0.916667
vt 0.093750 0.583333
vt 0.093750 0.916667
vt 0.078125 0.583333
vt 0.078125 0.916667
vt 0.062500 0.583333
vt 0.062500 0.916667
vt 0.046875 0.583333
vt 0.046875 0.916667
vt 0.031250 0.583333
vt 0.031250 0.916667
vt 0.015625 0.583333
vt 0.015625 0.916667
vt 0.000000 0.583333
vt 0.000000 0.916667
s 0
usemtl Bearing
f 1177/1983/517 1178/1984/517 1180/1985/517 1179/1986/517
f 1179/1986/518 1180/1985/518 1182/1987/518 1181/1988/518
f 1181/1988/519 1182/1987/519 1184/1989/519 1183/1990/519
f 1183/1990/520 1184/1989/520 1186/1991/520 1185/1992/520
f 1185/1992/521 1186/1991/521 1188/1993/521 1187/1994/521
f 1187/1994/522 1188/1993/522 1190/1995/522 1189/1996/522
f 1189/1996/523 1190/1995/523 1192/1997/523 1191/1998/523
f 1191/1998/524 1192/1997/524 1194/1999/524 1193/2000/524
f 1193/2000/525 1194/1999/525 1196/2001/525 1195/2002/525
f 1195/2002/526 1196/2001/526 1198/2003/526 1197/2004/526
f 1197/2004/527 1198/2003/527 1200/2005/527 1199/2006/527
f 1199/2006/528 1200/2005/528 1202/2007/528 1201/2008/528
f 1201/2008/529 1202/2007/529 1204/2009/529 1203/2010/529
f 1203/2010/530 1204/2009/530 1206/2011/530 1205/2012/530
f 1205/2012/531 1206/2011/531 1208/2013/531 1207/2014/531
f 1207/2014/532 1208/2013/532 1210/2015/532 1209/2016/532
f 1209/2016/533 1210/2015/533 1212/2017/533 1211/2018/533
f 1211/2018/534 1212/2017/534 1214/2019/534 1213/2020/534
f 1213/2020/535 1214/2019/535 1216/2021/535 1215/2022/535
f 1215/2022/536 1216/2021/536 1218/2023/536 1217/2024/536
f 1217/2024/537 1218/2023/537 1220/2025/537 1219/2026/537
f 1219/2026/538 1220/2025/538 1222/2027/538 1221/2028/538
f 1221/2028/539 1222/2027/539 1224/2029/539 1223/2030/539
f 1223/2030/540 1224/2029/540 1226/2031/540 1225/2032/540
f 1225/2032/541 1226/2031/541 1228/2033/541 1227/2034/541
f 1227/2034/542 1228/2033/542 1230/2035/542 1229/2036/542
f 1229/2036/543 1230/2035/543 1232/2037/543 1231/2038/543
f 1231/2038/544 1232/2037/544 1234/2039/544 1233/2040/544
f 1233/2040/545 1234/2039/545 1236/2041/545 1235/2042/545
f 1235/2042/546 1236/2041/546 1238/2043/546 1237/2044/546
f 1237/2044/547 1238/2043/547 1240/2045/547 1239/2046/547
f 1239/2046/548 1240/2045/548 1242/2047/548 1241/2048/548
f 1241/2048/549 1242/2047/549 1244/2049/549 1243/2050/549
f 1243/2050/550 1244/2049/550 1246/2051/550 1245/2052/550
f 1245/2052/551 1246/2051/551 1248/2053/551 1247/2054/551
f 1247/2054/552 1248/2053/552 1250/2055/552 1249/2056/552
f 1249/2056/553 1250/2055/553 1252/2057/553 1251/2058/553
f 1251/2058/554 1252/2057/554 1254/2059/554 1253/2060/554
f 1253/2060/555 1254/2059/555 1256/2061/555 1255/2062/555
f 1255/2062/556 1256/2061/556 1258/2063/556 1257/2064/556
f 1257/2064/557 1258/2063/557 1260/2065/557 1259/2066/557
f 1259/2066/558 1260/2065/558 1262/2067/558 1261/2068/558
f 1261/2068/559 1262/2067/559 1264/2069/559 1263/2070/559
f 1263/2070/560 1264/2069/560 1266/2071/560 1265/2072/560
f 1265/2072/561 1266/2071/561 1268/2073/561 1267/2074/561
f 1267/2074/562 1268/2073/562 1270/2075/562 1269/2076/562
f 1269/2076/563 1270/2075/563 1272/2077/563 1271/2078/563
f 1271/2078/564 1272/2077/564 1274/2079/564 1273/2080/564
f 1273/2080/565 1274/2079/565 1276/2081/565 1275/2082/565
f 1275/2082/566 1276/2081/566 1278/2083/566 1277/2084/566
f 1277/2084/567 1278/2083/567 1280/2085/567 1279/2086/567
f 1279/2086/568 1280/2085/568 1282/2087/568 1281/2088/568
f 1281/2088/569 1282/2087/569 1284/2089/569 1283/2090/569
f 1283/2090/570 1284/2089/570 1286/2091/570 1285/2092/570
f 1285/2092/571 1286/2091/571 1288/2093/571 1287/2094/571
f 1287/2094/572 1288/2093/572 1290/2095/572 1289/2096/572
f 1289/2096/573 1290/2095/573 1292/2097/573 1291/2098/573
f 1291/2098/574 1292/2097/574 1294/2099/574 1293/2100/574
f 1293/2100/575 1294/2099/575 1296/2101/575 1295/2102/575
f 1295/2102/576 1296/2101/576 1298/2103/576 1297/2104/576
f 1297/2104/577 1298/2103/577 1300/2105/577 1299/2106/577
f 1299/2106/578 1300/2105/578 1302/2107/578 1301/2108/578
f 1294/2109/579 1292/2110/579 1290/2111/579 1288/2112/579 1286/2113/579 1284/2114/579 1282/2115/579 1280/2116/579 1278/2117/579 1276/2118/579 1274/2119/579 1272/2120/579 1270/2121/579 1268/2122/579 1266/2123/579 1264/2124/579 1262/2125/579 1260/2126/579 1258/2127/579 1256/2128/579 1254/2129/579 1252/2130/579 1250/2131/579 1248/2132/579 1246/2133/579 1244/2134/579 1242/2135/579 1240/2136/579 1238/2137/579 1236/2138/579 1234/2139/579 1232/2140/579 1230/2141/579 1313/2142/579 1311/2143/579 1348/2144/579 1352/2145/579 1346/2146/579 1347/2147/579 1343/2148/579 1344/2149/579 1335/2150/579 1341/2151/579 1332/2152/579 1334/2153/579 1330/2154/579 1331/2155/579 1342/2156/579 1309/2157/579 1310/2158/579 1308/2159/579 1328/2160/579 1320/2161/579 1322/2162/579 1318/2163/579 1317/2164/579 1319/2165/579 1321/2166/579 1323/2167/579 1324/2168/579 1327/2169/579 1325/2170/579 1326/2171/579 1329/2172/579 1305/2173/579 1306/2174/579
f 1194/2175/579 1192/2176/579 1190/2177/579 1188/2178/579 1186/2179/579 1184/2180/579 1182/2181/579 1180/2182/579 1178/2183/579 1304/2184/579 1302/2185/579 1300/2186/579 1298/2187/579 1296/2188/579 1294/2109/579 1306/2174/579 1307/2189/579 1333/2190/579 1340/2191/579 1336/2192/579 1339/2193/579 1337/2194/579 1338/2195/579 1345/2196/579 1353/2197/579 1351/2198/579 1349/2199/579 1350/2200/579 1354/2201/579 1356/2202/579 1314/2203/579 1316/2204/579 1315/2205/579 1368/2206/579 1360/2207/579 1365/2208/579 1363/2209/579 1361/2210/579 1362/2211/579 1364/2212/579 1359/2213/579 1367/2214/579 1357/2215/579 1358/2216/579 1355/2217/579 1366/2218/579 1312/2219/579 1313/2142/579 1230/2141/579 1228/2220/579 1226/2221/579 1224/2222/579 1222/2223/579 1220/2224/579 1218/2225/579 1216/2226/579 1214/2227/579 1212/2228/579 1210/2229/579 1208/2230/579 1206/2231/579 1204/2232/579 1202/2233/579 1200/2234/579 1198/2235/579 1196/2236/579
f 1301/2108/580 1302/2107/580 1304/2237/580 1303/2238/580
f 1303/2238/581 1304/2237/581 1178/2239/581 1177/2240/581
f 1303/2241/582 1177/2242/582 1179/2243/582 1181/2244/582 1183/2245/582 1185/2246/582 1187/2247/582 1189/2248/582 1191/2249/582 1193/2250/582 1195/2251/582 1197/2252/582 1199/2253/582 1201/2254/582 1203/2255/582 1205/2256/582 1207/2257/582 1209/2258/582 1211/2259/582 1213/2260/582 1215/2261/582 1217/2262/582 1219/2263/582 1221/2264/582 1223/2265/582 1225/2266/582 1227/2267/582 1229/2268/582 1231/2269/582 1233/2270/582 1235/2271/582 1237/2272/582 1239/2273/582 1241/2274/582 1243/2275/582 1245/2276/582 1247/2277/582 1249/2278/582 1251/2279/582 1253/2280/582 1255/2281/582 1376/2282/582 1377/2283/582 1423/2284/582 1421/2285/582 1431/2286/582 1426/2287/582 1429/2288/582 1428/2289/582 1384/2290/582 1382/2291/582 1391/2292/582 1389/2293/582 1388/2294/582 1387/2295/582 1406/2296/582 1372/2297/582 1373/2298/582 1374/2299/582 1395/2300/582 1404/2301/582 1397/2302/582 1402/2303/582 1400/2304/582 1399/2305/582 1401/2306/582 1403/2307/582 1398/2308/582 1405/2309/582 1396/2310/582 1393/2311/582 1394/2312/582 1370/2313/582 1371/2314/582 1369/2315/582 1390/2316/582 1386/2317/582 1392/2318/582 1383/2319/582 1385/2320/582 1381/2321/582 1430/2322/582 1425/2323/582 1427/2324/582 1422/2325/582 1424/2326/582 1420/2327/582 1432/2328/582 1379/2329/582 1380/2330/582 1287/2331/582 1289/2332/582 1291/2333/582 1293/2334/582 1295/2335/582 1297/2336/582 1299/2337/582 1301/2338/582
f 1376/2282/582 1255/2281/582 1257/2339/582 1259/2340/582 1261/2341/582 1263/2342/582 1265/2343/582 1267/2344/582 1269/2345/582 1271/2346/582 1273/2347/582 1275/2348/582 1277/2349/582 1279/2350/582 1281/2351/582 1283/2352/582 1285/2353/582 1287/2331/582 1380/2330/582 1378/2354/582 1418/2355/582 1419/2356/582 1411/2357/582 1413/2358/582 1409/2359/582 1407/2360/582 1408/2361/582 1410/2362/582 1412/2363/582 1414/2364/582 1417/2365/582 1416/2366/582 1415/2367/582 1375/2368/582
f 1385/2369/549 1338/2370/549 1337/2371/549 1381/2372/549
f 1383/2373/550 1345/2374/550 1338/2370/550 1385/2369/550
f 1392/2375/551 1353/2376/551 1345/2374/551 1383/2373/551
f 1386/2377/552 1351/2378/552 1353/2376/552 1392/2375/552
f 1390/2379/553 1349/2380/553 1351/2378/553 1386/2377/553
f 1369/2381/554 1350/2382/554 1349/2380/554 1390/2379/554
f 1371/2383/555 1354/2384/555 1350/2382/555 1369/2381/555
f 1370/2385/556 1356/2386/556 1354/2384/556 1371/2383/556
f 1314/2387/557 1356/2386/557 1370/2385/557 1394/2388/557
f 1316/2389/558 1314/2387/558 1394/2388/558 1393/2390/558
f 1315/2391/559 1316/2389/559 1393/2390/559 1396/2392/559
f 1368/2393/560 1315/2391/560 1396/2392/560 1405/2394/560
f 1360/2395/561 1368/2393/561 1405/2394/561 1398/2396/561
f 1365/2397/562 1360/2395/562 1398/2396/562 1403/2398/562
f 1363/2399/563 1365/2397/563 1403/2398/563 1401/2400/563
f 1361/2401/564 1363/2399/564 1401/2400/564 1399/2402/564
f 1362/2403/565 1361/2401/565 1399/2402/565 1400/2404/565
f 1364/2405/566 1362/2403/566 1400/2404/566 1402/2406/566
f 1359/2407/567 1364/2405/567 1402/2406/567 1397/2408/567
f 1367/2409/568 1359/2407/568 1397/2408/568 1404/2410/568
f 1357/2411/569 1367/2409/569 1404/2410/569 1395/2412/569
f 1358/2413/570 1357/2411/570 1395/2412/570 1374/2414/570
f 1355/2415/571 1358/2413/571 1374/2414/571 1373/2416/571
f 1366/2417/572 1355/2415/572 1373/2416/572 1372/2418/572
f 1312/2419/573 1366/2417/573 1372/2418/573 1406/2420/573
f 1313/2421/574 1312/2419/574 1406/2420/574 1387/2422/574
f 1311/2423/575 1313/2421/575 1387/2422/575 1388/2424/575
f 1348/2425/576 1311/2423/576 1388/2424/576 1389/2426/576
f 1352/2427/577 1348/2425/577 1389/2426/577 1391/2428/577
f 1346/2429/578 1352/2427/578 1391/2428/578 1382/2430/578
f 1347/2431/580 1346/2429/580 1382/2430/580 1384/2432/580
f 1343/2433/581 1347/2431/581 1384/2432/581 1428/2434/581
f 1344/2435/517 1343/2433/517 1428/2434/517 1429/2436/517
f 1335/2437/518 1344/2435/518 1429/2436/518 1426/2438/518
f 1341/2439/519 1335/2437/519 1426/2438/519 1431/2440/519
f 1332/2441/520 1341/2439/520 1431/2440/520 1421/2442/520
f 1334/2443/521 1332/2441/521 1421/2442/521 1423/2444/521
f 1330/2445/522 1334/2443/522 1423/2444/522 1377/2446/522
f 1331/2447/523 1330/2445/523 1377/2446/523 1376/2448/523
f 1342/2449/524 1331/2447/524 1376/2448/524 1375/2450/524
f 1415/2451/525 1309/2452/525 1342/2449/525 1375/2450/525
f 1416/2453/526 1310/2454/526 1309/2452/526 1415/2451/526
f 1417/2455/527 1308/2456/527 1310/2454/527 1416/2453/527
f 1414/2457/528 1328/2458/528 1308/2456/528 1417/2455/528
f 1412/2459/529 1320/2460/529 1328/2458/529 1414/2457/529
f 1410/2461/530 1322/2462/530 1320/2460/530 1412/2459/530
f 1408/2463/531 1318/2464/531 1322/2462/531 1410/2461/531
f 1407/2465/532 1317/2466/532 1318/2464/532 1408/2463/532
f 1409/2467/533 1319/2468/533 1317/2466/533 1407/2465/533
f 1413/2469/534 1321/2470/534 1319/2468/534 1409/2467/534
f 1411/2471/535 1323/2472/535 1321/2470/535 1413/2469/535
f 1419/2473/536 1324/2474/536 1323/2472/536 1411/2471/536
f 1418/2475/537 1327/2476/537 1324/2474/537 1419/2473/537
f 1378/2477/538 1325/2478/538 1327/2476/538 1418/2475/538
f 1380/2479/539 1326/2480/539 1325/2478/539 1378/2477/539
f 1379/2481/540 1329/2482/540 1326/2480/540 1380/2479/540
f 1432/2483/541 1305/2484/541 1329/2482/541 1379/2481/541
f 1420/2485/542 1306/2486/542 1305/2484/542 1432/2483/542
f 1424/2487/543 1307/2488/543 1306/2486/543 1420/2485/543
f 1422/2489/544 1333/2490/544 1307/2488/544 1424/2487/544
f 1427/2491/545 1340/2492/545 1333/2490/545 1422/2489/545
f 1425/2493/546 1336/2494/546 1340/2492/546 1427/2491/546
f 1430/2495/547 1339/2496/547 1336/2494/547 1425/2493/547
f 1381/2497/548 1337/2498/548 1339/2496/548 1430/2495/548
o gear_ring
v 0.000000 8.000000 -47.000000
v 0.000000 12.000000 -47.000000
v 4.606806 8.000000 -46.773682
v 4.606806 12.000000 -46.773682
v 9.169245 8.000000 -46.096909
v 9.169245 12.000000 -46.096909
v 13.643379 8.000000 -44.976196
v 13.643379 12.000000 -44.976196
v 17.986122 8.000000 -43.422337
v 17.986122 12.000000 -43.422337
v 22.155647 8.000000 -41.450298
v 22.155647 12.000000 -41.450298
v 26.111801 8.000000 -39.079071
v 26.111801 12.000000 -39.079071
v 29.816486 8.000000 -36.331490
v 29.816486 12.000000 -36.331490
v 33.234016 8.000000 -33.234016
v 33.234016 12.000000 -33.234016
v 36.331490 8.000000 -29.816486
v 36.331490 12.000000 -29.816486
v 39.079071 8.000000 -26.111801
v 39.079071 12.000000 -26.111801
v 41.450298 8.000000 -22.155647
v 41.450298 12.000000 -22.155647
v 43.422337 8.000000 -17.986122
v 43.422337 12.000000 -17.986122
v 44.976196 8.000000 -13.643379
v 44.976196 12.000000 -13.643379
v 46.096909 8.000000 -9.169245
v 46.096909 12.000000 -9.169245
v 46.773682 8.000000 -4.606806
v 46.773682 12.000000 -4.606806
v 47.000000 8.000000 0.000000
v 47.000000 12.000000 0.000000
v 46.773682 8.000000 4.606806
v 46.773682 12.000000 4.606806
v 46.096909 8.000000 9.169245
v 46.096909 12.000000 9.169245
v 44.976196 8.000000 13.643379
v 44.976196 12.000000 13.643379
v 43.422337 8.000000 17.986122
v 43.422337 12.000000 17.986122
v 41.450298 8.000000 22.155647
v 41.450298 12.000000 22.155647
v 39.079071 8.000000 26.111801
v 39.079071 12.000000 26.111801
v 36.331490 8.000000 29.816486
v 36.331490 12.000000 29.816486
v 33.234016 8.000000 33.234016
v 33.234016 12.000000 33.234016
v 29.816486 8.000000 36.331490
v 29.816486 12.000000 36.331490
v 26.111801 8.000000 39.079071
v 26.111801 12.000000 39.079071
v 22.155647 8.000000 41.450298
v 22.155647 12.000000 41.450298
v 17.986122 8.000000 43.422337
v 17.986122 12.000000 43.422337
v 13.643379 8.000000 44.976196
v 13.643379 12.000000 44.976196
v 9.169245 8.000000 46.096909
v 9.169245 12.000000 46.096909
v 4.606806 8.000000 46.773682
v 4.606806 12.000000 46.773682
v 0.000000 8.000000 47.000000
v 0.000000 12.000000 47.000000
v -4.606806 8.000000 46.773682
v -4.606806 12.000000 46.773682
v -9.169245 8.000000 46.096909
v -9.169245 12.000000 46.096909
v -13.643379 8.000000 44.976196
v -13.643379 12.000000 44.976196
v -17.986122 8.000000 43.422337
v -17.986122 12.000000 43.422337
v -22.155647 8.000000 41.450298
v -22.155647 12.000000 41.450298
v -26.111801 8.000000 39.079071
v -26.111801 12.000000 39.079071
v -29.816486 8.000000 36.331490
v -29.816486 12.000000 36.331490
v -33.234016 8.000000 33.234016
v -33.234016 12.000000 33.234016
v -36.331490 8.000000 29.816486
v -36.331490 12.000000 29.816486
v -39.079071 8.000000 26.111801
v -39.079071 12.000000 26.111801
v -41.450298 8.000000 22.155647
v -41.450298 12.000000 22.155647
v -43.422337 8.000000 17.986122
v -43.422337 12.000000 17.986122
v -44.976196 8.000000 13.643379
v -44.976196 12.000000 13.643379
v -46.096909 8.000000 9.169245
v -46.096909 12.000000 9.169245
v -46.773682 8.000000 4.606806
v -46.773682 12.000000 4.606806
v -47.000000 8.000000 0.000000
v -47.000000 12.000000 0.000000
v -46.773682 8.000000 -4.606806
v -46.773682 12.000000 -4.606806
v -46.096909 8.000000 -9.169245
v -46.096909 12.000000 -9.169245
v -44.976196 8.000000 -13.643379
v -44.976196 12.000000 -13.643379
v -43.422337 8.000000 -17.986122
v -43.422337 12.000000 -17.986122
v -41.450298 8.000000 -22.155647
v -41.450298 12.000000 -22.155647
v -39.079071 8.000000 -26.111801
v -39.079071 12.000000 -26.111801
v -36.331490 8.000000 -29.816486
v -36.331490 12.000000 -29.816486
v -33.234016 8.000000 -33.234016
v -33.234016 12.000000 -33.234016
v -29.816486 8.000000 -36.331490
v -29.816486 12.000000 -36.331490
v -26.111801 8.000000 -39.079071
v -26.111801 12.000000 -39.079071
v -22.155647 8.000000 -41.450298
v -22.155647 12.000000 -41.450298
v -17.986122 8.000000 -43.422337
v -17.986122 12.000000 -43.422337
v -13.643379 8.000000 -44.976196
v -13.643379 12.000000 -44.976196
v -9.169245 8.000000 -46.096909
v -9.169245 12.000000 -46.096909
v -4.606806 8.000000 -46.773682
v -4.606806 12.000000 -46.773682
vn 0.0491 -0.0000 -0.9988
vn 0.1467 -0.0000 -0.9892
vn 0.2430 -0.0000 -0.9700
vn 0.3369 -0.0000 -0.9415
vn 0.4276 -0.0000 -0.9040
vn 0.5141 -0.0000 -0.8577
vn 0.5957 -0.0000 -0.8032
vn 0.6716 -0.0000 -0.7410
vn 0.7410 -0.0000 -0.6716
vn 0.8032 -0.0000 -0.5957
vn 0.8577 -0.0000 -0.5141
vn 0.9040 -0.0000 -0.4276
vn 0.9415 -0.0000 -0.3369
vn 0.9700 -0.0000 -0.2430
vn 0.9892 -0.0000 -0.1467
vn 0.9988 -0.0000 -0.0491
vn 0.9988 -0.0000 0.0491
vn 0.9892 -0.0000 0.1467
vn 0.9700 -0.0000 0.2430
vn 0.9415 -0.0000 0.3369
vn 0.9040 -0.0000 0.4276
vn 0.8577 -0.0000 0.5141
vn 0.8032 -0.0000 0.5957
vn 0.7410 -0.0000 0.6716
vn 0.6716 -0.0000 0.7410
vn 0.5957 -0.0000 0.8032
vn 0.5141 -0.0000 0.8577
vn 0.4276 -0.0000 0.9040
vn 0.3369 -0.0000 0.9415
vn 0.2430 -0.0000 0.9700
vn 0.1467 -0.0000 0.9892
vn 0.0491 -0.0000 0.9988
vn -0.0491 -0.0000 0.9988
vn -0.1467 -0.0000 0.9892
vn -0.2430 -0.0000 0.9700
vn -0.3369 -0.0000 0.9415
vn -0.4276 -0.0000 0.9040
vn -0.5141 -0.0000 0.8577
vn -0.5957 -0.0000 0.8032
vn -0.6716 -0.0000 0.7410
vn -0.7410 -0.0000 0.6716
vn -0.8032 -0.0000 0.5957
vn -0.8577 -0.0000 0.5141
vn -0.9040 -0.0000 0.4276
vn -0.9415 -0.0000 0.3369
vn -0.9700 -0.0000 0.2430
vn -0.9892 -0.0000 0.1467
vn -0.9988 -0.0000 0.0491
vn -0.9988 -0.0000 -0.0491
vn -0.9892 -0.0000 -0.1467
vn -0.9700 -0.0000 -0.2430
vn -0.9415 -0.0000 -0.3369
vn -0.9040 -0.0000 -0.4276
vn -0.8577 -0.0000 -0.5141
vn -0.8032 -0.0000 -0.5957
vn -0.7410 -0.0000 -0.6716
vn -0.6716 -0.0000 -0.7410
vn -0.5957 -0.0000 -0.8032
vn -0.5141 -0.0000 -0.8577
vn -0.4276 -0.0000 -0.9040
vn -0.3369 -0.0000 -0.9415
vn -0.2430 -0.0000 -0.9700
vn -0.0000 1.0000 -0.0000
vn -0.1467 -0.0000 -0.9892
vn -0.0491 -0.0000 -0.9988
vn -0.0000 -1.0000 -0.0000
vt 1.000000 0.500000
vt 1.000000 1.000000
vt 0.984375 1.000000
vt 0.984375 0.500000
vt 0.968750 1.000000
vt 0.968750 0.500000
vt 0.953125 1.000000
vt 0.953125 0.500000
vt 0.937500 1.000000
vt 0.937500 0.500000
vt 0.921875 1.000000
vt 0.921875 0.500000
vt 0.906250 1.000000
vt 0.906250 0.500000
vt 0.890625 1.000000
vt 0.890625 0.500000
vt 0.875000 1.000000
vt 0.875000 0.500000
vt 0.859375 1.000000
vt 0.859375 0.500000
vt 0.843750 1.000000
vt 0.843750 0.500000
vt 0.828125 1.000000
vt 0.828125 0.500000
vt 0.812500 1.000000
vt 0.812500 0.500000
vt 0.796875 1.000000
vt 0.796875 0.500000
vt 0.781250 1.000000
vt 0.781250 0.500000
vt 0.765625 1.000000
vt 0.765625 0.500000
vt 0.750000 1.000000
vt 0.750000 0.500000
vt 0.734375 1.000000
vt 0.734375 0.500000
vt 0.718750 1.000000
vt 0.718750 0.500000
vt 0.703125 1.000000
vt 0.703125 0.500000
vt 0.687500 1.000000
vt 0.687500 0.500000
vt 0.671875 1.000000
vt 0.671875 0.500000
vt 0.656250 1.000000
vt 0.656250 0.500000
vt 0.640625 1.000000
vt 0.640625 0.500000
vt 0.625000 1.000000
vt 0.625000 0.500000
vt 0.609375 1.000000
vt 0.609375 0.500000
vt 0.593750 1.000000
vt 0.593750 0.500000
vt 0.578125 1.000000
vt 0.578125 0.500000
vt 0.562500 1.000000
vt 0.562500 0.500000
vt 0.546875 1.000000
vt 0.546875 0.500000
vt 0.531250 1.000000
vt 0.531250 0.500000
vt 0.515625 1.000000
vt 0.515625 0.500000
vt 0.500000 1.000000
vt 0.500000 0.500000
vt 0.484375 1.000000
vt 0.484375 0.500000
vt 0.468750 1.000000
vt 0.468750 0.500000
vt 0.453125 1.000000
vt 0.453125 0.500000
vt 0.437500 1.000000
vt 0.437500 0.500000
vt 0.421875 1.000000
vt 0.421875 0.500000
vt 0.406250 1.000000
vt 0.406250 0.500000
vt 0.390625 1.000000
vt 0.390625 0.500000
vt 0.375000 1.000000
vt 0.375000 0.500000
vt 0.359375 1.000000
vt 0.359375 0.500000
vt 0.343750 1.000000
vt 0.343750 0.500000
vt 0.328125 1.000000
vt 0.328125 0.500000
vt 0.312500 1.000000
vt 0.312500 0.500000
vt 0.296875 1.000000
vt 0.296875 0.500000
vt 0.281250 1.000000
vt 0.281250 0.500000
vt 0.265625 1.000000
vt 0.265625 0.500000
vt 0.250000 1.000000
vt 0.250000 0.500000
vt 0.234375 1.000000
vt 0.234375 0.500000
vt 0.218750 1.000000
vt 0.218750 0.500000
vt 0.203125 1.000000
vt 0.203125 0.500000
vt 0.187500 1.000000
vt 0.187500 0.500000
vt 0.171875 1.000000
vt 0.171875 0.500000
vt 0.156250 1.000000
vt 0.156250 0.500000
vt 0.140625 1.000000
vt 0.140625 0.500000
vt 0.125000 1.000000
vt 0.125000 0.500000
vt 0.109375 1.000000
vt 0.109375 0.500000
vt 0.093750 1.000000
vt 0.093750 0.500000
vt 0.078125 1.000000
vt 0.078125 0.500000
vt 0.062500 1.000000
vt 0.062500 0.500000
vt 0.046875 1.000000
vt 0.046875 0.500000
vt 0.031250 1.000000
vt 0.031250 0.500000
vt 0.273524 0.488844
vt 0.250000 0.490000
vt 0.226476 0.488844
vt 0.203178 0.485388
vt 0.180332 0.479666
vt 0.158156 0.471731
vt 0.136865 0.461661
vt 0.116663 0.449553
vt 0.097746 0.435522
vt 0.080294 0.419706
vt 0.064478 0.402254
vt 0.050447 0.383337
vt 0.038339 0.363135
vt 0.028269 0.341844
vt 0.020334 0.319668
vt 0.014612 0.296822
vt 0.011156 0.273524
vt 0.010000 0.250000
vt 0.011156 0.226476
vt 0.014612 0.203178
vt 0.020334 0.180332
vt 0.028269 0.158156
vt 0.038339 0.136865
vt 0.050447 0.116663
vt 0.064478 0.097746
vt 0.080294 0.080294
vt 0.097746 0.064478
vt 0.116663 0.050447
vt 0.136865 0.038339
vt 0.158156 0.028269
vt 0.180332 0.020334
vt 0.203178 0.014612
vt 0.226476 0.011156
vt 0.250000 0.010000
vt 0.273524 0.011156
vt 0.296822 0.014612
vt 0.319668 0.020334
vt 0.341844 0.028269
vt 0.363135 0.038339
vt 0.383337 0.050447
vt 0.402254 0.064478
vt 0.419706 0.080294
vt 0.435522 0.097746
vt 0.449553 0.116663
vt 0.461661 0.136865
vt 0.471731 0.158156
vt 0.479666 0.180332
vt 0.485388 0.203178
vt 0.488844 0.226476
vt 0.490000 0.250000
vt 0.488844 0.273524
vt 0.485388 0.296822
vt 0.479666 0.319668
vt 0.471731 0.341844
vt 0.461661 0.363135
vt 0.449553 0.383337
vt 0.435522 0.402254
vt 0.419706 0.419706
vt 0.402254 0.435522
vt 0.383337 0.449553
vt 0.363135 0.461661
vt 0.341844 0.471731
vt 0.319668 0.479666
vt 0.296822 0.485388
vt 0.015625 1.000000
vt 0.015625 0.500000
vt 0.000000 1.000000
vt 0.000000 0.500000
vt 0.750000 0.490000
vt 0.773524 0.488844
vt 0.796822 0.485388
vt 0.819668 0.479666
vt 0.841844 0.471731
vt 0.863135 0.461661
vt 0.883337 0.449553
vt 0.902254 0.435522
vt 0.919706 0.419706
vt 0.935522 0.402254
vt 0.949553 0.383337
vt 0.961661 0.363135
vt 0.971731 0.341844
vt 0.979666 0.319668
vt 0.985388 0.296822
vt 0.988844 0.273524
vt 0.990000 0.250000
vt 0.988844 0.226476
vt 0.985388 0.203178
vt 0.979666 0.180332
vt 0.971731 0.158156
vt 0.961661 0.136865
vt 0.949553 0.116663
vt 0.935522 0.097746
vt 0.919706 0.080294
vt 0.902254 0.064478
vt 0.883337 0.050447
vt 0.863135 0.038339
vt 0.841844 0.028269
vt 0.819668 0.020334
vt 0.796822 0.014612
vt 0.773524 0.011156
vt 0.750000 0.010000
vt 0.726476 0.011156
vt 0.703178 0.014612
vt 0.680332 0.020334
vt 0.658156 0.028269
vt 0.636865 0.038339
vt 0.616663 0.050447
vt 0.597746 0.064478
vt 0.580294 0.080294
vt 0.564478 0.097746
vt 0.550447 0.116663
vt 0.538339 0.136865
vt 0.528269 0.158156
vt 0.520334 0.180332
vt 0.514612 0.203178
vt 0.511156 0.226476
vt 0.510000 0.250000
vt 0.511156 0.273524
vt 0.514612 0.296822
vt 0.520334 0.319668
vt 0.528269 0.341844
vt 0.538339 0.363135
vt 0.550447 0.383337
vt 0.564478 0.402254
vt 0.580294 0.419706
vt 0.597746 0.435522
vt 0.616663 0.449553
vt 0.636865 0.461661
vt 0.658156 0.471731
vt 0.680332 0.479666
vt 0.703178 0.485388
vt 0.726476 0.488844
s 0
usemtl Dark_Aluminum
f 1433/2499/583 1434/2500/583 1436/2501/583 1435/2502/583
f 1435/2502/584 1436/2501/584 1438/2503/584 1437/2504/584
f 1437/2504/585 1438/2503/585 1440/2505/585 1439/2506/585
f 1439/2506/586 1440/2505/586 1442/2507/586 1441/2508/586
f 1441/2508/587 1442/2507/587 1444/2509/587 1443/2510/587
f 1443/2510/588 1444/2509/588 1446/2511/588 1445/2512/588
f 1445/2512/589 1446/2511/589 1448/2513/589 1447/2514/589
f 1447/2514/590 1448/2513/590 1450/2515/590 1449/2516/590
f 1449/2516/591 1450/2515/591 1452/2517/591 1451/2518/591
f 1451/2518/592 1452/2517/592 1454/2519/592 1453/2520/592
f 1453/2520/593 1454/2519/593 1456/2521/593 1455/2522/593
f 1455/2522/594 1456/2521/594 1458/2523/594 1457/2524/594
f 1457/2524/595 1458/2523/595 1460/2525/595 1459/2526/595
f 1459/2526/596 1460/2525/596 1462/2527/596 1461/2528/596
f 1461/2528/597 1462/2527/597 1464/2529/597 1463/2530/597
f 1463/2530/598 1464/2529/598 1466/2531/598 1465/2532/598
f 1465/2532/599 1466/2531/599 1468/2533/599 1467/2534/599
f 1467/2534/600 1468/2533/600 1470/2535/600 1469/2536/600
f 1469/2536/601 1470/2535/601 1472/2537/601 1471/2538/601
f 1471/2538/602 1472/2537/602 1474/2539/602 1473/2540/602
f 1473/2540/603 1474/2539/603 1476/2541/603 1475/2542/603
f 1475/2542/604 1476/2541/604 1478/2543/604 1477/2544/604
f 1477/2544/605 1478/2543/605 1480/2545/605 1479/2546/605
f 1479/2546/606 1480/2545/606 1482/2547/606 1481/2548/606
f 1481/2548/607 1482/2547/607 1484/2549/607 1483/2550/607
f 1483/2550/608 1484/2549/608 1486/2551/608 1485/2552/608
f 1485/2552/609 1486/2551/609 1488/2553/609 1487/2554/609
f 1487/2554/610 1488/2553/610 1490/2555/610 1489/2556/610
f 1489/2556/611 1490/2555/611 1492/2557/611 1491/2558/611
f 1491/2558/612 1492/2557/612 1494/2559/612 1493/2560/612
f 1493/2560/613 1494/2559/613 1496/2561/613 1495/2562/613
f 1495/2562/614 1496/2561/614 1498/2563/614 1497/2564/614
f 1497/2564/615 1498/2563/615 1500/2565/615 1499/2566/615
f 1499/2566/616 1500/2565/616 1502/2567/616 1501/2568/616
f 1501/2568/617 1502/2567/617 1504/2569/617 1503/2570/617
f 1503/2570/618 1504/2569/618 1506/2571/618 1505/2572/618
f 1505/2572/619 1506/2571/619 1508/2573/619 1507/2574/619
f 1507/2574/620 1508/2573/620 1510/2575/620 1509/2576/620
f 1509/2576/621 1510/2575/621 1512/2577/621 1511/2578/621
f 1511/2578/622 1512/2577/622 1514/2579/622 1513/2580/622
f 1513/2580/623 1514/2579/623 1516/2581/623 1515/2582/623
f 1515/2582/624 1516/2581/624 1518/2583/624 1517/2584/624
f 1517/2584/625 1518/2583/625 1520/2585/625 1519/2586/625
f 1519/2586/626 1520/2585/626 1522/2587/626 1521/2588/626
f 1521/2588/627 1522/2587/627 1524/2589/627 1523/2590/627
f 1523/2590/628 1524/2589/628 1526/2591/628 1525/2592/628
f 1525/2592/629 1526/2591/629 1528/2593/629 1527/2594/629
f 1527/2594/630 1528/2593/630 1530/2595/630 1529/2596/630
f 1529/2596/631 1530/2595/631 1532/2597/631 1531/2598/631
f 1531/2598/632 1532/2597/632 1534/2599/632 1533/2600/632
f 1533/2600/633 1534/2599/633 1536/2601/633 1535/2602/633
f 1535/2602/634 1536/2601/634 1538/2603/634 1537/2604/634
f 1537/2604/635 1538/2603/635 1540/2605/635 1539/2606/635
f 1539/2606/636 1540/2605/636 1542/2607/636 1541/2608/636
f 1541/2608/637 1542/2607/637 1544/2609/637 1543/2610/637
f 1543/2610/638 1544/2609/638 1546/2611/638 1545/2612/638
f 1545/2612/639 1546/2611/639 1548/2613/639 1547/2614/639
f 1547/2614/640 1548/2613/640 1550/2615/640 1549/2616/640
f 1549/2616/641 1550/2615/641 1552/2617/641 1551/2618/641
f 1551/2618/642 1552/2617/642 1554/2619/642 1553/2620/642
f 1553/2620/643 1554/2619/643 1556/2621/643 1555/2622/643
f 1555/2622/644 1556/2621/644 1558/2623/644 1557/2624/644
f 1436/2625/645 1434/2626/645 1560/2627/645 1558/2628/645 1556/2629/645 1554/2630/645 1552/2631/645 1550/2632/645 1548/2633/645 1546/2634/645 1544/2635/645 1542/2636/645 1540/2637/645 1538/2638/645 1536/2639/645 1534/2640/645 1532/2641/645 1530/2642/645 1528/2643/645 1526/2644/645 1524/2645/645 1522/2646/645 1520/2647/645 1518/2648/645 1516/2649/645 1514/2650/645 1512/2651/645 1510/2652/645 1508/2653/645 1506/2654/645 1504/2655/645 1502/2656/645 1500/2657/645 1498/2658/645 1496/2659/645 1494/2660/645 1492/2661/645 1490/2662/645 1488/2663/645 1486/2664/645 1484/2665/645 1482/2666/645 1480/2667/645 1478/2668/645 1476/2669/645 1474/2670/645 1472/2671/645 1470/2672/645 1468/2673/645 1466/2674/645 1464/2675/645 1462/2676/645 1460/2677/645 1458/2678/645 1456/2679/645 1454/2680/645 1452/2681/645 1450/2682/645 1448/2683/645 1446/2684/645 1444/2685/645 1442/2686/645 1440/2687/645 1438/2688/645
f 1557/2624/646 1558/2623/646 1560/2689/646 1559/2690/646
f 1559/2690/647 1560/2689/647 1434/2691/647 1433/2692/647
f 1433/2693/648 1435/2694/648 1437/2695/648 1439/2696/648 1441/2697/648 1443/2698/648 1445/2699/648 1447/2700/648 1449/2701/648 1451/2702/648 1453/2703/648 1455/2704/648 1457/2705/648 1459/2706/648 1461/2707/648 1463/2708/648 1465/2709/648 1467/2710/648 1469/2711/648 1471/2712/648 1473/2713/648 1475/2714/648 1477/2715/648 1479/2716/648 1481/2717/648 1483/2718/648 1485/2719/648 1487/2720/648 1489/2721/648 1491/2722/648 1493/2723/648 1495/2724/648 1497/2725/648 1499/2726/648 1501/2727/648 1503/2728/648 1505/2729/648 1507/2730/648 1509/2731/648 1511/2732/648 1513/2733/648 1515/2734/648 1517/2735/648 1519/2736/648 1521/2737/648 1523/2738/648 1525/2739/648 1527/2740/648 1529/2741/648 1531/2742/648 1533/2743/648 1535/2744/648 1537/2745/648 1539/2746/648 1541/2747/648 1543/2748/648 1545/2749/648 1547/2750/648 1549/2751/648 1551/2752/648 1553/2753/648 1555/2754/648 1557/2755/648 1559/2756/648
o Pan_Motor_body
v -7.000003 -61.000000 21.000000
v 32.999996 -61.000000 21.000000
v -7.000003 -61.000000 -21.000000
v 32.999996 -61.000000 -21.000000
v -7.000004 -103.000000 21.000000
v 32.999996 -103.000000 21.000000
v -7.000004 -103.000000 -21.000000
v 32.999996 -103.000000 -21.000000
vn -0.0000 1.0000 -0.0000
vn -0.0000 -0.0000 -1.0000
vn -0.0000 -1.0000 -0.0000
vn -0.0000 -0.0000 1.0000
vn -1.0000 -0.0000 -0.0000
vn 1.0000 -0.0000 -0.0000
vt 0.375000 0.000000
vt 0.625000 0.000000
vt 0.625000 0.250000
vt 0.375000 0.250000
vt 0.625000 0.500000
vt 0.375000 0.500000
vt 0.625000 0.750000
vt 0.375000 0.750000
vt 0.625000 1.000000
vt 0.375000 1.000000
vt 0.125000 0.500000
vt 0.125000 0.750000
vt 0.875000 0.500000
vt 0.875000 0.750000
s 0
usemtl Motor_Body
f 1561/2757/649 1562/2758/649 1564/2759/649 1563/2760/649
f 1563/2760/650 1564/2759/650 1568/2761/650 1567/2762/650
f 1567/2762/651 1568/2761/651 1566/2763/651 1565/2764/651
f 1565/2764/652 1566/2763/652 1562/2765/652 1561/2766/652
f 1563/2767/653 1567/2762/653 1565/2764/653 1561/2768/653
f 1568/2761/654 1564/2769/654 1562/2770/654 1566/2763/654
o Pan_Motor_shaft
v 70.000000 45.000000 -2.500000
v 94.000000 45.000000 -2.500000
v 70.000000 44.512276 -2.451963
v 94.000000 44.512272 -2.451963
v 70.000000 44.043293 -2.309699
v 94.000000 44.043289 -2.309699
v 70.000000 43.611076 -2.078674
v 94.000000 43.611073 -2.078674
v 70.000000 43.232235 -1.767767
v 94.000000 43.232231 -1.767767
v 70.000000 42.921326 -1.388926
v 94.000000 42.921326 -1.388926
v 70.000000 42.690300 -0.956709
v 94.000000 42.690300 -0.956709
v 70.000000 42.548038 -0.487726
v 94.000000 42.548035 -0.487726
v 70.000000 42.500000 0.000000
v 94.000000 42.500000 0.000000
v 70.000000 42.548038 0.487726
v 94.000000 42.548035 0.487726
v 70.000000 42.690300 0.956709
v 94.000000 42.690300 0.956709
v 70.000000 42.921326 1.388926
v 94.000000 42.921326 1.388926
v 70.000000 43.232235 1.767767
v 94.000000 43.232231 1.767767
v 70.000000 43.611076 2.078674
v 94.000000 43.611073 2.078674
v 70.000000 44.043293 2.309699
v 94.000000 44.043289 2.309699
v 70.000000 44.512276 2.451963
v 94.000000 44.512272 2.451963
v 70.000000 45.000000 2.500000
v 94.000000 45.000000 2.500000
v 70.000000 45.487728 2.451963
v 94.000000 45.487724 2.451963
v 70.000000 45.956711 2.309699
v 94.000000 45.956707 2.309699
v 70.000000 46.388927 2.078674
v 94.000000 46.388924 2.078674
v 70.000000 46.767769 1.767767
v 94.000000 46.767765 1.767767
v 70.000000 47.078674 1.388926
v 94.000000 47.078674 1.388926
v 70.000000 47.309700 0.956709
v 94.000000 47.309700 0.956709
v 70.000000 47.451965 0.487726
v 94.000000 47.451962 0.487726
v 70.000000 47.500000 0.000000
v 94.000000 47.500000 0.000000
v 70.000000 47.451965 -0.487726
v 94.000000 47.451962 -0.487726
v 70.000000 47.309700 -0.956709
v 94.000000 47.309700 -0.956709
v 70.000000 47.078674 -1.388926
v 94.000000 47.078674 -1.388926
v 70.000000 46.767769 -1.767767
v 94.000000 46.767765 -1.767767
v 70.000000 46.388927 -2.078674
v 94.000000 46.388924 -2.078674
v 70.000000 45.956711 -2.309699
v 94.000000 45.956707 -2.309699
v 70.000000 45.487728 -2.451963
v 94.000000 45.487724 -2.451963
vn -0.0000 -0.0980 -0.9952
vn -0.0000 -0.2903 -0.9569
vn -0.0000 -0.4714 -0.8819
vn -0.0000 -0.6344 -0.7730
vn -0.0000 -0.7730 -0.6344
vn -0.0000 -0.8819 -0.4714
vn -0.0000 -0.9569 -0.2903
vn -0.0000 -0.9952 -0.0980
vn -0.0000 -0.9952 0.0980
vn -0.0000 -0.9569 0.2903
vn -0.0000 -0.8819 0.4714
vn -0.0000 -0.7730 0.6344
vn -0.0000 -0.6344 0.7730
vn -0.0000 -0.4714 0.8819
vn -0.0000 -0.2903 0.9569
vn -0.0000 -0.0980 0.9952
vn -0.0000 0.0980 0.9952
vn -0.0000 0.2903 0.9569
vn -0.0000 0.4714 0.8819
vn -0.0000 0.6344 0.7730
vn -0.0000 0.7730 0.6344
vn -0.0000 0.8819 0.4714
vn -0.0000 0.9569 0.2903
vn -0.0000 0.9952 0.0980
vn -0.0000 0.9952 -0.0980
vn -0.0000 0.9569 -0.2903
vn -0.0000 0.8819 -0.4714
vn -0.0000 0.7730 -0.6344
vn -0.0000 0.6344 -0.7730
vn -0.0000 0.4714 -0.8819
vn 1.0000 -0.0000 -0.0000
vn -0.0000 0.2903 -0.9569
vn -0.0000 0.0980 -0.9952
vn -1.0000 -0.0000 -0.0000
vt 1.000000 0.500000
vt 1.000000 1.000000
vt 0.968750 1.000000
vt 0.968750 0.500000
vt 0.937500 1.000000
vt 0.937500 0.500000
vt 0.906250 1.000000
vt 0.906250 0.500000
vt 0.875000 1.000000
vt 0.875000 0.500000
vt 0.843750 1.000000
vt 0.843750 0.500000
vt 0.812500 1.000000
vt 0.812500 0.500000
vt 0.781250 1.000000
vt 0.781250 0.500000
vt 0.750000 1.000000
vt 0.750000 0.500000
vt 0.718750 1.000000
vt 0.718750 0.500000
vt 0.687500 1.000000
vt 0.687500 0.500000
vt 0.656250 1.000000
vt 0.656250 0.500000
vt 0.625000 1.000000
vt 0.625000 0.500000
vt 0.593750 1.000000
vt 0.593750 0.500000
vt 0.562500 1.000000
vt 0.562500 0.500000
vt 0.531250 1.000000
vt 0.531250 0.500000
vt 0.500000 1.000000
vt 0.500000 0.500000
vt 0.468750 1.000000
vt 0.468750 0.500000
vt 0.437500 1.000000
vt 0.437500 0.500000
vt 0.406250 1.000000
vt 0.406250 0.500000
vt 0.375000 1.000000
vt 0.375000 0.500000
vt 0.343750 1.000000
vt 0.343750 0.500000
vt 0.312500 1.000000
vt 0.312500 0.500000
vt 0.281250 1.000000
vt 0.281250 0.500000
vt 0.250000 1.000000
vt 0.250000 0.500000
vt 0.218750 1.000000
vt 0.218750 0.500000
vt 0.187500 1.000000
vt 0.187500 0.500000
vt 0.156250 1.000000
vt 0.156250 0.500000
vt 0.125000 1.000000
vt 0.125000 0.500000
vt 0.093750 1.000000
vt 0.093750 0.500000
vt 0.062500 1.000000
vt 0.062500 0.500000
vt 0.296822 0.485388
vt 0.250000 0.490000
vt 0.203178 0.485388
vt 0.158156 0.471731
vt 0.116663 0.449553
vt 0.080294 0.419706
vt 0.050447 0.383337
vt 0.028269 0.341844
vt 0.014612 0.296822
vt 0.010000 0.250000
vt 0.014612 0.203178
vt 0.028269 0.158156
vt 0.050447 0.116663
vt 0.080294 0.080294
vt 0.116663 0.050447
vt 0.158156 0.028269
vt 0.203178 0.014612
vt 0.250000 0.010000
vt 0.296822 0.014612
vt 0.341844 0.028269
vt 0.383337 0.050447
vt 0.419706 0.080294
vt 0.449553 0.116663
vt 0.471731 0.158156
vt 0.485388 0.203178
vt 0.490000 0.250000
vt 0.485388 0.296822
vt 0.471731 0.341844
vt 0.449553 0.383337
vt 0.419706 0.419706
vt 0.383337 0.449553
vt 0.341844 0.471731
vt 0.031250 1.000000
vt 0.031250 0.500000
vt 0.000000 1.000000
vt 0.000000 0.500000
vt 0.750000 0.490000
vt 0.796822 0.485388
vt 0.841844 0.471731
vt 0.883337 0.449553
vt 0.919706 0.419706
vt 0.949553 0.383337
vt 0.971731 0.341844
vt 0.985388 0.296822
vt 0.990000 0.250000
vt 0.985388 0.203178
vt 0.971731 0.158156
vt 0.949553 0.116663
vt 0.919706 0.080294
vt 0.883337 0.050447
vt 0.841844 0.028269
vt 0.796822 0.014612
vt 0.750000 0.010000
vt 0.703178 0.014612
vt 0.658156 0.028269
vt 0.616663 0.050447
vt 0.580294 0.080294
vt 0.550447 0.116663
vt 0.528269 0.158156
vt 0.514612 0.203178
vt 0.510000 0.250000
vt 0.514612 0.296822
vt 0.528269 0.341844
vt 0.550447 0.383337
vt 0.580294 0.419706
vt 0.616663 0.449553
vt 0.658156 0.471731
vt 0.703178 0.485388
s 0
usemtl Motor_Shaft
f 1569/2771/655 1570/2772/655 1572/2773/655 1571/2774/655
f 1571/2774/656 1572/2773/656 1574/2775/656 1573/2776/656
f 1573/2776/657 1574/2775/657 1576/2777/657 1575/2778/657
f 1575/2778/658 1576/2777/658 1578/2779/658 1577/2780/658
f 1577/2780/659 1578/2779/659 1580/2781/659 1579/2782/659
f 1579/2782/660 1580/2781/660 1582/2783/660 1581/2784/660
f 1581/2784/661 1582/2783/661 1584/2785/661 1583/2786/661
f 1583/2786/662 1584/2785/662 1586/2787/662 1585/2788/662
f 1585/2788/663 1586/2787/663 1588/2789/663 1587/2790/663
f 1587/2790/664 1588/2789/664 1590/2791/664 1589/2792/664
f 1589/2792/665 1590/2791/665 1592/2793/665 1591/2794/665
f 1591/2794/666 1592/2793/666 1594/2795/666 1593/2796/666
f 1593/2796/667 1594/2795/667 1596/2797/667 1595/2798/667
f 1595/2798/668 1596/2797/668 1598/2799/668 1597/2800/668
f 1597/2800/669 1598/2799/669 1600/2801/669 1599/2802/669
f 1599/2802/670 1600/2801/670 1602/2803/670 1601/2804/670
f 1601/2804/671 1602/2803/671 1604/2805/671 1603/2806/671
f 1603/2806/672 1604/2805/672 1606/2807/672 1605/2808/672
f 1605/2808/673 1606/2807/673 1608/2809/673 1607/2810/673
f 1607/2810/674 1608/2809/674 1610/2811/674 1609/2812/674
f 1609/2812/675 1610/2811/675 1612/2813/675 1611/2814/675
f 1611/2814/676 1612/2813/676 1614/2815/676 1613/2816/676
f 1613/2816/677 1614/2815/677 1616/2817/677 1615/2818/677
f 1615/2818/678 1616/2817/678 1618/2819/678 1617/2820/678
f 1617/2820/679 1618/2819/679 1620/2821/679 1619/2822/679
f 1619/2822/680 1620/2821/680 1622/2823/680 1621/2824/680
f 1621/2824/681 1622/2823/681 1624/2825/681 1623/2826/681
f 1623/2826/682 1624/2825/682 1626/2827/682 1625/2828/682
f 1625/2828/683 1626/2827/683 1628/2829/683 1627/2830/683
f 1627/2830/684 1628/2829/684 1630/2831/684 1629/2832/684
f 1572/2833/685 1570/2834/685 1632/2835/685 1630/2836/685 1628/2837/685 1626/2838/685 1624/2839/685 1622/2840/685 1620/2841/685 1618/2842/685 1616/2843/685 1614/2844/685 1612/2845/685 1610/2846/685 1608/2847/685 1606/2848/685 1604/2849/685 1602/2850/685 1600/2851/685 1598/2852/685 1596/2853/685 1594/2854/685 1592/2855/685 1590/2856/685 1588/2857/685 1586/2858/685 1584/2859/685 1582/2860/685 1580/2861/685 1578/2862/685 1576/2863/685 1574/2864/685
f 1629/2832/686 1630/2831/686 1632/2865/686 1631/2866/686
f 1631/2866/687 1632/2865/687 1570/2867/687 1569/2868/687
f 1569/2869/688 1571/2870/688 1573/2871/688 1575/2872/688 1577/2873/688 1579/2874/688 1581/2875/688 1583/2876/688 1585/2877/688 1587/2878/688 1589/2879/688 1591/2880/688 1593/2881/688 1595/2882/688 1597/2883/688 1599/2884/688 1601/2885/688 1603/2886/688 1605/2887/688 1607/2888/688 1609/2889/688 1611/2890/688 1613/2891/688 1615/2892/688 1617/2893/688 1619/2894/688 1621/2895/688 1623/2896/688 1625/2897/688 1627/2898/688 1629/2899/688 1631/2900/688
o Pan_Motor_flange
v 81.000000 34.000000 -11.000000
v 83.000000 34.000000 -11.000000
v 81.000000 31.854006 -10.788638
v 83.000000 31.854006 -10.788638
v 81.000000 29.790482 -10.162675
v 83.000000 29.790482 -10.162675
v 81.000000 27.888727 -9.146166
v 83.000000 27.888727 -9.146166
v 81.000000 26.221825 -7.778174
v 83.000000 26.221825 -7.778174
v 81.000000 24.853834 -6.111273
v 83.000000 24.853834 -6.111273
v 81.000000 23.837326 -4.209518
v 83.000000 23.837326 -4.209518
v 81.000000 23.211361 -2.145993
v 83.000000 23.211361 -2.145993
v 81.000000 23.000000 0.000000
v 83.000000 23.000000 0.000000
v 81.000000 23.211361 2.145993
v 83.000000 23.211361 2.145993
v 81.000000 23.837326 4.209518
v 83.000000 23.837326 4.209518
v 81.000000 24.853834 6.111273
v 83.000000 24.853834 6.111273
v 81.000000 26.221825 7.778174
v 83.000000 26.221825 7.778174
v 81.000000 27.888727 9.146166
v 83.000000 27.888727 9.146166
v 81.000000 29.790482 10.162675
v 83.000000 29.790482 10.162675
v 81.000000 31.854006 10.788638
v 83.000000 31.854006 10.788638
v 81.000000 34.000000 11.000000
v 83.000000 34.000000 11.000000
v 81.000000 36.145992 10.788638
v 83.000000 36.145992 10.788638
v 81.000000 38.209518 10.162675
v 83.000000 38.209518 10.162675
v 81.000000 40.111275 9.146166
v 83.000000 40.111275 9.146166
v 81.000000 41.778175 7.778174
v 83.000000 41.778175 7.778174
v 81.000000 43.146164 6.111273
v 83.000000 43.146164 6.111273
v 81.000000 44.162674 4.209518
v 83.000000 44.162674 4.209518
v 81.000000 44.788639 2.145993
v 83.000000 44.788639 2.145993
v 81.000000 45.000000 0.000000
v 83.000000 45.000000 0.000000
v 81.000000 44.788639 -2.145993
v 83.000000 44.788639 -2.145993
v 81.000000 44.162674 -4.209518
v 83.000000 44.162674 -4.209518
v 81.000000 43.146164 -6.111273
v 83.000000 43.146164 -6.111273
v 81.000000 41.778175 -7.778174
v 83.000000 41.778175 -7.778174
v 81.000000 40.111275 -9.146166
v 83.000000 40.111275 -9.146166
v 81.000000 38.209518 -10.162675
v 83.000000 38.209518 -10.162675
v 81.000000 36.145992 -10.788638
v 83.000000 36.145992 -10.788638
vn -0.0000 -0.0980 -0.9952
vn -0.0000 -0.2903 -0.9569
vn -0.0000 -0.4714 -0.8819
vn -0.0000 -0.6344 -0.7730
vn -0.0000 -0.7730 -0.6344
vn -0.0000 -0.8819 -0.4714
vn -0.0000 -0.9569 -0.2903
vn -0.0000 -0.9952 -0.0980
vn -0.0000 -0.9952 0.0980
vn -0.0000 -0.9569 0.2903
vn -0.0000 -0.8819 0.4714
vn -0.0000 -0.7730 0.6344
vn -0.0000 -0.6344 0.7730
vn -0.0000 -0.4714 0.8819
vn -0.0000 -0.2903 0.9569
vn -0.0000 -0.0980 0.9952
vn -0.0000 0.0980 0.9952
vn -0.0000 0.2903 0.9569
vn -0.0000 0.4714 0.8819
vn -0.0000 0.6344 0.7730
vn -0.0000 0.7730 0.6344
vn -0.0000 0.8819 0.4714
vn -0.0000 0.9569 0.2903
vn -0.0000 0.9952 0.0980
vn -0.0000 0.9952 -0.0980
vn -0.0000 0.9569 -0.2903
vn -0.0000 0.8819 -0.4714
vn -0.0000 0.7730 -0.6344
vn -0.0000 0.6344 -0.7730
vn -0.0000 0.4714 -0.8819
vn 1.0000 -0.0000 -0.0000
vn -0.0000 0.2903 -0.9569
vn -0.0000 0.0980 -0.9952
vn -1.0000 -0.0000 -0.0000
vt 1.000000 0.500000
vt 1.000000 1.000000
vt 0.968750 1.000000
vt 0.968750 0.500000
vt 0.937500 1.000000
vt 0.937500 0.500000
vt 0.906250 1.000000
vt 0.906250 0.500000
vt 0.875000 1.000000
vt 0.875000 0.500000
vt 0.843750 1.000000
vt 0.843750 0.500000
vt 0.812500 1.000000
vt 0.812500 0.500000
vt 0.781250 1.000000
vt 0.781250 0.500000
vt 0.750000 1.000000
vt 0.750000 0.500000
vt 0.718750 1.000000
vt 0.718750 0.500000
vt 0.687500 1.000000
vt 0.687500 0.500000
vt 0.656250 1.000000
vt 0.656250 0.500000
vt 0.625000 1.000000
vt 0.625000 0.500000
vt 0.593750 1.000000
vt 0.593750 0.500000
vt 0.562500 1.000000
vt 0.562500 0.500000
vt 0.531250 1.000000
vt 0.531250 0.500000
vt 0.500000 1.000000
vt 0.500000 0.500000
vt 0.468750 1.000000
vt 0.468750 0.500000
vt 0.437500 1.000000
vt 0.437500 0.500000
vt 0.406250 1.000000
vt 0.406250 0.500000
vt 0.375000 1.000000
vt 0.375000 0.500000
vt 0.343750 1.000000
vt 0.343750 0.500000
vt 0.312500 1.000000
vt 0.312500 0.500000
vt 0.281250 1.000000
vt 0.281250 0.500000
vt 0.250000 1.000000
vt 0.250000 0.500000
vt 0.218750 1.000000
vt 0.218750 0.500000
vt 0.187500 1.000000
vt 0.187500 0.500000
vt 0.156250 1.000000
vt 0.156250 0.500000
vt 0.125000 1.000000
vt 0.125000 0.500000
vt 0.093750 1.000000
vt 0.093750 0.500000
vt 0.062500 1.000000
vt 0.062500 0.500000
vt 0.296822 0.485388
vt 0.250000 0.490000
vt 0.203178 0.485388
vt 0.158156 0.471731
vt 0.116663 0.449553
vt 0.080294 0.419706
vt 0.050447 0.383337
vt 0.028269 0.341844
vt 0.014612 0.296822
vt 0.010000 0.250000
vt 0.014612 0.203178
vt 0.028269 0.158156
vt 0.050447 0.116663
vt 0.080294 0.080294
vt 0.116663 0.050447
vt 0.158156 0.028269
vt 0.203178 0.014612
vt 0.250000 0.010000
vt 0.296822 0.014612
vt 0.341844 0.028269
vt 0.383337 0.050447
vt 0.419706 0.080294
vt 0.449553 0.116663
vt 0.471731 0.158156
vt 0.485388 0.203178
vt 0.490000 0.250000
vt 0.485388 0.296822
vt 0.471731 0.341844
vt 0.449553 0.383337
vt 0.419706 0.419706
vt 0.383337 0.449553
vt 0.341844 0.471731
vt 0.031250 1.000000
vt 0.031250 0.500000
vt 0.000000 1.000000
vt 0.000000 0.500000
vt 0.750000 0.490000
vt 0.796822 0.485388
vt 0.841844 0.471731
vt 0.883337 0.449553
vt 0.919706 0.419706
vt 0.949553 0.383337
vt 0.971731 0.341844
vt 0.985388 0.296822
vt 0.990000 0.250000
vt 0.985388 0.203178
vt 0.971731 0.158156
vt 0.949553 0.116663
vt 0.919706 0.080294
vt 0.883337 0.050447
vt 0.841844 0.028269
vt 0.796822 0.014612
vt 0.750000 0.010000
vt 0.703178 0.014612
vt 0.658156 0.028269
vt 0.616663 0.050447
vt 0.580294 0.080294
vt 0.550447 0.116663
vt 0.528269 0.158156
vt 0.514612 0.203178
vt 0.510000 0.250000
vt 0.514612 0.296822
vt 0.528269 0.341844
vt 0.550447 0.383337
vt 0.580294 0.419706
vt 0.616663 0.449553
vt 0.658156 0.471731
vt 0.703178 0.485388
s 0
usemtl Motor_Body
f 1633/2901/689 1634/2902/689 1636/2903/689 1635/2904/689
f 1635/2904/690 1636/2903/690 1638/2905/690 1637/2906/690
f 1637/2906/691 1638/2905/691 1640/2907/691 1639/2908/691
f 1639/2908/692 1640/2907/692 1642/2909/692 1641/2910/692
f 1641/2910/693 1642/2909/693 1644/2911/693 1643/2912/693
f 1643/2912/694 1644/2911/694 1646/2913/694 1645/2914/694
f 1645/2914/695 1646/2913/695 1648/2915/695 1647/2916/695
f 1647/2916/696 1648/2915/696 1650/2917/696 1649/2918/696
f 1649/2918/697 1650/2917/697 1652/2919/697 1651/2920/697
f 1651/2920/698 1652/2919/698 1654/2921/698 1653/2922/698
f 1653/2922/699 1654/2921/699 1656/2923/699 1655/2924/699
f 1655/2924/700 1656/2923/700 1658/2925/700 1657/2926/700
f 1657/2926/701 1658/2925/701 1660/2927/701 1659/2928/701
f 1659/2928/702 1660/2927/702 1662/2929/702 1661/2930/702
f 1661/2930/703 1662/2929/703 1664/2931/703 1663/2932/703
f 1663/2932/704 1664/2931/704 1666/2933/704 1665/2934/704
f 1665/2934/705 1666/2933/705 1668/2935/705 1667/2936/705
f 1667/2936/706 1668/2935/706 1670/2937/706 1669/2938/706
f 1669/2938/707 1670/2937/707 1672/2939/707 1671/2940/707
f 1671/2940/708 1672/2939/708 1674/2941/708 1673/2942/708
f 1673/2942/709 1674/2941/709 1676/2943/709 1675/2944/709
f 1675/2944/710 1676/2943/710 1678/2945/710 1677/2946/710
f 1677/2946/711 1678/2945/711 1680/2947/711 1679/2948/711
f 1679/2948/712 1680/2947/712 1682/2949/712 1681/2950/712
f 1681/2950/713 1682/2949/713 1684/2951/713 1683/2952/713
f 1683/2952/714 1684/2951/714 1686/2953/714 1685/2954/714
f 1685/2954/715 1686/2953/715 1688/2955/715 1687/2956/715
f 1687/2956/716 1688/2955/716 1690/2957/716 1689/2958/716
f 1689/2958/717 1690/2957/717 1692/2959/717 1691/2960/717
f 1691/2960/718 1692/2959/718 1694/2961/718 1693/2962/718
f 1636/2963/719 1634/2964/719 1696/2965/719 1694/2966/719 1692/2967/719 1690/2968/719 1688/2969/719 1686/2970/719 1684/2971/719 1682/2972/719 1680/2973/719 1678/2974/719 1676/2975/719 1674/2976/719 1672/2977/719 1670/2978/719 1668/2979/719 1666/2980/719 1664/2981/719 1662/2982/719 1660/2983/719 1658/2984/719 1656/2985/719 1654/2986/719 1652/2987/719 1650/2988/719 1648/2989/719 1646/2990/719 1644/2991/719 1642/2992/719 1640/2993/719 1638/2994/719
f 1693/2962/720 1694/2961/720 1696/2995/720 1695/2996/720
f 1695/2996/721 1696/2995/721 1634/2997/721 1633/2998/721
f 1633/2999/722 1635/3000/722 1637/3001/722 1639/3002/722 1641/3003/722 1643/3004/722 1645/3005/722 1647/3006/722 1649/3007/722 1651/3008/722 1653/3009/722 1655/3010/722 1657/3011/722 1659/3012/722 1661/3013/722 1663/3014/722 1665/3015/722 1667/3016/722 1669/3017/722 1671/3018/722 1673/3019/722 1675/3020/722 1677/3021/722 1679/3022/722 1681/3023/722 1683/3024/722 1685/3025/722 1687/3026/722 1689/3027/722 1691/3028/722 1693/3029/722 1695/3030/722
o Pan_Motor_connector
v -13.000003 -74.000000 5.000000
v -7.000003 -74.000000 5.000000
v -13.000003 -74.000000 -5.000000
v -7.000003 -74.000000 -5.000000
v -13.000004 -90.000000 5.000000
v -7.000004 -90.000000 5.000000
v -13.000004 -90.000000 -5.000000
v -7.000004 -90.000000 -5.000000
vn -0.0000 1.0000 -0.0000
vn -0.0000 -0.0000 -1.0000
vn -0.0000 -1.0000 -0.0000
vn -0.0000 -0.0000 1.0000
vn -1.0000 -0.0000 -0.0000
vn 1.0000 -0.0000 -0.0000
vt 0.375000 0.000000
vt 0.625000 0.000000
vt 0.625000 0.250000
vt 0.375000 0.250000
vt 0.625000 0.500000
vt 0.375000 0.500000
vt 0.625000 0.750000
vt 0.375000 0.750000
vt 0.625000 1.000000
vt 0.375000 1.000000
vt 0.125000 0.500000
vt 0.125000 0.750000
vt 0.875000 0.500000
vt 0.875000 0.750000
s 0
usemtl Connector
f 1697/3031/723 1698/3032/723 1700/3033/723 1699/3034/723
f 1699/3034/724 1700/3033/724 1704/3035/724 1703/3036/724
f 1703/3036/725 1704/3035/725 1702/3037/725 1701/3038/725
f 1701/3038/726 1702/3037/726 1698/3039/726 1697/3040/726
f 1699/3041/727 1703/3036/727 1701/3038/727 1697/3042/727
f 1704/3035/728 1700/3043/728 1698/3044/728 1702/3037/728
o Pan_Motor_Bracket
v 59.500000 0.000000 23.000000
v 59.500000 2.000000 25.000000
v 57.500000 2.000000 23.000000
v 59.500000 0.152241 23.765368
v 59.500000 0.585786 24.414213
v 58.734634 0.152241 23.000000
v 58.715454 0.335978 23.784548
v 58.755260 0.687491 24.312510
v 58.345299 0.845299 24.154701
v 58.734634 2.000000 24.847759
v 58.085785 2.000000 24.414213
v 59.500000 1.234633 24.847759
v 58.715454 1.215452 24.664022
v 58.187492 1.255259 24.312510
v 57.652241 1.234633 23.000000
v 58.085785 0.585786 23.000000
v 57.652241 2.000000 23.765368
v 57.835979 1.215452 23.784548
v 58.187492 0.687491 23.744741
v 59.500000 16.000000 25.000000
v 59.500000 18.000000 23.000000
v 57.500000 16.000000 23.000000
v 59.500000 16.765368 24.847759
v 59.500000 17.414213 24.414213
v 58.734634 16.000000 24.847759
v 58.715454 16.784548 24.664022
v 58.755260 17.312510 24.312510
v 58.345299 17.154701 24.154701
v 58.734634 17.847759 23.000000
v 58.085785 17.414213 23.000000
v 59.500000 17.847759 23.765368
v 58.715454 17.664022 23.784548
v 58.187492 17.312510 23.744741
v 57.652241 16.000000 23.765368
v 58.085785 16.000000 24.414213
v 57.652241 16.765368 23.000000
v 57.835979 16.784548 23.784548
v 58.187492 16.744741 24.312510
v 59.500000 0.000000 -23.000000
v 57.500000 2.000000 -23.000000
v 59.500000 2.000000 -25.000000
v 58.734634 0.152241 -23.000000
v 58.085785 0.585786 -23.000000
v 59.500000 0.152241 -23.765368
v 58.715454 0.335978 -23.784548
v 58.187492 0.687491 -23.744741
v 58.345299 0.845299 -24.154701
v 57.652241 2.000000 -23.765368
v 58.085785 2.000000 -24.414213
v 57.652241 1.234633 -23.000000
v 57.835979 1.215452 -23.784548
v 58.187492 1.255259 -24.312510
v 59.500000 1.234633 -24.847759
v 59.500000 0.585786 -24.414213
v 58.734634 2.000000 -24.847759
v 58.715454 1.215452 -24.664022
v 58.755260 0.687491 -24.312510
v 59.500000 18.000000 -23.000000
v 59.500000 16.000000 -25.000000
v 57.500000 16.000000 -23.000000
v 59.500000 17.847759 -23.765368
v 59.500000 17.414213 -24.414213
v 58.734634 17.847759 -23.000000
v 58.715454 17.664022 -23.784548
v 58.755260 17.312510 -24.312510
v 58.345299 17.154701 -24.154701
v 58.734634 16.000000 -24.847759
v 58.085785 16.000000 -24.414213
v 59.500000 16.765368 -24.847759
v 58.715454 16.784548 -24.664022
v 58.187492 16.744741 -24.312510
v 57.652241 16.765368 -23.000000
v 58.085785 17.414213 -23.000000
v 57.652241 16.000000 -23.765368
v 57.835979 16.784548 -23.784548
v 58.187492 17.312510 -23.744741
v 70.500000 0.000000 23.000000
v 72.500000 2.000000 23.000000
v 70.500000 2.000000 25.000000
v 71.265366 0.152241 23.000000
v 71.914215 0.585786 23.000000
v 70.500000 0.152241 23.765368
v 71.284546 0.335978 23.784548
v 71.812508 0.687491 23.744741
v 71.654701 0.845299 24.154701
v 72.347763 2.000000 23.765368
v 71.914215 2.000000 24.414213
v 72.347763 1.234633 23.000000
v 72.164024 1.215452 23.784548
v 71.812508 1.255259 24.312510
v 70.500000 1.234633 24.847759
v 70.500000 0.585786 24.414213
v 71.265366 2.000000 24.847759
v 71.284546 1.215452 24.664022
v 71.244743 0.687491 24.312510
v 70.500000 18.000000 23.000000
v 70.500000 16.000000 25.000000
v 72.500000 16.000000 23.000000
v 70.500000 17.847759 23.765368
v 70.500000 17.414213 24.414213
v 71.265366 17.847759 23.000000
v 71.284546 17.664022 23.784548
v 71.244743 17.312510 24.312510
v 71.654701 17.154701 24.154701
v 71.265366 16.000000 24.847759
v 71.914215 16.000000 24.414213
v 70.500000 16.765368 24.847759
v 71.284546 16.784548 24.664022
v 71.812508 16.744741 24.312510
v 72.347763 16.765368 23.000000
v 71.914215 17.414213 23.000000
v 72.347763 16.000000 23.765368
v 72.164024 16.784548 23.784548
v 71.812508 17.312510 23.744741
v 70.500000 0.000000 -23.000000
v 70.500000 2.000000 -25.000000
v 72.500000 2.000000 -23.000000
v 70.500000 0.152241 -23.765368
v 70.500000 0.585786 -24.414213
v 71.265366 0.152241 -23.000000
v 71.284546 0.335978 -23.784548
v 71.244743 0.687491 -24.312510
v 71.654701 0.845299 -24.154701
v 71.265366 2.000000 -24.847759
v 71.914215 2.000000 -24.414213
v 70.500000 1.234633 -24.847759
v 71.284546 1.215452 -24.664022
v 71.812508 1.255259 -24.312510
v 72.347763 1.234633 -23.000000
v 71.914215 0.585786 -23.000000
v 72.347763 2.000000 -23.765368
v 72.164024 1.215452 -23.784548
v 71.812508 0.687491 -23.744741
v 70.500000 18.000000 -23.000000
v 72.500000 16.000000 -23.000000
v 70.500000 16.000000 -25.000000
v 71.265366 17.847759 -23.000000
v 71.914215 17.414213 -23.000000
v 70.500000 17.847759 -23.765368
v 71.284546 17.664022 -23.784548
v 71.812508 17.312510 -23.744741
v 71.654701 17.154701 -24.154701
v 72.347763 16.000000 -23.765368
v 71.914215 16.000000 -24.414213
v 72.347763 16.765368 -23.000000
v 72.164024 16.784548 -23.784548
v 71.812508 16.744741 -24.312510
v 70.500000 16.765368 -24.847759
v 70.500000 17.414213 -24.414213
v 71.265366 16.000000 -24.847759
v 71.284546 16.784548 -24.664022
v 71.244743 17.312510 -24.312510
vn -0.2049 -0.9571 0.2049
vn -0.1818 -0.8152 0.5500
vn -0.5500 -0.8152 0.1818
vn -0.4931 -0.7167 0.4931
vn -0.2049 -0.2049 0.9571
vn -0.5500 -0.1818 0.8152
vn -0.1818 -0.5500 0.8152
vn -0.4931 -0.4931 0.7167
vn -0.9571 -0.2049 0.2049
vn -0.8152 -0.5500 0.1818
vn -0.8152 -0.1818 0.5500
vn -0.7167 -0.4931 0.4931
vn -0.2049 0.2049 0.9571
vn -0.1818 0.5500 0.8152
vn -0.5500 0.1818 0.8152
vn -0.4931 0.4931 0.7167
vn -0.2049 0.9571 0.2049
vn -0.5500 0.8152 0.1818
vn -0.1818 0.8152 0.5500
vn -0.4931 0.7167 0.4931
vn -0.9571 0.2049 0.2049
vn -0.8152 0.1818 0.5500
vn -0.8152 0.5500 0.1818
vn -0.7167 0.4931 0.4931
vn -0.2049 -0.9571 -0.2049
vn -0.5500 -0.8152 -0.1818
vn -0.1818 -0.8152 -0.5500
vn -0.4931 -0.7167 -0.4931
vn -0.9571 -0.2049 -0.2049
vn -0.8152 -0.1818 -0.5500
vn -0.8152 -0.5500 -0.1818
vn -0.7167 -0.4931 -0.4931
vn -0.2049 -0.2049 -0.9571
vn -0.1818 -0.5500 -0.8152
vn -0.5500 -0.1818 -0.8152
vn -0.4931 -0.4931 -0.7167
vn -0.2049 0.9571 -0.2049
vn -0.1818 0.8152 -0.5500
vn -0.5500 0.8152 -0.1818
vn -0.4931 0.7167 -0.4931
vn -0.2049 0.2049 -0.9571
vn -0.5500 0.1818 -0.8152
vn -0.1818 0.5500 -0.8152
vn -0.4931 0.4931 -0.7167
vn -0.9571 0.2049 -0.2049
vn -0.8152 0.5500 -0.1818
vn -0.8152 0.1818 -0.5499
vn -0.7167 0.4931 -0.4931
vn 0.2049 -0.9571 0.2049
vn 0.5500 -0.8152 0.1818
vn 0.1818 -0.8152 0.5500
vn 0.4931 -0.7167 0.4931
vn 0.9571 -0.2049 0.2049
vn 0.8152 -0.1818 0.5500
vn 0.8152 -0.5500 0.1818
vn 0.7167 -0.4931 0.4931
vn 0.2049 -0.2049 0.9571
vn 0.1818 -0.5500 0.8152
vn 0.5500 -0.1818 0.8152
vn 0.4931 -0.4931 0.7167
vn 0.2049 0.9571 0.2049
vn 0.1818 0.8152 0.5500
vn 0.5500 0.8152 0.1818
vn 0.4931 0.7167 0.4931
vn 0.2049 0.2049 0.9571
vn 0.5500 0.1818 0.8152
vn 0.1818 0.5500 0.8152
vn 0.4931 0.4931 0.7167
vn 0.9571 0.2049 0.2049
vn 0.8152 0.5500 0.1818
vn 0.8152 0.1818 0.5500
vn 0.7167 0.4931 0.4931
vn 0.2049 -0.9571 -0.2049
vn 0.1818 -0.8152 -0.5500
vn 0.5500 -0.8152 -0.1818
vn 0.4931 -0.7167 -0.4931
vn 0.2049 -0.2049 -0.9571
vn 0.5500 -0.1818 -0.8152
vn 0.1818 -0.5500 -0.8152
vn 0.4931 -0.4931 -0.7167
vn 0.9571 -0.2049 -0.2049
vn 0.8152 -0.5500 -0.1818
vn 0.8152 -0.1818 -0.5500
vn 0.7167 -0.4931 -0.4931
vn 0.2049 0.9571 -0.2049
vn 0.5500 0.8152 -0.1818
vn 0.1818 0.8152 -0.5500
vn 0.4931 0.7167 -0.4931
vn 0.9571 0.2049 -0.2049
vn 0.8152 0.1818 -0.5500
vn 0.8152 0.5500 -0.1818
vn 0.7167 0.4931 -0.4931
vn 0.2049 0.2049 -0.9571
vn 0.1818 0.5500 -0.8152
vn 0.5500 0.1818 -0.8152
vn 0.4931 0.4931 -0.7167
vn -0.1951 -0.9808 -0.0000
vn -0.5556 -0.8315 -0.0000
vn -0.8315 -0.5556 -0.0000
vn -0.9808 -0.1951 -0.0000
vn -0.1951 -0.0000 0.9808
vn -0.5556 -0.0000 0.8315
vn -0.8315 -0.0000 0.5556
vn -0.9808 -0.0000 0.1951
vn -0.1951 0.9808 -0.0000
vn -0.5556 0.8315 -0.0000
vn -0.8315 0.5556 -0.0000
vn -0.9808 0.1951 -0.0000
vn -0.1951 -0.0000 -0.9808
vn -0.5556 -0.0000 -0.8315
vn -0.8315 -0.0000 -0.5556
vn -0.9808 -0.0000 -0.1951
vn -0.0000 -0.9808 -0.1951
vn -0.0000 -0.8315 -0.5556
vn -0.0000 -0.5556 -0.8315
vn -0.0000 -0.1951 -0.9808
vn -0.0000 0.9808 -0.1951
vn -0.0000 0.8315 -0.5556
vn -0.0000 0.5556 -0.8315
vn -0.0000 0.1951 -0.9808
vn 0.9808 -0.0000 -0.1951
vn 0.8315 -0.0000 -0.5556
vn 0.5556 -0.0000 -0.8315
vn 0.1951 -0.0000 -0.9808
vn 0.1951 -0.9808 -0.0000
vn 0.5556 -0.8315 -0.0000
vn 0.8315 -0.5556 -0.0000
vn 0.9808 -0.1951 -0.0000
vn 0.1951 0.9808 -0.0000
vn 0.5556 0.8315 -0.0000
vn 0.8315 0.5556 -0.0000
vn 0.9808 0.1951 -0.0000
vn 0.1951 -0.0000 0.9808
vn 0.5556 -0.0000 0.8315
vn 0.8315 -0.0000 0.5556
vn 0.9808 -0.0000 0.1951
vn -0.0000 -0.9808 0.1951
vn -0.0000 -0.8315 0.5556
vn -0.0000 -0.5556 0.8315
vn -0.0000 -0.1951 0.9808
vn -0.0000 0.9808 0.1951
vn -0.0000 0.8315 0.5556
vn -0.0000 0.5556 0.8315
vn -0.0000 0.1951 0.9808
vn -0.0000 -1.0000 -0.0000
vn -1.0000 -0.0000 -0.0000
vn -0.0000 -0.0000 1.0000
vn -0.0000 1.0000 -0.0000
vn -0.0000 -0.0000 -1.0000
vn 1.0000 -0.0000 -0.0000
vt 0.158333 0.740000
vt 0.158333 0.743827
vt 0.145258 0.743923
vt 0.145577 0.740000
vt 0.158333 0.750000
vt 0.145921 0.750000
vt 0.125000 0.743724
vt 0.125000 0.740000
vt 0.139088 0.750000
vt 0.402778 0.966667
vt 0.402778 0.979423
vt 0.391881 0.979742
vt 0.392148 0.966667
vt 0.402778 1.000000
vt 0.392434 1.000000
vt 0.375000 0.979079
vt 0.375000 0.966667
vt 0.386740 1.000000
vt 0.402778 0.010000
vt 0.392148 0.010000
vt 0.391881 0.006077
vt 0.402778 0.006173
vt 0.375000 0.010000
vt 0.375000 0.006276
vt 0.392434 0.000000
vt 0.402778 0.000000
vt 0.375000 0.004226
vt 0.597222 0.966667
vt 0.607852 0.966667
vt 0.608119 0.979742
vt 0.597222 0.979423
vt 0.625000 0.966667
vt 0.625000 0.979079
vt 0.607566 1.000000
vt 0.597222 1.000000
vt 0.625000 0.985912
vt 0.841667 0.740000
vt 0.854423 0.740000
vt 0.854742 0.743923
vt 0.841667 0.743827
vt 0.875000 0.740000
vt 0.875000 0.743724
vt 0.854079 0.750000
vt 0.841667 0.750000
vt 0.875000 0.745774
vt 0.597222 0.010000
vt 0.597222 0.006173
vt 0.608119 0.006077
vt 0.607852 0.010000
vt 0.597222 0.000000
vt 0.607566 0.000000
vt 0.625000 0.006276
vt 0.625000 0.010000
vt 0.613260 0.000000
vt 0.158333 0.510000
vt 0.145577 0.510000
vt 0.145258 0.506077
vt 0.158333 0.506173
vt 0.125000 0.510000
vt 0.125000 0.506276
vt 0.145921 0.500000
vt 0.158333 0.500000
vt 0.125000 0.504227
vt 0.402778 0.240000
vt 0.402778 0.243827
vt 0.391881 0.243923
vt 0.392148 0.240000
vt 0.402778 0.250000
vt 0.392434 0.250000
vt 0.375000 0.243724
vt 0.375000 0.240000
vt 0.380870 0.257044
vt 0.402778 0.283333
vt 0.392148 0.283333
vt 0.391881 0.270258
vt 0.402778 0.270577
vt 0.375000 0.283333
vt 0.375000 0.270921
vt 0.841667 0.510000
vt 0.841667 0.506173
vt 0.854742 0.506077
vt 0.854423 0.510000
vt 0.841667 0.500000
vt 0.854079 0.500000
vt 0.875000 0.506276
vt 0.875000 0.510000
vt 0.860912 0.500000
vt 0.597222 0.283333
vt 0.597222 0.270577
vt 0.608119 0.270258
vt 0.607852 0.283333
vt 0.597222 0.250000
vt 0.607566 0.250000
vt 0.625000 0.270921
vt 0.625000 0.283333
vt 0.619130 0.247887
vt 0.597222 0.240000
vt 0.607852 0.240000
vt 0.608119 0.243923
vt 0.597222 0.243827
vt 0.625000 0.240000
vt 0.625000 0.243724
vt 0.341667 0.740000
vt 0.354423 0.740000
vt 0.354742 0.743923
vt 0.341667 0.743827
vt 0.375000 0.740000
vt 0.375000 0.743724
vt 0.364540 0.760460
vt 0.358333 0.766667
vt 0.378913 0.753287
vt 0.402778 0.740000
vt 0.402778 0.743827
vt 0.391881 0.743923
vt 0.392148 0.740000
vt 0.402778 0.750000
vt 0.392434 0.750000
vt 0.402778 0.783333
vt 0.392148 0.783333
vt 0.391881 0.770258
vt 0.402778 0.770577
vt 0.658333 0.740000
vt 0.658333 0.743827
vt 0.645258 0.743923
vt 0.645577 0.740000
vt 0.641667 0.766667
vt 0.635460 0.760460
vt 0.625000 0.743724
vt 0.625000 0.740000
vt 0.625783 0.748591
vt 0.597222 0.783333
vt 0.597222 0.770577
vt 0.608119 0.770258
vt 0.607852 0.783333
vt 0.597222 0.750000
vt 0.607566 0.750000
vt 0.597222 0.740000
vt 0.607852 0.740000
vt 0.608119 0.743923
vt 0.597222 0.743827
vt 0.341667 0.510000
vt 0.341667 0.506173
vt 0.354742 0.506077
vt 0.354423 0.510000
vt 0.358333 0.483333
vt 0.364540 0.489540
vt 0.375000 0.506276
vt 0.375000 0.510000
vt 0.374217 0.501409
vt 0.402778 0.466667
vt 0.402778 0.479423
vt 0.391881 0.479742
vt 0.392148 0.466667
vt 0.402778 0.500000
vt 0.392434 0.500000
vt 0.402778 0.510000
vt 0.392148 0.510000
vt 0.391881 0.506077
vt 0.402778 0.506173
vt 0.658333 0.510000
vt 0.645577 0.510000
vt 0.645258 0.506077
vt 0.658333 0.506173
vt 0.625000 0.510000
vt 0.625000 0.506276
vt 0.635460 0.489540
vt 0.641667 0.483333
vt 0.621087 0.496713
vt 0.597222 0.510000
vt 0.597222 0.506173
vt 0.608119 0.506077
vt 0.607852 0.510000
vt 0.597222 0.500000
vt 0.607566 0.500000
vt 0.597222 0.466667
vt 0.607852 0.466667
vt 0.608119 0.479742
vt 0.597222 0.479423
s 0
usemtl Aluminum
f 1705/3045/729 1708/3046/729 1711/3047/729 1710/3048/729
f 1708/3046/730 1709/3049/730 1712/3050/730 1711/3047/730
f 1710/3048/731 1711/3047/731 1723/3051/731 1720/3052/731
f 1711/3047/732 1712/3050/732 1713/3053/732 1723/3051/732
f 1706/3054/733 1714/3055/733 1717/3056/733 1716/3057/733
f 1714/3055/734 1715/3058/734 1718/3059/734 1717/3056/734
f 1716/3057/735 1717/3056/735 1712/3060/735 1709/3061/735
f 1717/3056/736 1718/3059/736 1713/3062/736 1712/3060/736
f 1707/3063/737 1719/3064/737 1722/3065/737 1721/3066/737
f 1719/3064/738 1720/3067/738 1723/3068/738 1722/3065/738
f 1721/3066/739 1722/3065/739 1718/3069/739 1715/3070/739
f 1722/3065/740 1723/3068/740 1713/3071/740 1718/3069/740
f 1724/3072/741 1727/3073/741 1730/3074/741 1729/3075/741
f 1727/3073/742 1728/3076/742 1731/3077/742 1730/3074/742
f 1729/3075/743 1730/3074/743 1742/3078/743 1739/3079/743
f 1730/3074/744 1731/3077/744 1732/3080/744 1742/3078/744
f 1725/3081/745 1733/3082/745 1736/3083/745 1735/3084/745
f 1733/3082/746 1734/3085/746 1737/3086/746 1736/3083/746
f 1735/3084/747 1736/3083/747 1731/3087/747 1728/3088/747
f 1736/3083/748 1737/3086/748 1732/3089/748 1731/3087/748
f 1726/3090/749 1738/3091/749 1741/3092/749 1740/3093/749
f 1738/3091/750 1739/3094/750 1742/3095/750 1741/3092/750
f 1740/3093/751 1741/3092/751 1737/3096/751 1734/3097/751
f 1741/3092/752 1742/3095/752 1732/3098/752 1737/3096/752
f 1743/3099/753 1746/3100/753 1749/3101/753 1748/3102/753
f 1746/3100/754 1747/3103/754 1750/3104/754 1749/3101/754
f 1748/3102/755 1749/3101/755 1761/3105/755 1758/3106/755
f 1749/3101/756 1750/3104/756 1751/3107/756 1761/3105/756
f 1744/3108/757 1752/3109/757 1755/3110/757 1754/3111/757
f 1752/3109/758 1753/3112/758 1756/3113/758 1755/3110/758
f 1754/3111/759 1755/3110/759 1750/3114/759 1747/3115/759
f 1755/3110/760 1756/3113/760 1751/3116/760 1750/3114/760
f 1745/3117/761 1757/3118/761 1760/3119/761 1759/3120/761
f 1757/3118/762 1758/3121/762 1761/3122/762 1760/3119/762
f 1759/3120/763 1760/3119/763 1756/3113/763 1753/3112/763
f 1760/3119/764 1761/3122/764 1751/3116/764 1756/3113/764
f 1762/3123/765 1765/3124/765 1768/3125/765 1767/3126/765
f 1765/3124/766 1766/3127/766 1769/3128/766 1768/3125/766
f 1767/3126/767 1768/3125/767 1780/3129/767 1777/3130/767
f 1768/3125/768 1769/3128/768 1770/3131/768 1780/3129/768
f 1763/3132/769 1771/3133/769 1774/3134/769 1773/3135/769
f 1771/3133/770 1772/3136/770 1775/3137/770 1774/3134/770
f 1773/3135/771 1774/3134/771 1769/3138/771 1766/3139/771
f 1774/3134/772 1775/3137/772 1770/3140/772 1769/3138/772
f 1764/3141/773 1776/3142/773 1779/3143/773 1778/3144/773
f 1776/3142/774 1777/3145/774 1780/3146/774 1779/3143/774
f 1778/3144/775 1779/3143/775 1775/3137/775 1772/3136/775
f 1779/3143/776 1780/3146/776 1770/3140/776 1775/3137/776
f 1781/3147/777 1784/3148/777 1787/3149/777 1786/3150/777
f 1784/3148/778 1785/3151/778 1788/3152/778 1787/3149/778
f 1786/3150/779 1787/3149/779 1799/3153/779 1796/3154/779
f 1787/3149/780 1788/3152/780 1789/3155/780 1799/3153/780
f 1782/3156/781 1790/3157/781 1793/3158/781 1792/3159/781
f 1790/3157/782 1791/3160/782 1794/3161/782 1793/3158/782
f 1792/3159/783 1793/3158/783 1788/3152/783 1785/3151/783
f 1793/3158/784 1794/3161/784 1789/3155/784 1788/3152/784
f 1783/3162/785 1795/3163/785 1798/3164/785 1797/3165/785
f 1795/3163/786 1796/3154/786 1799/3153/786 1798/3164/786
f 1797/3165/787 1798/3164/787 1794/3161/787 1791/3160/787
f 1798/3164/788 1799/3153/788 1789/3155/788 1794/3161/788
f 1800/3166/789 1803/3167/789 1806/3168/789 1805/3169/789
f 1803/3167/790 1804/3170/790 1807/3171/790 1806/3168/790
f 1805/3169/791 1806/3168/791 1818/3172/791 1815/3173/791
f 1806/3168/792 1807/3171/792 1808/3174/792 1818/3172/792
f 1801/3175/793 1809/3176/793 1812/3177/793 1811/3178/793
f 1809/3176/794 1810/3179/794 1813/3180/794 1812/3177/794
f 1811/3178/795 1812/3177/795 1807/3171/795 1804/3170/795
f 1812/3177/796 1813/3180/796 1808/3174/796 1807/3171/796
f 1802/3181/797 1814/3182/797 1817/3183/797 1816/3184/797
f 1814/3182/798 1815/3173/798 1818/3172/798 1817/3183/798
f 1816/3184/799 1817/3183/799 1813/3180/799 1810/3179/799
f 1817/3183/800 1818/3172/800 1808/3174/800 1813/3180/800
f 1819/3185/801 1822/3186/801 1825/3187/801 1824/3188/801
f 1822/3186/802 1823/3189/802 1826/3190/802 1825/3187/802
f 1824/3188/803 1825/3187/803 1837/3191/803 1834/3192/803
f 1825/3187/804 1826/3190/804 1827/3193/804 1837/3191/804
f 1820/3194/805 1828/3195/805 1831/3196/805 1830/3197/805
f 1828/3195/806 1829/3198/806 1832/3199/806 1831/3196/806
f 1830/3197/807 1831/3196/807 1826/3190/807 1823/3189/807
f 1831/3196/808 1832/3199/808 1827/3193/808 1826/3190/808
f 1821/3200/809 1833/3201/809 1836/3202/809 1835/3203/809
f 1833/3201/810 1834/3192/810 1837/3191/810 1836/3202/810
f 1835/3203/811 1836/3202/811 1832/3199/811 1829/3198/811
f 1836/3202/812 1837/3191/812 1827/3193/812 1832/3199/812
f 1838/3204/813 1841/3205/813 1844/3206/813 1843/3207/813
f 1841/3205/814 1842/3208/814 1845/3209/814 1844/3206/814
f 1843/3207/815 1844/3206/815 1856/3210/815 1853/3211/815
f 1844/3206/816 1845/3209/816 1846/3212/816 1856/3210/816
f 1839/3213/817 1847/3214/817 1850/3215/817 1849/3216/817
f 1847/3214/818 1848/3217/818 1851/3218/818 1850/3215/818
f 1849/3216/819 1850/3215/819 1845/3209/819 1842/3208/819
f 1850/3215/820 1851/3218/820 1846/3212/820 1845/3209/820
f 1840/3219/821 1852/3220/821 1855/3221/821 1854/3222/821
f 1852/3220/822 1853/3211/822 1856/3210/822 1855/3221/822
f 1854/3222/823 1855/3221/823 1851/3218/823 1848/3217/823
f 1855/3221/824 1856/3210/824 1846/3212/824 1851/3218/824
f 1743/3099/825 1705/3045/825 1710/3048/825 1746/3100/825
f 1746/3100/826 1710/3048/826 1720/3052/826 1747/3103/826
f 1747/3115/827 1720/3067/827 1719/3064/827 1754/3111/827
f 1754/3111/828 1719/3064/828 1707/3063/828 1744/3108/828
f 1706/3054/829 1724/3072/829 1729/3075/829 1714/3055/829
f 1714/3055/830 1729/3075/830 1739/3079/830 1715/3058/830
f 1715/3070/831 1739/3094/831 1738/3091/831 1721/3066/831
f 1721/3066/832 1738/3091/832 1726/3090/832 1707/3063/832
f 1725/3081/833 1762/3123/833 1767/3126/833 1733/3082/833
f 1733/3082/834 1767/3126/834 1777/3130/834 1734/3085/834
f 1734/3097/835 1777/3145/835 1776/3142/835 1740/3093/835
f 1740/3093/836 1776/3142/836 1764/3141/836 1726/3090/836
f 1763/3132/837 1745/3117/837 1759/3120/837 1771/3133/837
f 1771/3133/838 1759/3120/838 1753/3112/838 1772/3136/838
f 1772/3136/839 1753/3112/839 1752/3109/839 1778/3144/839
f 1778/3144/840 1752/3109/840 1744/3108/840 1764/3141/840
f 1819/3185/841 1743/3099/841 1748/3102/841 1822/3186/841
f 1822/3186/842 1748/3102/842 1758/3106/842 1823/3189/842
f 1823/3189/843 1758/3121/843 1757/3118/843 1830/3197/843
f 1830/3197/844 1757/3118/844 1745/3117/844 1820/3194/844
f 1762/3123/845 1838/3204/845 1843/3207/845 1765/3124/845
f 1765/3124/846 1843/3207/846 1853/3211/846 1766/3127/846
f 1766/3139/847 1853/3211/847 1852/3220/847 1773/3135/847
f 1773/3135/848 1852/3220/848 1840/3219/848 1763/3132/848
f 1839/3213/849 1821/3200/849 1835/3203/849 1847/3214/849
f 1847/3214/850 1835/3203/850 1829/3198/850 1848/3217/850
f 1848/3217/851 1829/3198/851 1828/3195/851 1854/3222/851
f 1854/3222/852 1828/3195/852 1820/3194/852 1840/3219/852
f 1781/3147/853 1819/3185/853 1824/3188/853 1784/3148/853
f 1784/3148/854 1824/3188/854 1834/3192/854 1785/3151/854
f 1785/3151/855 1834/3192/855 1833/3201/855 1792/3159/855
f 1792/3159/856 1833/3201/856 1821/3200/856 1782/3156/856
f 1838/3204/857 1800/3166/857 1805/3169/857 1841/3205/857
f 1841/3205/858 1805/3169/858 1815/3173/858 1842/3208/858
f 1842/3208/859 1815/3173/859 1814/3182/859 1849/3216/859
f 1849/3216/860 1814/3182/860 1802/3181/860 1839/3213/860
f 1801/3175/861 1783/3162/861 1797/3165/861 1809/3176/861
f 1809/3176/862 1797/3165/862 1791/3160/862 1810/3179/862
f 1810/3179/863 1791/3160/863 1790/3157/863 1816/3184/863
f 1816/3184/864 1790/3157/864 1782/3156/864 1802/3181/864
f 1705/3045/865 1781/3147/865 1786/3150/865 1708/3046/865
f 1708/3046/866 1786/3150/866 1796/3154/866 1709/3049/866
f 1709/3061/867 1796/3154/867 1795/3163/867 1716/3057/867
f 1716/3057/868 1795/3163/868 1783/3162/868 1706/3054/868
f 1800/3166/869 1725/3081/869 1735/3084/869 1803/3167/869
f 1803/3167/870 1735/3084/870 1728/3088/870 1804/3170/870
f 1804/3170/871 1728/3076/871 1727/3073/871 1811/3178/871
f 1811/3178/872 1727/3073/872 1724/3072/872 1801/3175/872
f 1743/3099/873 1819/3185/873 1781/3147/873 1705/3045/873
f 1707/3063/874 1726/3090/874 1764/3141/874 1744/3108/874
f 1783/3162/875 1801/3175/875 1724/3072/875 1706/3054/875
f 1838/3204/876 1762/3123/876 1725/3081/876 1800/3166/876
f 1745/3117/877 1763/3132/877 1840/3219/877 1820/3194/877
f 1821/3200/878 1839/3213/878 1802/3181/878 1782/3156/878
o Yoke_Base
v -55.000000 18.000000 28.000000
v -55.000000 20.000000 30.000000
v -57.000000 20.000000 28.000000
v -55.000000 18.152241 28.765368
v -55.000000 18.585787 29.414213
v -55.765366 18.152241 28.000000
v -55.784546 18.335978 28.784548
v -55.744740 18.687490 29.312510
v -56.154701 18.845299 29.154701
v -55.765366 20.000000 29.847759
v -56.414215 20.000000 29.414213
v -55.000000 19.234632 29.847759
v -55.784546 19.215452 29.664022
v -56.312508 19.255259 29.312510
v -56.847759 19.234632 28.000000
v -56.414215 18.585787 28.000000
v -56.847759 20.000000 28.765368
v -56.664021 19.215452 28.784548
v -56.312508 18.687490 28.744741
v -55.000000 26.000000 30.000000
v -55.000000 28.000000 28.000000
v -57.000000 26.000000 28.000000
v -55.000000 26.765368 29.847759
v -55.000000 27.414213 29.414213
v -55.765366 26.000000 29.847759
v -55.784546 26.784548 29.664022
v -55.744740 27.312510 29.312510
v -56.154701 27.154701 29.154701
v -55.765366 27.847759 28.000000
v -56.414215 27.414213 28.000000
v -55.000000 27.847759 28.765368
v -55.784546 27.664022 28.784548
v -56.312508 27.312510 28.744741
v -56.847759 26.000000 28.765368
v -56.414215 26.000000 29.414213
v -56.847759 26.765368 28.000000
v -56.664021 26.784548 28.784548
v -56.312508 26.744741 29.312510
v -55.000000 18.000000 -28.000000
v -57.000000 20.000000 -28.000000
v -55.000000 20.000000 -30.000000
v -55.765366 18.152241 -28.000000
v -56.414215 18.585787 -28.000000
v -55.000000 18.152241 -28.765368
v -55.784546 18.335978 -28.784548
v -56.312508 18.687490 -28.744741
v -56.154701 18.845299 -29.154701
v -56.847759 20.000000 -28.765368
v -56.414215 20.000000 -29.414213
v -56.847759 19.234632 -28.000000
v -56.664021 19.215452 -28.784548
v -56.312508 19.255259 -29.312510
v -55.000000 19.234632 -29.847759
v -55.000000 18.585787 -29.414213
v -55.765366 20.000000 -29.847759
v -55.784546 19.215452 -29.664022
v -55.744740 18.687490 -29.312510
v -55.000000 28.000000 -28.000000
v -55.000000 26.000000 -30.000000
v -57.000000 26.000000 -28.000000
v -55.000000 27.847759 -28.765368
v -55.000000 27.414213 -29.414213
v -55.765366 27.847759 -28.000000
v -55.784546 27.664022 -28.784548
v -55.744740 27.312510 -29.312510
v -56.154701 27.154701 -29.154701
v -55.765366 26.000000 -29.847759
v -56.414215 26.000000 -29.414213
v -55.000000 26.765368 -29.847759
v -55.784546 26.784548 -29.664022
v -56.312508 26.744741 -29.312510
v -56.847759 26.765368 -28.000000
v -56.414215 27.414213 -28.000000
v -56.847759 26.000000 -28.765368
v -56.664021 26.784548 -28.784548
v -56.312508 27.312510 -28.744741
v 55.000000 18.000000 28.000000
v 57.000000 20.000000 28.000000
v 55.000000 20.000000 30.000000
v 55.765366 18.152241 28.000000
v 56.414215 18.585787 28.000000
v 55.000000 18.152241 28.765368
v 55.784546 18.335978 28.784548
v 56.312508 18.687490 28.744741
v 56.154701 18.845299 29.154701
v 56.847759 20.000000 28.765368
v 56.414215 20.000000 29.414213
v 56.847759 19.234632 28.000000
v 56.664021 19.215452 28.784548
v 56.312508 19.255259 29.312510
v 55.000000 19.234632 29.847759
v 55.000000 18.585787 29.414213
v 55.765366 20.000000 29.847759
v 55.784546 19.215452 29.664022
v 55.744740 18.687490 29.312510
v 55.000000 28.000000 28.000000
v 55.000000 26.000000 30.000000
v 57.000000 26.000000 28.000000
v 55.000000 27.847759 28.765368
v 55.000000 27.414213 29.414213
v 55.765366 27.847759 28.000000
v 55.784546 27.664022 28.784548
v 55.744740 27.312510 29.312510
v 56.154701 27.154701 29.154701
v 55.765366 26.000000 29.847759
v 56.414215 26.000000 29.414213
v 55.000000 26.765368 29.847759
v 55.784546 26.784548 29.664022
v 56.312508 26.744741 29.312510
v 56.847759 26.765368 28.000000
v 56.414215 27.414213 28.000000
v 56.847759 26.000000 28.765368
v 56.664021 26.784548 28.784548
v 56.312508 27.312510 28.744741
v 55.000000 18.000000 -28.000000
v 55.000000 20.000000 -30.000000
v 57.000000 20.000000 -28.000000
v 55.000000 18.152241 -28.765368
v 55.000000 18.585787 -29.414213
v 55.765366 18.152241 -28.000000
v 55.784546 18.335978 -28.784548
v 55.744740 18.687490 -29.312510
v 56.154701 18.845299 -29.154701
v 55.765366 20.000000 -29.847759
v 56.414215 20.000000 -29.414213
v 55.000000 19.234632 -29.847759
v 55.784546 19.215452 -29.664022
v 56.312508 19.255259 -29.312510
v 56.847759 19.234632 -28.000000
v 56.414215 18.585787 -28.000000
v 56.847759 20.000000 -28.765368
v 56.664021 19.215452 -28.784548
v 56.312508 18.687490 -28.744741
v 55.000000 28.000000 -28.000000
v 57.000000 26.000000 -28.000000
v 55.000000 26.000000 -30.000000
v 55.765366 27.847759 -28.000000
v 56.414215 27.414213 -28.000000
v 55.000000 27.847759 -28.765368
v 55.784546 27.664022 -28.784548
v 56.312508 27.312510 -28.744741
v 56.154701 27.154701 -29.154701
v 56.847759 26.000000 -28.765368
v 56.414215 26.000000 -29.414213
v 56.847759 26.765368 -28.000000
v 56.664021 26.784548 -28.784548
v 56.312508 26.744741 -29.312510
v 55.000000 26.765368 -29.847759
v 55.000000 27.414213 -29.414213
v 55.765366 26.000000 -29.847759
v 55.784546 26.784548 -29.664022
v 55.744740 27.312510 -29.312510
vn -0.2049 -0.9571 0.2049
vn -0.1818 -0.8152 0.5500
vn -0.5500 -0.8152 0.1818
vn -0.4931 -0.7167 0.4931
vn -0.2049 -0.2049 0.9571
vn -0.5500 -0.1818 0.8152
vn -0.1818 -0.5500 0.8152
vn -0.4931 -0.4931 0.7167
vn -0.9571 -0.2049 0.2049
vn -0.8152 -0.5500 0.1818
vn -0.8152 -0.1818 0.5500
vn -0.7167 -0.4931 0.4931
vn -0.2049 0.2049 0.9571
vn -0.1818 0.5500 0.8152
vn -0.5500 0.1818 0.8152
vn -0.4931 0.4931 0.7167
vn -0.2049 0.9571 0.2049
vn -0.5499 0.8152 0.1818
vn -0.1818 0.8152 0.5500
vn -0.4931 0.7167 0.4931
vn -0.9571 0.2049 0.2049
vn -0.8152 0.1818 0.5500
vn -0.8152 0.5500 0.1818
vn -0.7167 0.4931 0.4931
vn -0.2049 -0.9571 -0.2049
vn -0.5500 -0.8152 -0.1818
vn -0.1818 -0.8152 -0.5500
vn -0.4931 -0.7167 -0.4931
vn -0.9571 -0.2049 -0.2049
vn -0.8152 -0.1818 -0.5500
vn -0.8152 -0.5500 -0.1818
vn -0.7167 -0.4931 -0.4931
vn -0.2049 -0.2049 -0.9571
vn -0.1818 -0.5500 -0.8152
vn -0.5500 -0.1818 -0.8152
vn -0.4931 -0.4931 -0.7167
vn -0.2049 0.9571 -0.2049
vn -0.1818 0.8152 -0.5500
vn -0.5499 0.8152 -0.1818
vn -0.4931 0.7167 -0.4931
vn -0.2049 0.2049 -0.9571
vn -0.5500 0.1818 -0.8152
vn -0.1818 0.5500 -0.8152
vn -0.4931 0.4931 -0.7167
vn -0.9571 0.2049 -0.2049
vn -0.8152 0.5500 -0.1818
vn -0.8152 0.1818 -0.5500
vn -0.7167 0.4931 -0.4931
vn 0.2049 -0.9571 0.2049
vn 0.5500 -0.8152 0.1818
vn 0.1818 -0.8152 0.5500
vn 0.4931 -0.7167 0.4931
vn 0.9571 -0.2049 0.2049
vn 0.8152 -0.1818 0.5500
vn 0.8152 -0.5500 0.1818
vn 0.7167 -0.4931 0.4931
vn 0.2049 -0.2049 0.9571
vn 0.1818 -0.5500 0.8152
vn 0.5500 -0.1818 0.8152
vn 0.4931 -0.4931 0.7167
vn 0.2049 0.9571 0.2049
vn 0.1818 0.8152 0.5500
vn 0.5499 0.8152 0.1818
vn 0.4931 0.7167 0.4931
vn 0.2049 0.2049 0.9571
vn 0.5500 0.1818 0.8152
vn 0.1818 0.5500 0.8152
vn 0.4931 0.4931 0.7167
vn 0.9571 0.2049 0.2049
vn 0.8152 0.5500 0.1818
vn 0.8152 0.1818 0.5500
vn 0.7167 0.4931 0.4931
vn 0.2049 -0.9571 -0.2049
vn 0.1818 -0.8152 -0.5500
vn 0.5500 -0.8152 -0.1818
vn 0.4931 -0.7167 -0.4931
vn 0.2049 -0.2049 -0.9571
vn 0.5500 -0.1818 -0.8152
vn 0.1818 -0.5500 -0.8152
vn 0.4931 -0.4931 -0.7167
vn 0.9571 -0.2049 -0.2049
vn 0.8152 -0.5500 -0.1818
vn 0.8152 -0.1818 -0.5500
vn 0.7167 -0.4931 -0.4931
vn 0.2049 0.9571 -0.2049
vn 0.5499 0.8152 -0.1818
vn 0.1818 0.8152 -0.5500
vn 0.4931 0.7167 -0.4931
vn 0.9571 0.2049 -0.2049
vn 0.8152 0.1818 -0.5500
vn 0.8152 0.5500 -0.1818
vn 0.7167 0.4931 -0.4931
vn 0.2049 0.2049 -0.9571
vn 0.1818 0.5500 -0.8152
vn 0.5500 0.1818 -0.8152
vn 0.4931 0.4931 -0.7167
vn -0.1951 -0.9808 -0.0000
vn -0.5556 -0.8315 -0.0000
vn -0.8315 -0.5556 -0.0000
vn -0.9808 -0.1951 -0.0000
vn -0.1951 -0.0000 0.9808
vn -0.5556 -0.0000 0.8315
vn -0.8315 -0.0000 0.5556
vn -0.9808 -0.0000 0.1951
vn -0.1951 0.9808 -0.0000
vn -0.5556 0.8315 -0.0000
vn -0.8315 0.5556 -0.0000
vn -0.9808 0.1951 -0.0000
vn -0.1951 -0.0000 -0.9808
vn -0.5556 -0.0000 -0.8315
vn -0.8315 -0.0000 -0.5556
vn -0.9808 -0.0000 -0.1951
vn -0.0000 -0.9808 -0.1951
vn -0.0000 -0.8315 -0.5556
vn -0.0000 -0.5556 -0.8315
vn -0.0000 -0.1951 -0.9808
vn -0.0000 0.9808 -0.1951
vn -0.0000 0.8315 -0.5556
vn -0.0000 0.5556 -0.8315
vn -0.0000 0.1951 -0.9808
vn 0.9808 -0.0000 -0.1951
vn 0.8315 -0.0000 -0.5556
vn 0.5556 -0.0000 -0.8315
vn 0.1951 -0.0000 -0.9808
vn 0.1951 -0.9808 -0.0000
vn 0.5556 -0.8315 -0.0000
vn 0.8315 -0.5556 -0.0000
vn 0.9808 -0.1951 -0.0000
vn 0.1951 0.9808 -0.0000
vn 0.5556 0.8315 -0.0000
vn 0.8315 0.5556 -0.0000
vn 0.9808 0.1951 -0.0000
vn 0.1951 -0.0000 0.9808
vn 0.5556 -0.0000 0.8315
vn 0.8315 -0.0000 0.5556
vn 0.9808 -0.0000 0.1951
vn -0.0000 -0.9808 0.1951
vn -0.0000 -0.8315 0.5556
vn -0.0000 -0.5556 0.8315
vn -0.0000 -0.1951 0.9808
vn -0.0000 0.9808 0.1951
vn -0.0000 0.8315 0.5556
vn -0.0000 0.5556 0.8315
vn -0.0000 0.1951 0.9808
vn -0.0000 -1.0000 -0.0000
vn -1.0000 -0.0000 -0.0000
vn -0.0000 -0.0000 1.0000
vn -0.0000 1.0000 -0.0000
vn -0.0000 -0.0000 -1.0000
vn 1.0000 -0.0000 -0.0000
vt 0.129386 0.741667
vt 0.129386 0.744856
vt 0.127665 0.744936
vt 0.127708 0.741667
vt 0.129386 0.750000
vt 0.127753 0.750000
vt 0.125000 0.744770
vt 0.125000 0.741667
vt 0.126854 0.750000
vt 0.425000 0.995614
vt 0.425000 0.997293
vt 0.405386 0.997335
vt 0.405866 0.995614
vt 0.425000 1.000000
vt 0.406381 1.000000
vt 0.375000 0.997247
vt 0.375000 0.995614
vt 0.396132 1.000000
vt 0.425000 0.008333
vt 0.405866 0.008333
vt 0.405386 0.005064
vt 0.425000 0.005144
vt 0.375000 0.008333
vt 0.375000 0.005230
vt 0.406381 0.000000
vt 0.425000 0.000000
vt 0.375000 0.003522
vt 0.575000 0.995614
vt 0.594134 0.995614
vt 0.594614 0.997335
vt 0.575000 0.997293
vt 0.625000 0.995614
vt 0.625000 0.997247
vt 0.593619 1.000000
vt 0.575000 1.000000
vt 0.625000 0.998146
vt 0.870614 0.741667
vt 0.872293 0.741667
vt 0.872335 0.744936
vt 0.870614 0.744856
vt 0.875000 0.741667
vt 0.875000 0.744770
vt 0.872247 0.750000
vt 0.870614 0.750000
vt 0.875000 0.746478
vt 0.575000 0.008333
vt 0.575000 0.005144
vt 0.594614 0.005064
vt 0.594134 0.008333
vt 0.575000 0.000000
vt 0.593619 0.000000
vt 0.625000 0.005230
vt 0.625000 0.008333
vt 0.603868 0.000000
vt 0.129386 0.508333
vt 0.127708 0.508333
vt 0.127665 0.505064
vt 0.129386 0.505144
vt 0.125000 0.508333
vt 0.125000 0.505230
vt 0.127753 0.500000
vt 0.129386 0.500000
vt 0.125000 0.503522
vt 0.425000 0.241667
vt 0.425000 0.244856
vt 0.405386 0.244936
vt 0.405866 0.241667
vt 0.425000 0.250000
vt 0.406381 0.250000
vt 0.375000 0.244770
vt 0.375000 0.241667
vt 0.385566 0.250927
vt 0.425000 0.254386
vt 0.405866 0.254386
vt 0.405386 0.252665
vt 0.425000 0.252708
vt 0.375000 0.254386
vt 0.375000 0.252753
vt 0.870614 0.508333
vt 0.870614 0.505144
vt 0.872335 0.505064
vt 0.872293 0.508333
vt 0.870614 0.500000
vt 0.872247 0.500000
vt 0.875000 0.505230
vt 0.875000 0.508333
vt 0.873146 0.500000
vt 0.575000 0.254386
vt 0.575000 0.252708
vt 0.594614 0.252665
vt 0.594134 0.254386
vt 0.575000 0.250000
vt 0.593619 0.250000
vt 0.625000 0.252753
vt 0.625000 0.254386
vt 0.614434 0.248239
vt 0.575000 0.241667
vt 0.594134 0.241667
vt 0.594614 0.244936
vt 0.575000 0.244856
vt 0.625000 0.241667
vt 0.625000 0.244770
vt 0.370614 0.741667
vt 0.372292 0.741667
vt 0.372335 0.744936
vt 0.370614 0.744856
vt 0.375000 0.741667
vt 0.375000 0.744770
vt 0.373624 0.751376
vt 0.372807 0.752193
vt 0.382044 0.749444
vt 0.425000 0.741667
vt 0.425000 0.744856
vt 0.405386 0.744936
vt 0.405866 0.741667
vt 0.425000 0.750000
vt 0.406381 0.750000
vt 0.425000 0.754386
vt 0.405866 0.754386
vt 0.405386 0.752665
vt 0.425000 0.752708
vt 0.629386 0.741667
vt 0.629386 0.744856
vt 0.627665 0.744936
vt 0.627707 0.741667
vt 0.627193 0.752193
vt 0.626376 0.751376
vt 0.625000 0.744770
vt 0.625000 0.741667
vt 0.618574 0.748826
vt 0.575000 0.754386
vt 0.575000 0.752708
vt 0.594614 0.752666
vt 0.594134 0.754386
vt 0.575000 0.750000
vt 0.593619 0.750000
vt 0.575000 0.741667
vt 0.594134 0.741667
vt 0.594614 0.744936
vt 0.575000 0.744856
vt 0.370614 0.508333
vt 0.370614 0.505144
vt 0.372335 0.505064
vt 0.372292 0.508333
vt 0.372807 0.497807
vt 0.373624 0.498624
vt 0.375000 0.505230
vt 0.375000 0.508333
vt 0.381426 0.501174
vt 0.425000 0.495614
vt 0.425000 0.497292
vt 0.405386 0.497335
vt 0.405866 0.495614
vt 0.425000 0.500000
vt 0.406381 0.500000
vt 0.425000 0.508333
vt 0.405866 0.508333
vt 0.405386 0.505064
vt 0.425000 0.505144
vt 0.629386 0.508333
vt 0.627707 0.508333
vt 0.627665 0.505064
vt 0.629386 0.505144
vt 0.625000 0.508333
vt 0.625000 0.505230
vt 0.626376 0.498624
vt 0.627193 0.497807
vt 0.617956 0.500556
vt 0.575000 0.508333
vt 0.575000 0.505144
vt 0.594614 0.505064
vt 0.594134 0.508333
vt 0.575000 0.500000
vt 0.593619 0.500000
vt 0.575000 0.495614
vt 0.594134 0.495614
vt 0.594614 0.497335
vt 0.575000 0.497292
s 0
usemtl Dark_Aluminum
f 1857/3223/879 1860/3224/879 1863/3225/879 1862/3226/879
f 1860/3224/880 1861/3227/880 1864/3228/880 1863/3225/880
f 1862/3226/881 1863/3225/881 1875/3229/881 1872/3230/881
f 1863/3225/882 1864/3228/882 1865/3231/882 1875/3229/882
f 1858/3232/883 1866/3233/883 1869/3234/883 1868/3235/883
f 1866/3233/884 1867/3236/884 1870/3237/884 1869/3234/884
f 1868/3235/885 1869/3234/885 1864/3238/885 1861/3239/885
f 1869/3234/886 1870/3237/886 1865/3240/886 1864/3238/886
f 1859/3241/887 1871/3242/887 1874/3243/887 1873/3244/887
f 1871/3242/888 1872/3245/888 1875/3246/888 1874/3243/888
f 1873/3244/889 1874/3243/889 1870/3247/889 1867/3248/889
f 1874/3243/890 1875/3246/890 1865/3249/890 1870/3247/890
f 1876/3250/891 1879/3251/891 1882/3252/891 1881/3253/891
f 1879/3251/892 1880/3254/892 1883/3255/892 1882/3252/892
f 1881/3253/893 1882/3252/893 1894/3256/893 1891/3257/893
f 1882/3252/894 1883/3255/894 1884/3258/894 1894/3256/894
f 1877/3259/895 1885/3260/895 1888/3261/895 1887/3262/895
f 1885/3260/896 1886/3263/896 1889/3264/896 1888/3261/896
f 1887/3262/897 1888/3261/897 1883/3265/897 1880/3266/897
f 1888/3261/898 1889/3264/898 1884/3267/898 1883/3265/898
f 1878/3268/899 1890/3269/899 1893/3270/899 1892/3271/899
f 1890/3269/900 1891/3272/900 1894/3273/900 1893/3270/900
f 1892/3271/901 1893/3270/901 1889/3274/901 1886/3275/901
f 1893/3270/902 1894/3273/902 1884/3276/902 1889/3274/902
f 1895/3277/903 1898/3278/903 1901/3279/903 1900/3280/903
f 1898/3278/904 1899/3281/904 1902/3282/904 1901/3279/904
f 1900/3280/905 1901/3279/905 1913/3283/905 1910/3284/905
f 1901/3279/906 1902/3282/906 1903/3285/906 1913/3283/906
f 1896/3286/907 1904/3287/907 1907/3288/907 1906/3289/907
f 1904/3287/908 1905/3290/908 1908/3291/908 1907/3288/908
f 1906/3289/909 1907/3288/909 1902/3292/909 1899/3293/909
f 1907/3288/910 1908/3291/910 1903/3294/910 1902/3292/910
f 1897/3295/911 1909/3296/911 1912/3297/911 1911/3298/911
f 1909/3296/912 1910/3299/912 1913/3300/912 1912/3297/912
f 1911/3298/913 1912/3297/913 1908/3291/913 1905/3290/913
f 1912/3297/914 1913/3300/914 1903/3294/914 1908/3291/914
f 1914/3301/915 1917/3302/915 1920/3303/915 1919/3304/915
f 1917/3302/916 1918/3305/916 1921/3306/916 1920/3303/916
f 1919/3304/917 1920/3303/917 1932/3307/917 1929/3308/917
f 1920/3303/918 1921/3306/918 1922/3309/918 1932/3307/918
f 1915/3310/919 1923/3311/919 1926/3312/919 1925/3313/919
f 1923/3311/920 1924/3314/920 1927/3315/920 1926/3312/920
f 1925/3313/921 1926/3312/921 1921/3316/921 1918/3317/921
f 1926/3312/922 1927/3315/922 1922/3318/922 1921/3316/922
f 1916/3319/923 1928/3320/923 1931/3321/923 1930/3322/923
f 1928/3320/924 1929/3323/924 1932/3324/924 1931/3321/924
f 1930/3322/925 1931/3321/925 1927/3315/925 1924/3314/925
f 1931/3321/926 1932/3324/926 1922/3318/926 1927/3315/926
f 1933/3325/927 1936/3326/927 1939/3327/927 1938/3328/927
f 1936/3326/928 1937/3329/928 1940/3330/928 1939/3327/928
f 1938/3328/929 1939/3327/929 1951/3331/929 1948/3332/929
f 1939/3327/930 1940/3330/930 1941/3333/930 1951/3331/930
f 1934/3334/931 1942/3335/931 1945/3336/931 1944/3337/931
f 1942/3335/932 1943/3338/932 1946/3339/932 1945/3336/932
f 1944/3337/933 1945/3336/933 1940/3330/933 1937/3329/933
f 1945/3336/934 1946/3339/934 1941/3333/934 1940/3330/934
f 1935/3340/935 1947/3341/935 1950/3342/935 1949/3343/935
f 1947/3341/936 1948/3332/936 1951/3331/936 1950/3342/936
f 1949/3343/937 1950/3342/937 1946/3339/937 1943/3338/937
f 1950/3342/938 1951/3331/938 1941/3333/938 1946/3339/938
f 1952/3344/939 1955/3345/939 1958/3346/939 1957/3347/939
f 1955/3345/940 1956/3348/940 1959/3349/940 1958/3346/940
f 1957/3347/941 1958/3346/941 1970/3350/941 1967/3351/941
f 1958/3346/942 1959/3349/942 1960/3352/942 1970/3350/942
f 1953/3353/943 1961/3354/943 1964/3355/943 1963/3356/943
f 1961/3354/944 1962/3357/944 1965/3358/944 1964/3355/944
f 1963/3356/945 1964/3355/945 1959/3349/945 1956/3348/945
f 1964/3355/946 1965/3358/946 1960/3352/946 1959/3349/946
f 1954/3359/947 1966/3360/947 1969/3361/947 1968/3362/947
f 1966/3360/948 1967/3351/948 1970/3350/948 1969/3361/948
f 1968/3362/949 1969/3361/949 1965/3358/949 1962/3357/949
f 1969/3361/950 1970/3350/950 1960/3352/950 1965/3358/950
f 1971/3363/951 1974/3364/951 1977/3365/951 1976/3366/951
f 1974/3364/952 1975/3367/952 1978/3368/952 1977/3365/952
f 1976/3366/953 1977/3365/953 1989/3369/953 1986/3370/953
f 1977/3365/954 1978/3368/954 1979/3371/954 1989/3369/954
f 1972/3372/955 1980/3373/955 1983/3374/955 1982/3375/955
f 1980/3373/956 1981/3376/956 1984/3377/956 1983/3374/956
f 1982/3375/957 1983/3374/957 1978/3368/957 1975/3367/957
f 1983/3374/958 1984/3377/958 1979/3371/958 1978/3368/958
f 1973/3378/959 1985/3379/959 1988/3380/959 1987/3381/959
f 1985/3379/960 1986/3370/960 1989/3369/960 1988/3380/960
f 1987/3381/961 1988/3380/961 1984/3377/961 1981/3376/961
f 1988/3380/962 1989/3369/962 1979/3371/962 1984/3377/962
f 1990/3382/963 1993/3383/963 1996/3384/963 1995/3385/963
f 1993/3383/964 1994/3386/964 1997/3387/964 1996/3384/964
f 1995/3385/965 1996/3384/965 2008/3388/965 2005/3389/965
f 1996/3384/966 1997/3387/966 1998/3390/966 2008/3388/966
f 1991/3391/967 1999/3392/967 2002/3393/967 2001/3394/967
f 1999/3392/968 2000/3395/968 2003/3396/968 2002/3393/968
f 2001/3394/969 2002/3393/969 1997/3387/969 1994/3386/969
f 2002/3393/970 2003/3396/970 1998/3390/970 1997/3387/970
f 1992/3397/971 2004/3398/971 2007/3399/971 2006/3400/971
f 2004/3398/972 2005/3389/972 2008/3388/972 2007/3399/972
f 2006/3400/973 2007/3399/973 2003/3396/973 2000/3395/973
f 2007/3399/974 2008/3388/974 1998/3390/974 2003/3396/974
f 1895/3277/975 1857/3223/975 1862/3226/975 1898/3278/975
f 1898/3278/976 1862/3226/976 1872/3230/976 1899/3281/976
f 1899/3293/977 1872/3245/977 1871/3242/977 1906/3289/977
f 1906/3289/978 1871/3242/978 1859/3241/978 1896/3286/978
f 1858/3232/979 1876/3250/979 1881/3253/979 1866/3233/979
f 1866/3233/980 1881/3253/980 1891/3257/980 1867/3236/980
f 1867/3248/981 1891/3272/981 1890/3269/981 1873/3244/981
f 1873/3244/982 1890/3269/982 1878/3268/982 1859/3241/982
f 1877/3259/983 1914/3301/983 1919/3304/983 1885/3260/983
f 1885/3260/984 1919/3304/984 1929/3308/984 1886/3263/984
f 1886/3275/985 1929/3323/985 1928/3320/985 1892/3271/985
f 1892/3271/986 1928/3320/986 1916/3319/986 1878/3268/986
f 1915/3310/987 1897/3295/987 1911/3298/987 1923/3311/987
f 1923/3311/988 1911/3298/988 1905/3290/988 1924/3314/988
f 1924/3314/989 1905/3290/989 1904/3287/989 1930/3322/989
f 1930/3322/990 1904/3287/990 1896/3286/990 1916/3319/990
f 1971/3363/991 1895/3277/991 1900/3280/991 1974/3364/991
f 1974/3364/992 1900/3280/992 1910/3284/992 1975/3367/992
f 1975/3367/993 1910/3299/993 1909/3296/993 1982/3375/993
f 1982/3375/994 1909/3296/994 1897/3295/994 1972/3372/994
f 1914/3301/995 1990/3382/995 1995/3385/995 1917/3302/995
f 1917/3302/996 1995/3385/996 2005/3389/996 1918/3305/996
f 1918/3317/997 2005/3389/997 2004/3398/997 1925/3313/997
f 1925/3313/998 2004/3398/998 1992/3397/998 1915/3310/998
f 1991/3391/999 1973/3378/999 1987/3381/999 1999/3392/999
f 1999/3392/1000 1987/3381/1000 1981/3376/1000 2000/3395/1000
f 2000/3395/1001 1981/3376/1001 1980/3373/1001 2006/3400/1001
f 2006/3400/1002 1980/3373/1002 1972/3372/1002 1992/3397/1002
f 1933/3325/1003 1971/3363/1003 1976/3366/1003 1936/3326/1003
f 1936/3326/1004 1976/3366/1004 1986/3370/1004 1937/3329/1004
f 1937/3329/1005 1986/3370/1005 1985/3379/1005 1944/3337/1005
f 1944/3337/1006 1985/3379/1006 1973/3378/1006 1934/3334/1006
f 1990/3382/1007 1952/3344/1007 1957/3347/1007 1993/3383/1007
f 1993/3383/1008 1957/3347/1008 1967/3351/1008 1994/3386/1008
f 1994/3386/1009 1967/3351/1009 1966/3360/1009 2001/3394/1009
f 2001/3394/1010 1966/3360/1010 1954/3359/1010 1991/3391/1010
f 1953/3353/1011 1935/3340/1011 1949/3343/1011 1961/3354/1011
f 1961/3354/1012 1949/3343/1012 1943/3338/1012 1962/3357/1012
f 1962/3357/1013 1943/3338/1013 1942/3335/1013 1968/3362/1013
f 1968/3362/1014 1942/3335/1014 1934/3334/1014 1954/3359/1014
f 1857/3223/1015 1933/3325/1015 1938/3328/1015 1860/3224/1015
f 1860/3224/1016 1938/3328/1016 1948/3332/1016 1861/3227/1016
f 1861/3239/1017 1948/3332/1017 1947/3341/1017 1868/3235/1017
f 1868/3235/1018 1947/3341/1018 1935/3340/1018 1858/3232/1018
f 1952/3344/1019 1877/3259/1019 1887/3262/1019 1955/3345/1019
f 1955/3345/1020 1887/3262/1020 1880/3266/1020 1956/3348/1020
f 1956/3348/1021 1880/3254/1021 1879/3251/1021 1963/3356/1021
f 1963/3356/1022 1879/3251/1022 1876/3250/1022 1953/3353/1022
f 1895/3277/1023 1971/3363/1023 1933/3325/1023 1857/3223/1023
f 1859/3241/1024 1878/3268/1024 1916/3319/1024 1896/3286/1024
f 1935/3340/1025 1953/3353/1025 1876/3250/1025 1858/3232/1025
f 1990/3382/1026 1914/3301/1026 1877/3259/1026 1952/3344/1026
f 1897/3295/1027 1915/3310/1027 1992/3397/1027 1972/3372/1027
f 1973/3378/1028 1991/3391/1028 1954/3359/1028 1934/3334/1028
o Yoke_Left_Arm
v -55.000000 28.000000 28.000000
v -55.000000 30.000000 30.000000
v -57.000000 30.000000 28.000000
v -55.000000 28.152241 28.765368
v -55.000000 28.585787 29.414213
v -55.765366 28.152241 28.000000
v -55.784546 28.335978 28.784548
v -55.744740 28.687490 29.312510
v -56.154701 28.845299 29.154701
v -55.765366 30.000000 29.847759
v -56.414215 30.000000 29.414213
v -55.000000 29.234632 29.847759
v -55.784546 29.215452 29.664022
v -56.312508 29.255259 29.312510
v -56.847759 29.234632 28.000000
v -56.414215 28.585787 28.000000
v -56.847759 30.000000 28.765368
v -56.664021 29.215452 28.784548
v -56.312508 28.687490 28.744741
v -55.000000 106.000000 30.000000
v -55.000000 108.000000 28.000000
v -57.000000 106.000000 28.000000
v -55.000000 106.765366 29.847759
v -55.000000 107.414215 29.414213
v -55.765366 106.000000 29.847759
v -55.784546 106.784546 29.664022
v -55.744740 107.312508 29.312510
v -56.154701 107.154701 29.154701
v -55.765366 107.847763 28.000000
v -56.414215 107.414215 28.000000
v -55.000000 107.847763 28.765368
v -55.784546 107.664024 28.784548
v -56.312508 107.312508 28.744741
v -56.847759 106.000000 28.765368
v -56.414215 106.000000 29.414213
v -56.847759 106.765366 28.000000
v -56.664021 106.784546 28.784548
v -56.312508 106.744743 29.312510
v -55.000000 28.000000 -28.000000
v -57.000000 30.000000 -28.000000
v -55.000000 30.000000 -30.000000
v -55.765366 28.152241 -28.000000
v -56.414215 28.585787 -28.000000
v -55.000000 28.152241 -28.765368
v -55.784546 28.335978 -28.784548
v -56.312508 28.687490 -28.744741
v -56.154701 28.845299 -29.154701
v -56.847759 30.000000 -28.765368
v -56.414215 30.000000 -29.414213
v -56.847759 29.234632 -28.000000
v -56.664021 29.215452 -28.784548
v -56.312508 29.255259 -29.312510
v -55.000000 29.234632 -29.847759
v -55.000000 28.585787 -29.414213
v -55.765366 30.000000 -29.847759
v -55.784546 29.215452 -29.664022
v -55.744740 28.687490 -29.312510
v -55.000000 108.000000 -28.000000
v -55.000000 106.000000 -30.000000
v -57.000000 106.000000 -28.000000
v -55.000000 107.847763 -28.765368
v -55.000000 107.414215 -29.414213
v -55.765366 107.847763 -28.000000
v -55.784546 107.664024 -28.784548
v -55.744740 107.312508 -29.312510
v -56.154701 107.154701 -29.154701
v -55.765366 106.000000 -29.847759
v -56.414215 106.000000 -29.414213
v -55.000000 106.765366 -29.847759
v -55.784546 106.784546 -29.664022
v -56.312508 106.744743 -29.312510
v -56.847759 106.765366 -28.000000
v -56.414215 107.414215 -28.000000
v -56.847759 106.000000 -28.765368
v -56.664021 106.784546 -28.784548
v -56.312508 107.312508 -28.744741
v -47.000000 28.000000 28.000000
v -45.000000 30.000000 28.000000
v -47.000000 30.000000 30.000000
v -46.234634 28.152241 28.000000
v -45.585785 28.585787 28.000000
v -47.000000 28.152241 28.765368
v -46.215454 28.335978 28.784548
v -45.687492 28.687490 28.744741
v -45.845299 28.845299 29.154701
v -45.152241 30.000000 28.765368
v -45.585785 30.000000 29.414213
v -45.152241 29.234632 28.000000
v -45.335979 29.215452 28.784548
v -45.687492 29.255259 29.312510
v -47.000000 29.234632 29.847759
v -47.000000 28.585787 29.414213
v -46.234634 30.000000 29.847759
v -46.215454 29.215452 29.664022
v -46.255260 28.687490 29.312510
v -47.000000 108.000000 28.000000
v -47.000000 106.000000 30.000000
v -45.000000 106.000000 28.000000
v -47.000000 107.847763 28.765368
v -47.000000 107.414215 29.414213
v -46.234634 107.847763 28.000000
v -46.215454 107.664024 28.784548
v -46.255260 107.312508 29.312510
v -45.845299 107.154701 29.154701
v -46.234634 106.000000 29.847759
v -45.585785 106.000000 29.414213
v -47.000000 106.765366 29.847759
v -46.215454 106.784546 29.664022
v -45.687492 106.744743 29.312510
v -45.152241 106.765366 28.000000
v -45.585785 107.414215 28.000000
v -45.152241 106.000000 28.765368
v -45.335979 106.784546 28.784548
v -45.687492 107.312508 28.744741
v -47.000000 28.000000 -28.000000
v -47.000000 30.000000 -30.000000
v -45.000000 30.000000 -28.000000
v -47.000000 28.152241 -28.765368
v -47.000000 28.585787 -29.414213
v -46.234634 28.152241 -28.000000
v -46.215454 28.335978 -28.784548
v -46.255260 28.687490 -29.312510
v -45.845299 28.845299 -29.154701
v -46.234634 30.000000 -29.847759
v -45.585785 30.000000 -29.414213
v -47.000000 29.234632 -29.847759
v -46.215454 29.215452 -29.664022
v -45.687492 29.255259 -29.312510
v -45.152241 29.234632 -28.000000
v -45.585785 28.585787 -28.000000
v -45.152241 30.000000 -28.765368
v -45.335979 29.215452 -28.784548
v -45.687492 28.687490 -28.744741
v -47.000000 108.000000 -28.000000
v -45.000000 106.000000 -28.000000
v -47.000000 106.000000 -30.000000
v -46.234634 107.847763 -28.000000
v -45.585785 107.414215 -28.000000
v -47.000000 107.847763 -28.765368
v -46.215454 107.664024 -28.784548
v -45.687492 107.312508 -28.744741
v -45.845299 107.154701 -29.154701
v -45.152241 106.000000 -28.765368
v -45.585785 106.000000 -29.414213
v -45.152241 106.765366 -28.000000
v -45.335979 106.784546 -28.784548
v -45.687492 106.744743 -29.312510
v -47.000000 106.765366 -29.847759
v -47.000000 107.414215 -29.414213
v -46.234634 106.000000 -29.847759
v -46.215454 106.784546 -29.664022
v -46.255260 107.312508 -29.312510
v -57.000000 93.000000 8.000000
v -57.000000 91.439278 7.846282
v -57.000000 94.560722 7.846282
v -57.000000 89.938530 7.391036
v -57.000000 97.444565 6.651757
v -57.000000 88.555435 6.651757
v -57.000000 96.061470 7.391036
v -57.000000 87.343147 5.656854
v -57.000000 99.651756 4.444562
v -57.000000 85.153717 1.560723
v -57.000000 85.608963 3.061468
v -57.000000 100.846283 1.560723
v -57.000000 86.348244 4.444562
v -57.000000 100.391037 3.061468
v -57.000000 98.656853 5.656854
v -57.000000 85.153717 -1.560723
v -57.000000 100.846283 -1.560723
v -57.000000 86.348244 -4.444562
v -57.000000 99.651756 -4.444562
v -57.000000 85.608963 -3.061468
v -57.000000 100.391037 -3.061468
v -57.000000 88.555435 -6.651757
v -57.000000 97.444565 -6.651757
v -57.000000 93.000000 -8.000000
v -57.000000 94.560722 -7.846282
v -57.000000 91.439278 -7.846282
v -57.000000 96.061470 -7.391036
v -57.000000 89.938530 -7.391036
v -57.000000 98.656853 -5.656854
v -57.000000 87.343147 -5.656854
v -57.000000 101.000000 0.000000
v -57.000000 85.000000 0.000000
v -45.000000 93.000000 8.000000
v -45.000000 91.439278 7.846282
v -45.000000 94.560722 7.846282
v -45.000000 88.555435 6.651757
v -45.000000 97.444565 6.651757
v -45.000000 89.938530 7.391036
v -45.000000 96.061470 7.391036
v -45.000000 86.348244 4.444562
v -45.000000 99.651756 4.444562
v -45.000000 85.153717 1.560723
v -45.000000 100.846283 1.560723
v -45.000000 85.608963 3.061468
v -45.000000 100.391037 3.061468
v -45.000000 87.343147 5.656854
v -45.000000 98.656853 5.656854
v -45.000000 85.153717 -1.560723
v -45.000000 100.846283 -1.560723
v -45.000000 86.348244 -4.444562
v -45.000000 99.651756 -4.444562
v -45.000000 85.608963 -3.061468
v -45.000000 100.391037 -3.061468
v -45.000000 88.555435 -6.651757
v -45.000000 97.444565 -6.651757
v -45.000000 93.000000 -8.000000
v -45.000000 91.439278 -7.846282
v -45.000000 94.560722 -7.846282
v -45.000000 89.938530 -7.391036
v -45.000000 96.061470 -7.391036
v -45.000000 87.343147 -5.656854
v -45.000000 98.656853 -5.656854
v -45.000000 101.000000 0.000000
v -45.000000 85.000000 0.000000
vn -0.2049 -0.9571 0.2049
vn -0.1818 -0.8152 0.5500
vn -0.5499 -0.8152 0.1818
vn -0.4931 -0.7167 0.4931
vn -0.2049 -0.2049 0.9571
vn -0.5500 -0.1818 0.8152
vn -0.1818 -0.5500 0.8152
vn -0.4931 -0.4931 0.7167
vn -0.9571 -0.2049 0.2049
vn -0.8152 -0.5500 0.1818
vn -0.8152 -0.1818 0.5500
vn -0.7167 -0.4931 0.4931
vn -0.2049 0.2049 0.9571
vn -0.1818 0.5500 0.8152
vn -0.5500 0.1818 0.8152
vn -0.4931 0.4931 0.7167
vn -0.2049 0.9571 0.2049
vn -0.5500 0.8152 0.1818
vn -0.1818 0.8152 0.5500
vn -0.4931 0.7167 0.4931
vn -0.9571 0.2049 0.2049
vn -0.8152 0.1818 0.5499
vn -0.8152 0.5500 0.1818
vn -0.7167 0.4931 0.4931
vn -0.2049 -0.9571 -0.2049
vn -0.5499 -0.8152 -0.1818
vn -0.1818 -0.8152 -0.5500
vn -0.4931 -0.7167 -0.4931
vn -0.9571 -0.2049 -0.2049
vn -0.8152 -0.1818 -0.5500
vn -0.8152 -0.5500 -0.1818
vn -0.7167 -0.4931 -0.4931
vn -0.2049 -0.2049 -0.9571
vn -0.1818 -0.5500 -0.8152
vn -0.5500 -0.1818 -0.8152
vn -0.4931 -0.4931 -0.7167
vn -0.2049 0.9571 -0.2049
vn -0.1818 0.8152 -0.5500
vn -0.5500 0.8152 -0.1818
vn -0.4931 0.7167 -0.4931
vn -0.2049 0.2049 -0.9571
vn -0.5500 0.1818 -0.8152
vn -0.1818 0.5500 -0.8152
vn -0.4931 0.4931 -0.7167
vn -0.9571 0.2049 -0.2049
vn -0.8152 0.5500 -0.1818
vn -0.8152 0.1818 -0.5499
vn -0.7167 0.4931 -0.4931
vn 0.2049 -0.9571 0.2049
vn 0.5499 -0.8152 0.1818
vn 0.1818 -0.8152 0.5500
vn 0.4931 -0.7167 0.4931
vn 0.9571 -0.2049 0.2049
vn 0.8152 -0.1818 0.5500
vn 0.8152 -0.5500 0.1818
vn 0.7167 -0.4931 0.4931
vn 0.2049 -0.2049 0.9571
vn 0.1818 -0.5500 0.8152
vn 0.5500 -0.1818 0.8152
vn 0.4931 -0.4931 0.7167
vn 0.2049 0.9571 0.2049
vn 0.1818 0.8152 0.5500
vn 0.5500 0.8152 0.1818
vn 0.4931 0.7167 0.4931
vn 0.2049 0.2049 0.9571
vn 0.5500 0.1818 0.8152
vn 0.1818 0.5500 0.8152
vn 0.4931 0.4931 0.7167
vn 0.9571 0.2049 0.2049
vn 0.8152 0.5500 0.1818
vn 0.8152 0.1818 0.5499
vn 0.7167 0.4931 0.4931
vn 0.2049 -0.9571 -0.2049
vn 0.1818 -0.8152 -0.5500
vn 0.5499 -0.8152 -0.1818
vn 0.4931 -0.7167 -0.4931
vn 0.2049 -0.2049 -0.9571
vn 0.5500 -0.1818 -0.8152
vn 0.1818 -0.5500 -0.8152
vn 0.4931 -0.4931 -0.7167
vn 0.9571 -0.2049 -0.2049
vn 0.8152 -0.5500 -0.1818
vn 0.8152 -0.1818 -0.5500
vn 0.7167 -0.4931 -0.4931
vn 0.2049 0.9571 -0.2049
vn 0.5500 0.8152 -0.1818
vn 0.1818 0.8152 -0.5500
vn 0.4931 0.7167 -0.4931
vn 0.9571 0.2049 -0.2049
vn 0.8152 0.1818 -0.5499
vn 0.8152 0.5500 -0.1818
vn 0.7167 0.4931 -0.4931
vn 0.2049 0.2049 -0.9571
vn 0.1818 0.5500 -0.8152
vn 0.5500 0.1818 -0.8152
vn 0.4931 0.4931 -0.7167
vn -0.1951 -0.9808 -0.0000
vn -0.5556 -0.8315 -0.0000
vn -0.8315 -0.5556 -0.0000
vn -0.9808 -0.1951 -0.0000
vn -0.1951 -0.0000 0.9808
vn -0.5556 -0.0000 0.8315
vn -0.8315 -0.0000 0.5556
vn -0.9808 -0.0000 0.1951
vn -0.1951 0.9808 -0.0000
vn -0.5556 0.8315 -0.0000
vn -0.8315 0.5556 -0.0000
vn -0.9808 0.1951 -0.0000
vn -0.1951 -0.0000 -0.9808
vn -0.5556 -0.0000 -0.8315
vn -0.8315 -0.0000 -0.5556
vn -0.9808 -0.0000 -0.1951
vn -0.0000 -0.9808 -0.1951
vn -0.0000 -0.8315 -0.5556
vn -0.0000 -0.5556 -0.8315
vn -0.0000 -0.1951 -0.9808
vn -0.0000 0.9808 -0.1951
vn -0.0000 0.8315 -0.5556
vn -0.0000 0.5556 -0.8315
vn -0.0000 0.1951 -0.9808
vn 0.9808 -0.0000 -0.1951
vn 0.8315 -0.0000 -0.5556
vn 0.5556 -0.0000 -0.8315
vn 0.1951 -0.0000 -0.9808
vn 0.1951 -0.9808 -0.0000
vn 0.5556 -0.8315 -0.0000
vn 0.8315 -0.5556 -0.0000
vn 0.9808 -0.1951 -0.0000
vn 0.1951 0.9808 -0.0000
vn 0.5556 0.8315 -0.0000
vn 0.8315 0.5556 -0.0000
vn 0.9808 0.1951 -0.0000
vn 0.1951 -0.0000 0.9808
vn 0.5556 -0.0000 0.8315
vn 0.8315 -0.0000 0.5556
vn 0.9808 -0.0000 0.1951
vn -0.0000 -0.9808 0.1951
vn -0.0000 -0.8315 0.5556
vn -0.0000 -0.5556 0.8315
vn -0.0000 -0.1951 0.9808
vn -0.0000 0.9808 0.1951
vn -0.0000 0.8315 0.5556
vn -0.0000 0.5556 0.8315
vn -0.0000 0.1951 0.9808
vn -0.0000 -1.0000 -0.0000
vn -1.0000 -0.0000 -0.0000
vn -0.0000 -0.0000 1.0000
vn -0.0000 1.0000 -0.0000
vn -0.0000 -0.0000 -1.0000
vn 1.0000 -0.0000 -0.0000
vn -0.0000 0.0980 0.9952
vn -0.0000 0.2903 0.9569
vn -0.0000 0.4714 0.8819
vn -0.0000 0.6344 0.7730
vn -0.0000 0.7730 0.6344
vn -0.0000 0.8819 0.4714
vn -0.0000 0.9569 0.2903
vn -0.0000 0.9952 0.0980
vn -0.0000 0.9952 -0.0980
vn -0.0000 0.9569 -0.2903
vn -0.0000 0.8819 -0.4714
vn -0.0000 0.7730 -0.6344
vn -0.0000 0.6344 -0.7730
vn -0.0000 0.4714 -0.8819
vn -0.0000 0.2903 -0.9569
vn -0.0000 0.0980 -0.9952
vn -0.0000 -0.0980 -0.9952
vn -0.0000 -0.2903 -0.9569
vn -0.0000 -0.4714 -0.8819
vn -0.0000 -0.6344 -0.7730
vn -0.0000 -0.7730 -0.6344
vn -0.0000 -0.8819 -0.4714
vn -0.0000 -0.9569 -0.2903
vn -0.0000 -0.9952 -0.0980
vn -0.0000 -0.9952 0.0980
vn -0.0000 -0.9569 0.2903
vn -0.0000 -0.8819 0.4714
vn -0.0000 -0.7730 0.6344
vn -0.0000 -0.6344 0.7730
vn -0.0000 -0.4714 0.8819
vn -0.0000 -0.2903 0.9569
vn -0.0000 -0.0980 0.9952
vt 0.166667 0.741667
vt 0.166667 0.744856
vt 0.150322 0.744936
vt 0.150722 0.741667
vt 0.166667 0.750000
vt 0.151151 0.750000
vt 0.125000 0.744770
vt 0.125000 0.741667
vt 0.142610 0.750000
vt 0.381250 0.958333
vt 0.381250 0.974278
vt 0.378798 0.974678
vt 0.378858 0.958333
vt 0.381250 1.000000
vt 0.378923 1.000000
vt 0.375000 0.973849
vt 0.375000 0.958333
vt 0.377642 1.000000
vt 0.381250 0.008333
vt 0.378858 0.008333
vt 0.378798 0.005064
vt 0.381250 0.005144
vt 0.375000 0.008333
vt 0.375000 0.005230
vt 0.378923 0.000000
vt 0.381250 0.000000
vt 0.375000 0.003522
vt 0.618750 0.958333
vt 0.621142 0.958333
vt 0.621202 0.974678
vt 0.618750 0.974279
vt 0.625000 0.958333
vt 0.625000 0.973849
vt 0.621077 1.000000
vt 0.618750 1.000000
vt 0.625000 0.982390
vt 0.833333 0.741667
vt 0.849278 0.741667
vt 0.849678 0.744936
vt 0.833333 0.744856
vt 0.875000 0.741667
vt 0.875000 0.744770
vt 0.848849 0.750000
vt 0.833333 0.750000
vt 0.875000 0.746478
vt 0.618750 0.008333
vt 0.618750 0.005144
vt 0.621202 0.005064
vt 0.621142 0.008333
vt 0.618750 0.000000
vt 0.621077 0.000000
vt 0.625000 0.005230
vt 0.625000 0.008333
vt 0.622358 0.000000
vt 0.166667 0.508333
vt 0.150722 0.508333
vt 0.150322 0.505064
vt 0.166667 0.505144
vt 0.125000 0.508333
vt 0.125000 0.505230
vt 0.151151 0.500000
vt 0.166667 0.500000
vt 0.125000 0.503522
vt 0.381250 0.241667
vt 0.381250 0.244856
vt 0.378798 0.244936
vt 0.378858 0.241667
vt 0.381250 0.250000
vt 0.378923 0.250000
vt 0.375000 0.244770
vt 0.375000 0.241667
vt 0.376321 0.258805
vt 0.381250 0.291667
vt 0.378858 0.291667
vt 0.378798 0.275322
vt 0.381250 0.275722
vt 0.375000 0.291667
vt 0.375000 0.276151
vt 0.833333 0.508333
vt 0.833333 0.505144
vt 0.849678 0.505064
vt 0.849278 0.508333
vt 0.833333 0.500000
vt 0.848849 0.500000
vt 0.875000 0.505230
vt 0.875000 0.508333
vt 0.857390 0.500000
vt 0.618750 0.291667
vt 0.618750 0.275722
vt 0.621202 0.275322
vt 0.621142 0.291667
vt 0.618750 0.250000
vt 0.621077 0.250000
vt 0.625000 0.276151
vt 0.625000 0.291667
vt 0.623679 0.248239
vt 0.618750 0.241667
vt 0.621142 0.241667
vt 0.621202 0.244936
vt 0.618750 0.244856
vt 0.625000 0.241667
vt 0.625000 0.244770
vt 0.333333 0.741667
vt 0.349278 0.741667
vt 0.349678 0.744936
vt 0.333333 0.744856
vt 0.375000 0.741667
vt 0.375000 0.744770
vt 0.361924 0.763076
vt 0.354167 0.770833
vt 0.375881 0.754696
vt 0.381250 0.741667
vt 0.381250 0.744856
vt 0.378798 0.744936
vt 0.378858 0.741667
vt 0.381250 0.750000
vt 0.378923 0.750000
vt 0.381250 0.791667
vt 0.378858 0.791667
vt 0.378798 0.775322
vt 0.381250 0.775721
vt 0.666667 0.741667
vt 0.666667 0.744856
vt 0.650322 0.744936
vt 0.650722 0.741667
vt 0.645833 0.770833
vt 0.638076 0.763076
vt 0.625000 0.744770
vt 0.625000 0.741667
vt 0.629990 0.748826
vt 0.618750 0.791667
vt 0.618750 0.775721
vt 0.621202 0.775322
vt 0.621142 0.791667
vt 0.618750 0.750000
vt 0.621077 0.750000
vt 0.618750 0.741667
vt 0.621142 0.741667
vt 0.621202 0.744936
vt 0.618750 0.744856
vt 0.333333 0.508333
vt 0.333333 0.505144
vt 0.349678 0.505064
vt 0.349278 0.508333
vt 0.354167 0.479167
vt 0.361924 0.486924
vt 0.375000 0.505230
vt 0.375000 0.508333
vt 0.370010 0.501174
vt 0.381250 0.458333
vt 0.381250 0.474278
vt 0.378798 0.474678
vt 0.378858 0.458333
vt 0.381250 0.500000
vt 0.378923 0.500000
vt 0.381250 0.508333
vt 0.378858 0.508333
vt 0.378798 0.505064
vt 0.381250 0.505144
vt 0.666667 0.508333
vt 0.650722 0.508333
vt 0.650322 0.505064
vt 0.666667 0.505144
vt 0.625000 0.508333
vt 0.625000 0.505230
vt 0.638076 0.486924
vt 0.645833 0.479167
vt 0.624120 0.495304
vt 0.618750 0.508333
vt 0.618750 0.505144
vt 0.621202 0.505064
vt 0.621142 0.508333
vt 0.618750 0.500000
vt 0.621077 0.500000
vt 0.618750 0.458333
vt 0.621142 0.458333
vt 0.621202 0.474678
vt 0.618750 0.474278
vt 0.587692 0.094204
vt 0.587692 0.155796
vt 0.592014 0.152716
vt 0.595803 0.148570
vt 0.598912 0.143519
vt 0.601222 0.137756
vt 0.602645 0.131503
vt 0.603125 0.125000
vt 0.602645 0.118497
vt 0.601222 0.112244
vt 0.598912 0.106481
vt 0.595803 0.101430
vt 0.592014 0.097284
vt 0.583002 0.092307
vt 0.578125 0.091667
vt 0.573248 0.092307
vt 0.568558 0.094204
vt 0.564236 0.097284
vt 0.560447 0.101430
vt 0.557338 0.106481
vt 0.555028 0.112244
vt 0.553605 0.118497
vt 0.553125 0.125000
vt 0.553605 0.131503
vt 0.555028 0.137756
vt 0.557338 0.143519
vt 0.560447 0.148570
vt 0.564236 0.152716
vt 0.568558 0.155796
vt 0.573248 0.157693
vt 0.578125 0.158333
vt 0.583002 0.157693
vt 0.587692 0.594204
vt 0.583002 0.592307
vt 0.578125 0.591667
vt 0.573248 0.592307
vt 0.568558 0.594204
vt 0.564236 0.597284
vt 0.560447 0.601430
vt 0.557338 0.606481
vt 0.555028 0.612244
vt 0.553605 0.618497
vt 0.553125 0.625000
vt 0.553605 0.631503
vt 0.555028 0.637756
vt 0.557338 0.643519
vt 0.560447 0.648570
vt 0.564236 0.652716
vt 0.568558 0.655796
vt 0.573248 0.657693
vt 0.578125 0.658333
vt 0.583002 0.657693
vt 0.587692 0.655796
vt 0.592014 0.652716
vt 0.595803 0.648570
vt 0.598912 0.643519
vt 0.601222 0.637756
vt 0.602645 0.631503
vt 0.603125 0.625000
vt 0.602645 0.618497
vt 0.601222 0.612244
vt 0.598912 0.606481
vt 0.595803 0.601430
vt 0.592014 0.597284
vt 1.000000 0.562500
vt 0.968750 0.562500
vt 0.968750 0.937500
vt 1.000000 0.937500
vt 0.937500 0.562500
vt 0.937500 0.937500
vt 0.906250 0.562500
vt 0.906250 0.937500
vt 0.875000 0.562500
vt 0.875000 0.937500
vt 0.843750 0.562500
vt 0.843750 0.937500
vt 0.812500 0.562500
vt 0.812500 0.937500
vt 0.781250 0.562500
vt 0.781250 0.937500
vt 0.750000 0.562500
vt 0.750000 0.937500
vt 0.718750 0.562500
vt 0.718750 0.937500
vt 0.687500 0.562500
vt 0.687500 0.937500
vt 0.656250 0.562500
vt 0.656250 0.937500
vt 0.625000 0.562500
vt 0.625000 0.937500
vt 0.593750 0.562500
vt 0.593750 0.937500
vt 0.562500 0.562500
vt 0.562500 0.937500
vt 0.531250 0.562500
vt 0.531250 0.937500
vt 0.500000 0.562500
vt 0.500000 0.937500
vt 0.468750 0.562500
vt 0.468750 0.937500
vt 0.437500 0.562500
vt 0.437500 0.937500
vt 0.406250 0.562500
vt 0.406250 0.937500
vt 0.375000 0.562500
vt 0.375000 0.937500
vt 0.343750 0.562500
vt 0.343750 0.937500
vt 0.312500 0.562500
vt 0.312500 0.937500
vt 0.281250 0.562500
vt 0.281250 0.937500
vt 0.250000 0.562500
vt 0.250000 0.937500
vt 0.218750 0.562500
vt 0.218750 0.937500
vt 0.187500 0.562500
vt 0.187500 0.937500
vt 0.156250 0.562500
vt 0.156250 0.937500
vt 0.125000 0.562500
vt 0.125000 0.937500
vt 0.093750 0.562500
vt 0.093750 0.937500
vt 0.062500 0.562500
vt 0.062500 0.937500
vt 0.031250 0.562500
vt 0.031250 0.937500
vt 0.000000 0.562500
vt 0.000000 0.937500
s 0
usemtl Dark_Aluminum
f 2009/3401/1029 2012/3402/1029 2015/3403/1029 2014/3404/1029
f 2012/3402/1030 2013/3405/1030 2016/3406/1030 2015/3403/1030
f 2014/3404/1031 2015/3403/1031 2027/3407/1031 2024/3408/1031
f 2015/3403/1032 2016/3406/1032 2017/3409/1032 2027/3407/1032
f 2010/3410/1033 2018/3411/1033 2021/3412/1033 2020/3413/1033
f 2018/3411/1034 2019/3414/1034 2022/3415/1034 2021/3412/1034
f 2020/3413/1035 2021/3412/1035 2016/3416/1035 2013/3417/1035
f 2021/3412/1036 2022/3415/1036 2017/3418/1036 2016/3416/1036
f 2011/3419/1037 2023/3420/1037 2026/3421/1037 2025/3422/1037
f 2023/3420/1038 2024/3423/1038 2027/3424/1038 2026/3421/1038
f 2025/3422/1039 2026/3421/1039 2022/3425/1039 2019/3426/1039
f 2026/3421/1040 2027/3424/1040 2017/3427/1040 2022/3425/1040
f 2028/3428/1041 2031/3429/1041 2034/3430/1041 2033/3431/1041
f 2031/3429/1042 2032/3432/1042 2035/3433/1042 2034/3430/1042
f 2033/3431/1043 2034/3430/1043 2046/3434/1043 2043/3435/1043
f 2034/3430/1044 2035/3433/1044 2036/3436/1044 2046/3434/1044
f 2029/3437/1045 2037/3438/1045 2040/3439/1045 2039/3440/1045
f 2037/3438/1046 2038/3441/1046 2041/3442/1046 2040/3439/1046
f 2039/3440/1047 2040/3439/1047 2035/3443/1047 2032/3444/1047
f 2040/3439/1048 2041/3442/1048 2036/3445/1048 2035/3443/1048
f 2030/3446/1049 2042/3447/1049 2045/3448/1049 2044/3449/1049
f 2042/3447/1050 2043/3450/1050 2046/3451/1050 2045/3448/1050
f 2044/3449/1051 2045/3448/1051 2041/3452/1051 2038/3453/1051
f 2045/3448/1052 2046/3451/1052 2036/3454/1052 2041/3452/1052
f 2047/3455/1053 2050/3456/1053 2053/3457/1053 2052/3458/1053
f 2050/3456/1054 2051/3459/1054 2054/3460/1054 2053/3457/1054
f 2052/3458/1055 2053/3457/1055 2065/3461/1055 2062/3462/1055
f 2053/3457/1056 2054/3460/1056 2055/3463/1056 2065/3461/1056
f 2048/3464/1057 2056/3465/1057 2059/3466/1057 2058/3467/1057
f 2056/3465/1058 2057/3468/1058 2060/3469/1058 2059/3466/1058
f 2058/3467/1059 2059/3466/1059 2054/3470/1059 2051/3471/1059
f 2059/3466/1060 2060/3469/1060 2055/3472/1060 2054/3470/1060
f 2049/3473/1061 2061/3474/1061 2064/3475/1061 2063/3476/1061
f 2061/3474/1062 2062/3477/1062 2065/3478/1062 2064/3475/1062
f 2063/3476/1063 2064/3475/1063 2060/3469/1063 2057/3468/1063
f 2064/3475/1064 2065/3478/1064 2055/3472/1064 2060/3469/1064
f 2066/3479/1065 2069/3480/1065 2072/3481/1065 2071/3482/1065
f 2069/3480/1066 2070/3483/1066 2073/3484/1066 2072/3481/1066
f 2071/3482/1067 2072/3481/1067 2084/3485/1067 2081/3486/1067
f 2072/3481/1068 2073/3484/1068 2074/3487/1068 2084/3485/1068
f 2067/3488/1069 2075/3489/1069 2078/3490/1069 2077/3491/1069
f 2075/3489/1070 2076/3492/1070 2079/3493/1070 2078/3490/1070
f 2077/3491/1071 2078/3490/1071 2073/3494/1071 2070/3495/1071
f 2078/3490/1072 2079/3493/1072 2074/3496/1072 2073/3494/1072
f 2068/3497/1073 2080/3498/1073 2083/3499/1073 2082/3500/1073
f 2080/3498/1074 2081/3501/1074 2084/3502/1074 2083/3499/1074
f 2082/3500/1075 2083/3499/1075 2079/3493/1075 2076/3492/1075
f 2083/3499/1076 2084/3502/1076 2074/3496/1076 2079/3493/1076
f 2085/3503/1077 2088/3504/1077 2091/3505/1077 2090/3506/1077
f 2088/3504/1078 2089/3507/1078 2092/3508/1078 2091/3505/1078
f 2090/3506/1079 2091/3505/1079 2103/3509/1079 2100/3510/1079
f 2091/3505/1080 2092/3508/1080 2093/3511/1080 2103/3509/1080
f 2086/3512/1081 2094/3513/1081 2097/3514/1081 2096/3515/1081
f 2094/3513/1082 2095/3516/1082 2098/3517/1082 2097/3514/1082
f 2096/3515/1083 2097/3514/1083 2092/3508/1083 2089/3507/1083
f 2097/3514/1084 2098/3517/1084 2093/3511/1084 2092/3508/1084
f 2087/3518/1085 2099/3519/1085 2102/3520/1085 2101/3521/1085
f 2099/3519/1086 2100/3510/1086 2103/3509/1086 2102/3520/1086
f 2101/3521/1087 2102/3520/1087 2098/3517/1087 2095/3516/1087
f 2102/3520/1088 2103/3509/1088 2093/3511/1088 2098/3517/1088
f 2104/3522/1089 2107/3523/1089 2110/3524/1089 2109/3525/1089
f 2107/3523/1090 2108/3526/1090 2111/3527/1090 2110/3524/1090
f 2109/3525/1091 2110/3524/1091 2122/3528/1091 2119/3529/1091
f 2110/3524/1092 2111/3527/1092 2112/3530/1092 2122/3528/1092
f 2105/3531/1093 2113/3532/1093 2116/3533/1093 2115/3534/1093
f 2113/3532/1094 2114/3535/1094 2117/3536/1094 2116/3533/1094
f 2115/3534/1095 2116/3533/1095 2111/3527/1095 2108/3526/1095
f 2116/3533/1096 2117/3536/1096 2112/3530/1096 2111/3527/1096
f 2106/3537/1097 2118/3538/1097 2121/3539/1097 2120/3540/1097
f 2118/3538/1098 2119/3529/1098 2122/3528/1098 2121/3539/1098
f 2120/3540/1099 2121/3539/1099 2117/3536/1099 2114/3535/1099
f 2121/3539/1100 2122/3528/1100 2112/3530/1100 2117/3536/1100
f 2123/3541/1101 2126/3542/1101 2129/3543/1101 2128/3544/1101
f 2126/3542/1102 2127/3545/1102 2130/3546/1102 2129/3543/1102
f 2128/3544/1103 2129/3543/1103 2141/3547/1103 2138/3548/1103
f 2129/3543/1104 2130/3546/1104 2131/3549/1104 2141/3547/1104
f 2124/3550/1105 2132/3551/1105 2135/3552/1105 2134/3553/1105
f 2132/3551/1106 2133/3554/1106 2136/3555/1106 2135/3552/1106
f 2134/3553/1107 2135/3552/1107 2130/3546/1107 2127/3545/1107
f 2135/3552/1108 2136/3555/1108 2131/3549/1108 2130/3546/1108
f 2125/3556/1109 2137/3557/1109 2140/3558/1109 2139/3559/1109
f 2137/3557/1110 2138/3548/1110 2141/3547/1110 2140/3558/1110
f 2139/3559/1111 2140/3558/1111 2136/3555/1111 2133/3554/1111
f 2140/3558/1112 2141/3547/1112 2131/3549/1112 2136/3555/1112
f 2142/3560/1113 2145/3561/1113 2148/3562/1113 2147/3563/1113
f 2145/3561/1114 2146/3564/1114 2149/3565/1114 2148/3562/1114
f 2147/3563/1115 2148/3562/1115 2160/3566/1115 2157/3567/1115
f 2148/3562/1116 2149/3565/1116 2150/3568/1116 2160/3566/1116
f 2143/3569/1117 2151/3570/1117 2154/3571/1117 2153/3572/1117
f 2151/3570/1118 2152/3573/1118 2155/3574/1118 2154/3571/1118
f 2153/3572/1119 2154/3571/1119 2149/3565/1119 2146/3564/1119
f 2154/3571/1120 2155/3574/1120 2150/3568/1120 2149/3565/1120
f 2144/3575/1121 2156/3576/1121 2159/3577/1121 2158/3578/1121
f 2156/3576/1122 2157/3567/1122 2160/3566/1122 2159/3577/1122
f 2158/3578/1123 2159/3577/1123 2155/3574/1123 2152/3573/1123
f 2159/3577/1124 2160/3566/1124 2150/3568/1124 2155/3574/1124
f 2047/3455/1125 2009/3401/1125 2014/3404/1125 2050/3456/1125
f 2050/3456/1126 2014/3404/1126 2024/3408/1126 2051/3459/1126
f 2051/3471/1127 2024/3423/1127 2023/3420/1127 2058/3467/1127
f 2058/3467/1128 2023/3420/1128 2011/3419/1128 2048/3464/1128
f 2010/3410/1129 2028/3428/1129 2033/3431/1129 2018/3411/1129
f 2018/3411/1130 2033/3431/1130 2043/3435/1130 2019/3414/1130
f 2019/3426/1131 2043/3450/1131 2042/3447/1131 2025/3422/1131
f 2025/3422/1132 2042/3447/1132 2030/3446/1132 2011/3419/1132
f 2029/3437/1133 2066/3479/1133 2071/3482/1133 2037/3438/1133
f 2037/3438/1134 2071/3482/1134 2081/3486/1134 2038/3441/1134
f 2038/3453/1135 2081/3501/1135 2080/3498/1135 2044/3449/1135
f 2044/3449/1136 2080/3498/1136 2068/3497/1136 2030/3446/1136
f 2067/3488/1137 2049/3473/1137 2063/3476/1137 2075/3489/1137
f 2075/3489/1138 2063/3476/1138 2057/3468/1138 2076/3492/1138
f 2076/3492/1139 2057/3468/1139 2056/3465/1139 2082/3500/1139
f 2082/3500/1140 2056/3465/1140 2048/3464/1140 2068/3497/1140
f 2123/3541/1141 2047/3455/1141 2052/3458/1141 2126/3542/1141
f 2126/3542/1142 2052/3458/1142 2062/3462/1142 2127/3545/1142
f 2127/3545/1143 2062/3477/1143 2061/3474/1143 2134/3553/1143
f 2134/3553/1144 2061/3474/1144 2049/3473/1144 2124/3550/1144
f 2066/3479/1145 2142/3560/1145 2147/3563/1145 2069/3480/1145
f 2069/3480/1146 2147/3563/1146 2157/3567/1146 2070/3483/1146
f 2070/3495/1147 2157/3567/1147 2156/3576/1147 2077/3491/1147
f 2077/3491/1148 2156/3576/1148 2144/3575/1148 2067/3488/1148
f 2143/3569/1149 2125/3556/1149 2139/3559/1149 2151/3570/1149
f 2151/3570/1150 2139/3559/1150 2133/3554/1150 2152/3573/1150
f 2152/3573/1151 2133/3554/1151 2132/3551/1151 2158/3578/1151
f 2158/3578/1152 2132/3551/1152 2124/3550/1152 2144/3575/1152
f 2085/3503/1153 2123/3541/1153 2128/3544/1153 2088/3504/1153
f 2088/3504/1154 2128/3544/1154 2138/3548/1154 2089/3507/1154
f 2089/3507/1155 2138/3548/1155 2137/3557/1155 2096/3515/1155
f 2096/3515/1156 2137/3557/1156 2125/3556/1156 2086/3512/1156
f 2142/3560/1157 2104/3522/1157 2109/3525/1157 2145/3561/1157
f 2145/3561/1158 2109/3525/1158 2119/3529/1158 2146/3564/1158
f 2146/3564/1159 2119/3529/1159 2118/3538/1159 2153/3572/1159
f 2153/3572/1160 2118/3538/1160 2106/3537/1160 2143/3569/1160
f 2105/3531/1161 2087/3518/1161 2101/3521/1161 2113/3532/1161
f 2113/3532/1162 2101/3521/1162 2095/3516/1162 2114/3535/1162
f 2114/3535/1163 2095/3516/1163 2094/3513/1163 2120/3540/1163
f 2120/3540/1164 2094/3513/1164 2086/3512/1164 2106/3537/1164
f 2009/3401/1165 2085/3503/1165 2090/3506/1165 2012/3402/1165
f 2012/3402/1166 2090/3506/1166 2100/3510/1166 2013/3405/1166
f 2013/3417/1167 2100/3510/1167 2099/3519/1167 2020/3413/1167
f 2020/3413/1168 2099/3519/1168 2087/3518/1168 2010/3410/1168
f 2104/3522/1169 2029/3437/1169 2039/3440/1169 2107/3523/1169
f 2107/3523/1170 2039/3440/1170 2032/3444/1170 2108/3526/1170
f 2108/3526/1171 2032/3432/1171 2031/3429/1171 2115/3534/1171
f 2115/3534/1172 2031/3429/1172 2028/3428/1172 2105/3531/1172
f 2047/3455/1173 2123/3541/1173 2085/3503/1173 2009/3401/1173
f 2167/3579/1174 2030/3446/1174 2068/3497/1174 2187/3580/1174 2183/3581/1174 2189/3582/1174 2179/3583/1174 2181/3584/1174 2177/3585/1174 2191/3586/1174 2172/3587/1174 2174/3588/1174 2169/3589/1174 2175/3590/1174 2165/3591/1174
f 2187/3580/1174 2068/3497/1174 2048/3464/1174 2011/3419/1174 2030/3446/1174 2167/3579/1174 2163/3592/1174 2161/3593/1174 2162/3594/1174 2164/3595/1174 2166/3596/1174 2168/3597/1174 2173/3598/1174 2171/3599/1174 2170/3600/1174 2192/3601/1174 2176/3602/1174 2180/3603/1174 2178/3604/1174 2190/3605/1174 2182/3606/1174 2188/3607/1174 2186/3608/1174 2184/3609/1174 2185/3610/1174
f 2087/3518/1175 2105/3531/1175 2028/3428/1175 2010/3410/1175
f 2142/3560/1176 2066/3479/1176 2029/3437/1176 2104/3522/1176
f 2049/3473/1177 2067/3488/1177 2144/3575/1177 2124/3550/1177
f 2106/3537/1178 2086/3512/1178 2125/3556/1178 2143/3569/1178 2220/3611/1178 2218/3612/1178 2216/3613/1178 2217/3614/1178 2219/3615/1178 2214/3616/1178 2221/3617/1178 2210/3618/1178 2212/3619/1178 2208/3620/1178 2224/3621/1178 2202/3622/1178 2204/3623/1178 2200/3624/1178 2206/3625/1178 2196/3626/1178 2198/3627/1178 2194/3628/1178 2193/3629/1178 2195/3630/1178 2199/3631/1178
f 2220/3611/1178 2143/3569/1178 2106/3537/1178 2199/3631/1178 2197/3632/1178 2207/3633/1178 2201/3634/1178 2205/3635/1178 2203/3636/1178 2223/3637/1178 2209/3638/1178 2213/3639/1178 2211/3640/1178 2222/3641/1178 2215/3642/1178
f 2184/3643/1179 2186/3644/1179 2217/3645/1179 2216/3646/1179
f 2186/3644/1180 2188/3647/1180 2219/3648/1180 2217/3645/1180
f 2188/3647/1181 2182/3649/1181 2214/3650/1181 2219/3648/1181
f 2182/3649/1182 2190/3651/1182 2221/3652/1182 2214/3650/1182
f 2190/3651/1183 2178/3653/1183 2210/3654/1183 2221/3652/1183
f 2178/3653/1184 2180/3655/1184 2212/3656/1184 2210/3654/1184
f 2180/3655/1185 2176/3657/1185 2208/3658/1185 2212/3656/1185
f 2176/3657/1186 2192/3659/1186 2224/3660/1186 2208/3658/1186
f 2192/3659/1187 2170/3661/1187 2202/3662/1187 2224/3660/1187
f 2170/3661/1188 2171/3663/1188 2204/3664/1188 2202/3662/1188
f 2171/3663/1189 2173/3665/1189 2200/3666/1189 2204/3664/1189
f 2173/3665/1190 2168/3667/1190 2206/3668/1190 2200/3666/1190
f 2166/3669/1191 2196/3670/1191 2206/3668/1191 2168/3667/1191
f 2164/3671/1192 2198/3672/1192 2196/3670/1192 2166/3669/1192
f 2162/3673/1193 2194/3674/1193 2198/3672/1193 2164/3671/1193
f 2161/3675/1194 2193/3676/1194 2194/3674/1194 2162/3673/1194
f 2163/3677/1195 2195/3678/1195 2193/3676/1195 2161/3675/1195
f 2167/3679/1196 2199/3680/1196 2195/3678/1196 2163/3677/1196
f 2165/3681/1197 2197/3682/1197 2199/3680/1197 2167/3679/1197
f 2175/3683/1198 2207/3684/1198 2197/3682/1198 2165/3681/1198
f 2169/3685/1199 2201/3686/1199 2207/3684/1199 2175/3683/1199
f 2174/3687/1200 2205/3688/1200 2201/3686/1200 2169/3685/1200
f 2172/3689/1201 2203/3690/1201 2205/3688/1201 2174/3687/1201
f 2191/3691/1202 2223/3692/1202 2203/3690/1202 2172/3689/1202
f 2177/3693/1203 2209/3694/1203 2223/3692/1203 2191/3691/1203
f 2181/3695/1204 2213/3696/1204 2209/3694/1204 2177/3693/1204
f 2179/3697/1205 2211/3698/1205 2213/3696/1205 2181/3695/1205
f 2189/3699/1206 2222/3700/1206 2211/3698/1206 2179/3697/1206
f 2189/3699/1207 2183/3701/1207 2215/3702/1207 2222/3700/1207
f 2183/3701/1208 2187/3703/1208 2220/3704/1208 2215/3702/1208
f 2187/3703/1209 2185/3705/1209 2218/3706/1209 2220/3704/1209
f 2185/3705/1210 2184/3707/1210 2216/3708/1210 2218/3706/1210
o Yoke_Right_Arm
v 47.000000 28.000000 28.000000
v 47.000000 30.000000 30.000000
v 45.000000 30.000000 28.000000
v 47.000000 28.152241 28.765368
v 47.000000 28.585787 29.414213
v 46.234634 28.152241 28.000000
v 46.215454 28.335978 28.784548
v 46.255260 28.687490 29.312510
v 45.845299 28.845299 29.154701
v 46.234634 30.000000 29.847759
v 45.585785 30.000000 29.414213
v 47.000000 29.234632 29.847759
v 46.215454 29.215452 29.664022
v 45.687492 29.255259 29.312510
v 45.152241 29.234632 28.000000
v 45.585785 28.585787 28.000000
v 45.152241 30.000000 28.765368
v 45.335979 29.215452 28.784548
v 45.687492 28.687490 28.744741
v 47.000000 106.000000 30.000000
v 47.000000 108.000000 28.000000
v 45.000000 106.000000 28.000000
v 47.000000 106.765366 29.847759
v 47.000000 107.414215 29.414213
v 46.234634 106.000000 29.847759
v 46.215454 106.784546 29.664022
v 46.255260 107.312508 29.312510
v 45.845299 107.154701 29.154701
v 46.234634 107.847763 28.000000
v 45.585785 107.414215 28.000000
v 47.000000 107.847763 28.765368
v 46.215454 107.664024 28.784548
v 45.687492 107.312508 28.744741
v 45.152241 106.000000 28.765368
v 45.585785 106.000000 29.414213
v 45.152241 106.765366 28.000000
v 45.335979 106.784546 28.784548
v 45.687492 106.744743 29.312510
v 47.000000 28.000000 -28.000000
v 45.000000 30.000000 -28.000000
v 47.000000 30.000000 -30.000000
v 46.234634 28.152241 -28.000000
v 45.585785 28.585787 -28.000000
v 47.000000 28.152241 -28.765368
v 46.215454 28.335978 -28.784548
v 45.687492 28.687490 -28.744741
v 45.845299 28.845299 -29.154701
v 45.152241 30.000000 -28.765368
v 45.585785 30.000000 -29.414213
v 45.152241 29.234632 -28.000000
v 45.335979 29.215452 -28.784548
v 45.687492 29.255259 -29.312510
v 47.000000 29.234632 -29.847759
v 47.000000 28.585787 -29.414213
v 46.234634 30.000000 -29.847759
v 46.215454 29.215452 -29.664022
v 46.255260 28.687490 -29.312510
v 47.000000 108.000000 -28.000000
v 47.000000 106.000000 -30.000000
v 45.000000 106.000000 -28.000000
v 47.000000 107.847763 -28.765368
v 47.000000 107.414215 -29.414213
v 46.234634 107.847763 -28.000000
v 46.215454 107.664024 -28.784548
v 46.255260 107.312508 -29.312510
v 45.845299 107.154701 -29.154701
v 46.234634 106.000000 -29.847759
v 45.585785 106.000000 -29.414213
v 47.000000 106.765366 -29.847759
v 46.215454 106.784546 -29.664022
v 45.687492 106.744743 -29.312510
v 45.152241 106.765366 -28.000000
v 45.585785 107.414215 -28.000000
v 45.152241 106.000000 -28.765368
v 45.335979 106.784546 -28.784548
v 45.687492 107.312508 -28.744741
v 55.000000 28.000000 28.000000
v 57.000000 30.000000 28.000000
v 55.000000 30.000000 30.000000
v 55.765366 28.152241 28.000000
v 56.414215 28.585787 28.000000
v 55.000000 28.152241 28.765368
v 55.784546 28.335978 28.784548
v 56.312508 28.687490 28.744741
v 56.154701 28.845299 29.154701
v 56.847759 30.000000 28.765368
v 56.414215 30.000000 29.414213
v 56.847759 29.234632 28.000000
v 56.664021 29.215452 28.784548
v 56.312508 29.255259 29.312510
v 55.000000 29.234632 29.847759
v 55.000000 28.585787 29.414213
v 55.765366 30.000000 29.847759
v 55.784546 29.215452 29.664022
v 55.744740 28.687490 29.312510
v 55.000000 108.000000 28.000000
v 55.000000 106.000000 30.000000
v 57.000000 106.000000 28.000000
v 55.000000 107.847763 28.765368
v 55.000000 107.414215 29.414213
v 55.765366 107.847763 28.000000
v 55.784546 107.664024 28.784548
v 55.744740 107.312508 29.312510
v 56.154701 107.154701 29.154701
v 55.765366 106.000000 29.847759
v 56.414215 106.000000 29.414213
v 55.000000 106.765366 29.847759
v 55.784546 106.784546 29.664022
v 56.312508 106.744743 29.312510
v 56.847759 106.765366 28.000000
v 56.414215 107.414215 28.000000
v 56.847759 106.000000 28.765368
v 56.664021 106.784546 28.784548
v 56.312508 107.312508 28.744741
v 55.000000 28.000000 -28.000000
v 55.000000 30.000000 -30.000000
v 57.000000 30.000000 -28.000000
v 55.000000 28.152241 -28.765368
v 55.000000 28.585787 -29.414213
v 55.765366 28.152241 -28.000000
v 55.784546 28.335978 -28.784548
v 55.744740 28.687490 -29.312510
v 56.154701 28.845299 -29.154701
v 55.765366 30.000000 -29.847759
v 56.414215 30.000000 -29.414213
v 55.000000 29.234632 -29.847759
v 55.784546 29.215452 -29.664022
v 56.312508 29.255259 -29.312510
v 56.847759 29.234632 -28.000000
v 56.414215 28.585787 -28.000000
v 56.847759 30.000000 -28.765368
v 56.664021 29.215452 -28.784548
v 56.312508 28.687490 -28.744741
v 55.000000 108.000000 -28.000000
v 57.000000 106.000000 -28.000000
v 55.000000 106.000000 -30.000000
v 55.765366 107.847763 -28.000000
v 56.414215 107.414215 -28.000000
v 55.000000 107.847763 -28.765368
v 55.784546 107.664024 -28.784548
v 56.312508 107.312508 -28.744741
v 56.154701 107.154701 -29.154701
v 56.847759 106.000000 -28.765368
v 56.414215 106.000000 -29.414213
v 56.847759 106.765366 -28.000000
v 56.664021 106.784546 -28.784548
v 56.312508 106.744743 -29.312510
v 55.000000 106.765366 -29.847759
v 55.000000 107.414215 -29.414213
v 55.765366 106.000000 -29.847759
v 55.784546 106.784546 -29.664022
v 55.744740 107.312508 -29.312510
v 45.000000 93.000000 8.000000
v 45.000000 91.439278 7.846282
v 45.000000 94.560722 7.846282
v 45.000000 89.938530 7.391036
v 45.000000 97.444565 6.651757
v 45.000000 88.555435 6.651757
v 45.000000 96.061470 7.391036
v 45.000000 87.343147 5.656854
v 45.000000 99.651756 4.444562
v 45.000000 85.153717 1.560723
v 45.000000 85.608963 3.061468
v 45.000000 100.846283 1.560723
v 45.000000 86.348244 4.444562
v 45.000000 100.391037 3.061468
v 45.000000 98.656853 5.656854
v 45.000000 85.153717 -1.560723
v 45.000000 100.846283 -1.560723
v 45.000000 86.348244 -4.444562
v 45.000000 99.651756 -4.444562
v 45.000000 85.608963 -3.061468
v 45.000000 100.391037 -3.061468
v 45.000000 88.555435 -6.651757
v 45.000000 97.444565 -6.651757
v 45.000000 93.000000 -8.000000
v 45.000000 94.560722 -7.846282
v 45.000000 91.439278 -7.846282
v 45.000000 96.061470 -7.391036
v 45.000000 89.938530 -7.391036
v 45.000000 98.656853 -5.656854
v 45.000000 87.343147 -5.656854
v 45.000000 101.000000 0.000000
v 45.000000 85.000000 0.000000
v 57.000000 93.000000 8.000000
v 57.000000 91.439278 7.846282
v 57.000000 94.560722 7.846282
v 57.000000 88.555435 6.651757
v 57.000000 97.444565 6.651757
v 57.000000 89.938530 7.391036
v 57.000000 96.061470 7.391036
v 57.000000 86.348244 4.444562
v 57.000000 99.651756 4.444562
v 57.000000 85.153717 1.560723
v 57.000000 100.846283 1.560723
v 57.000000 85.608963 3.061468
v 57.000000 100.391037 3.061468
v 57.000000 87.343147 5.656854
v 57.000000 98.656853 5.656854
v 57.000000 85.153717 -1.560723
v 57.000000 100.846283 -1.560723
v 57.000000 86.348244 -4.444562
v 57.000000 99.651756 -4.444562
v 57.000000 85.608963 -3.061468
v 57.000000 100.391037 -3.061468
v 57.000000 88.555435 -6.651757
v 57.000000 97.444565 -6.651757
v 57.000000 93.000000 -8.000000
v 57.000000 91.439278 -7.846282
v 57.000000 94.560722 -7.846282
v 57.000000 89.938530 -7.391036
v 57.000000 96.061470 -7.391036
v 57.000000 87.343147 -5.656854
v 57.000000 98.656853 -5.656854
v 57.000000 101.000000 0.000000
v 57.000000 85.000000 0.000000
vn -0.2049 -0.9571 0.2049
vn -0.1818 -0.8152 0.5500
vn -0.5499 -0.8152 0.1818
vn -0.4931 -0.7167 0.4931
vn -0.2049 -0.2049 0.9571
vn -0.5500 -0.1818 0.8152
vn -0.1818 -0.5500 0.8152
vn -0.4931 -0.4931 0.7167
vn -0.9571 -0.2049 0.2049
vn -0.8152 -0.5500 0.1818
vn -0.8152 -0.1818 0.5500
vn -0.7167 -0.4931 0.4931
vn -0.2049 0.2049 0.9571
vn -0.1818 0.5500 0.8152
vn -0.5500 0.1818 0.8152
vn -0.4931 0.4931 0.7167
vn -0.2049 0.9571 0.2049
vn -0.5500 0.8152 0.1818
vn -0.1818 0.8152 0.5500
vn -0.4931 0.7167 0.4931
vn -0.9571 0.2049 0.2049
vn -0.8152 0.1818 0.5499
vn -0.8152 0.5500 0.1818
vn -0.7167 0.4931 0.4931
vn -0.2049 -0.9571 -0.2049
vn -0.5499 -0.8152 -0.1818
vn -0.1818 -0.8152 -0.5500
vn -0.4931 -0.7167 -0.4931
vn -0.9571 -0.2049 -0.2049
vn -0.8152 -0.1818 -0.5500
vn -0.8152 -0.5500 -0.1818
vn -0.7167 -0.4931 -0.4931
vn -0.2049 -0.2049 -0.9571
vn -0.1818 -0.5500 -0.8152
vn -0.5500 -0.1818 -0.8152
vn -0.4931 -0.4931 -0.7167
vn -0.2049 0.9571 -0.2049
vn -0.1818 0.8152 -0.5500
vn -0.5500 0.8152 -0.1818
vn -0.4931 0.7167 -0.4931
vn -0.2049 0.2049 -0.9571
vn -0.5500 0.1818 -0.8152
vn -0.1818 0.5500 -0.8152
vn -0.4931 0.4931 -0.7167
vn -0.9571 0.2049 -0.2049
vn -0.8152 0.5500 -0.1818
vn -0.8152 0.1818 -0.5499
vn -0.7167 0.4931 -0.4931
vn 0.2049 -0.9571 0.2049
vn 0.5499 -0.8152 0.1818
vn 0.1818 -0.8152 0.5500
vn 0.4931 -0.7167 0.4931
vn 0.9571 -0.2049 0.2049
vn 0.8152 -0.1818 0.5500
vn 0.8152 -0.5500 0.1818
vn 0.7167 -0.4931 0.4931
vn 0.2049 -0.2049 0.9571
vn 0.1818 -0.5500 0.8152
vn 0.5500 -0.1818 0.8152
vn 0.4931 -0.4931 0.7167
vn 0.2049 0.9571 0.2049
vn 0.1818 0.8152 0.5500
vn 0.5500 0.8152 0.1818
vn 0.4931 0.7167 0.4931
vn 0.2049 0.2049 0.9571
vn 0.5500 0.1818 0.8152
vn 0.1818 0.5500 0.8152
vn 0.4931 0.4931 0.7167
vn 0.9571 0.2049 0.2049
vn 0.8152 0.5500 0.1818
vn 0.8152 0.1818 0.5499
vn 0.7167 0.4931 0.4931
vn 0.2049 -0.9571 -0.2049
vn 0.1818 -0.8152 -0.5500
vn 0.5499 -0.8152 -0.1818
vn 0.4931 -0.7167 -0.4931
vn 0.2049 -0.2049 -0.9571
vn 0.5500 -0.1818 -0.8152
vn 0.1818 -0.5500 -0.8152
vn 0.4931 -0.4931 -0.7167
vn 0.9571 -0.2049 -0.2049
vn 0.8152 -0.5500 -0.1818
vn 0.8152 -0.1818 -0.5500
vn 0.7167 -0.4931 -0.4931
vn 0.2049 0.9571 -0.2049
vn 0.5500 0.8152 -0.1818
vn 0.1818 0.8152 -0.5500
vn 0.4931 0.7167 -0.4931
vn 0.9571 0.2049 -0.2049
vn 0.8152 0.1818 -0.5499
vn 0.8152 0.5500 -0.1818
vn 0.7167 0.4931 -0.4931
vn 0.2049 0.2049 -0.9571
vn 0.1818 0.5500 -0.8152
vn 0.5500 0.1818 -0.8152
vn 0.4931 0.4931 -0.7167
vn -0.1951 -0.9808 -0.0000
vn -0.5556 -0.8315 -0.0000
vn -0.8315 -0.5556 -0.0000
vn -0.9808 -0.1951 -0.0000
vn -0.1951 -0.0000 0.9808
vn -0.5556 -0.0000 0.8315
vn -0.8315 -0.0000 0.5556
vn -0.9808 -0.0000 0.1951
vn -0.1951 0.9808 -0.0000
vn -0.5556 0.8315 -0.0000
vn -0.8315 0.5556 -0.0000
vn -0.9808 0.1951 -0.0000
vn -0.1951 -0.0000 -0.9808
vn -0.5556 -0.0000 -0.8315
vn -0.8315 -0.0000 -0.5556
vn -0.9808 -0.0000 -0.1951
vn -0.0000 -0.9808 -0.1951
vn -0.0000 -0.8315 -0.5556
vn -0.0000 -0.5556 -0.8315
vn -0.0000 -0.1951 -0.9808
vn -0.0000 0.9808 -0.1951
vn -0.0000 0.8315 -0.5556
vn -0.0000 0.5556 -0.8315
vn -0.0000 0.1951 -0.9808
vn 0.9808 -0.0000 -0.1951
vn 0.8315 -0.0000 -0.5556
vn 0.5556 -0.0000 -0.8315
vn 0.1951 -0.0000 -0.9808
vn 0.1951 -0.9808 -0.0000
vn 0.5556 -0.8315 -0.0000
vn 0.8315 -0.5556 -0.0000
vn 0.9808 -0.1951 -0.0000
vn 0.1951 0.9808 -0.0000
vn 0.5556 0.8315 -0.0000
vn 0.8315 0.5556 -0.0000
vn 0.9808 0.1951 -0.0000
vn 0.1951 -0.0000 0.9808
vn 0.5556 -0.0000 0.8315
vn 0.8315 -0.0000 0.5556
vn 0.9808 -0.0000 0.1951
vn -0.0000 -0.9808 0.1951
vn -0.0000 -0.8315 0.5556
vn -0.0000 -0.5556 0.8315
vn -0.0000 -0.1951 0.9808
vn -0.0000 0.9808 0.1951
vn -0.0000 0.8315 0.5556
vn -0.0000 0.5556 0.8315
vn -0.0000 0.1951 0.9808
vn -0.0000 -1.0000 -0.0000
vn -1.0000 -0.0000 -0.0000
vn -0.0000 -0.0000 1.0000
vn -0.0000 1.0000 -0.0000
vn -0.0000 -0.0000 -1.0000
vn 1.0000 -0.0000 -0.0000
vn -0.0000 0.0980 0.9952
vn -0.0000 0.2903 0.9569
vn -0.0000 0.4714 0.8819
vn -0.0000 0.6344 0.7730
vn -0.0000 0.7730 0.6344
vn -0.0000 0.8819 0.4714
vn -0.0000 0.9569 0.2903
vn -0.0000 0.9952 0.0980
vn -0.0000 0.9952 -0.0980
vn -0.0000 0.9569 -0.2903
vn -0.0000 0.8819 -0.4714
vn -0.0000 0.7730 -0.6344
vn -0.0000 0.6344 -0.7730
vn -0.0000 0.4714 -0.8819
vn -0.0000 0.2903 -0.9569
vn -0.0000 0.0980 -0.9952
vn -0.0000 -0.0980 -0.9952
vn -0.0000 -0.2903 -0.9569
vn -0.0000 -0.4714 -0.8819
vn -0.0000 -0.6344 -0.7730
vn -0.0000 -0.7730 -0.6344
vn -0.0000 -0.8819 -0.4714
vn -0.0000 -0.9569 -0.2903
vn -0.0000 -0.9952 -0.0980
vn -0.0000 -0.9952 0.0980
vn -0.0000 -0.9569 0.2903
vn -0.0000 -0.8819 0.4714
vn -0.0000 -0.7730 0.6344
vn -0.0000 -0.6344 0.7730
vn -0.0000 -0.4714 0.8819
vn -0.0000 -0.2903 0.9569
vn -0.0000 -0.0980 0.9952
vt 0.166667 0.741667
vt 0.166667 0.744856
vt 0.150322 0.744936
vt 0.150722 0.741667
vt 0.166667 0.750000
vt 0.151151 0.750000
vt 0.125000 0.744770
vt 0.125000 0.741667
vt 0.142610 0.750000
vt 0.381250 0.958333
vt 0.381250 0.974278
vt 0.378798 0.974678
vt 0.378858 0.958333
vt 0.381250 1.000000
vt 0.378923 1.000000
vt 0.375000 0.973849
vt 0.375000 0.958333
vt 0.377642 1.000000
vt 0.381250 0.008333
vt 0.378858 0.008333
vt 0.378798 0.005064
vt 0.381250 0.005144
vt 0.375000 0.008333
vt 0.375000 0.005230
vt 0.378923 0.000000
vt 0.381250 0.000000
vt 0.375000 0.003522
vt 0.618750 0.958333
vt 0.621142 0.958333
vt 0.621202 0.974678
vt 0.618750 0.974279
vt 0.625000 0.958333
vt 0.625000 0.973849
vt 0.621077 1.000000
vt 0.618750 1.000000
vt 0.625000 0.982390
vt 0.833333 0.741667
vt 0.849278 0.741667
vt 0.849678 0.744936
vt 0.833333 0.744856
vt 0.875000 0.741667
vt 0.875000 0.744770
vt 0.848849 0.750000
vt 0.833333 0.750000
vt 0.875000 0.746478
vt 0.618750 0.008333
vt 0.618750 0.005144
vt 0.621202 0.005064
vt 0.621142 0.008333
vt 0.618750 0.000000
vt 0.621077 0.000000
vt 0.625000 0.005230
vt 0.625000 0.008333
vt 0.622358 0.000000
vt 0.166667 0.508333
vt 0.150722 0.508333
vt 0.150322 0.505064
vt 0.166667 0.505144
vt 0.125000 0.508333
vt 0.125000 0.505230
vt 0.151151 0.500000
vt 0.166667 0.500000
vt 0.125000 0.503522
vt 0.381250 0.241667
vt 0.381250 0.244856
vt 0.378798 0.244936
vt 0.378858 0.241667
vt 0.381250 0.250000
vt 0.378923 0.250000
vt 0.375000 0.244770
vt 0.375000 0.241667
vt 0.376321 0.258805
vt 0.381250 0.291667
vt 0.378858 0.291667
vt 0.378798 0.275322
vt 0.381250 0.275722
vt 0.375000 0.291667
vt 0.375000 0.276151
vt 0.833333 0.508333
vt 0.833333 0.505144
vt 0.849678 0.505064
vt 0.849278 0.508333
vt 0.833333 0.500000
vt 0.848849 0.500000
vt 0.875000 0.505230
vt 0.875000 0.508333
vt 0.857390 0.500000
vt 0.618750 0.291667
vt 0.618750 0.275722
vt 0.621202 0.275322
vt 0.621142 0.291667
vt 0.618750 0.250000
vt 0.621077 0.250000
vt 0.625000 0.276151
vt 0.625000 0.291667
vt 0.623679 0.248239
vt 0.618750 0.241667
vt 0.621142 0.241667
vt 0.621202 0.244936
vt 0.618750 0.244856
vt 0.625000 0.241667
vt 0.625000 0.244770
vt 0.333333 0.741667
vt 0.349278 0.741667
vt 0.349678 0.744936
vt 0.333333 0.744856
vt 0.375000 0.741667
vt 0.375000 0.744770
vt 0.361924 0.763076
vt 0.354167 0.770833
vt 0.375881 0.754696
vt 0.381250 0.741667
vt 0.381250 0.744856
vt 0.378798 0.744936
vt 0.378858 0.741667
vt 0.381250 0.750000
vt 0.378923 0.750000
vt 0.381250 0.791667
vt 0.378858 0.791667
vt 0.378798 0.775322
vt 0.381250 0.775721
vt 0.666667 0.741667
vt 0.666667 0.744856
vt 0.650322 0.744936
vt 0.650722 0.741667
vt 0.645833 0.770833
vt 0.638076 0.763076
vt 0.625000 0.744770
vt 0.625000 0.741667
vt 0.629990 0.748826
vt 0.618750 0.791667
vt 0.618750 0.775721
vt 0.621202 0.775322
vt 0.621142 0.791667
vt 0.618750 0.750000
vt 0.621077 0.750000
vt 0.618750 0.741667
vt 0.621142 0.741667
vt 0.621202 0.744936
vt 0.618750 0.744856
vt 0.333333 0.508333
vt 0.333333 0.505144
vt 0.349678 0.505064
vt 0.349278 0.508333
vt 0.354167 0.479167
vt 0.361924 0.486924
vt 0.375000 0.505230
vt 0.375000 0.508333
vt 0.370010 0.501174
vt 0.381250 0.458333
vt 0.381250 0.474278
vt 0.378798 0.474678
vt 0.378858 0.458333
vt 0.381250 0.500000
vt 0.378923 0.500000
vt 0.381250 0.508333
vt 0.378858 0.508333
vt 0.378798 0.505064
vt 0.381250 0.505144
vt 0.666667 0.508333
vt 0.650722 0.508333
vt 0.650322 0.505064
vt 0.666667 0.505144
vt 0.625000 0.508333
vt 0.625000 0.505230
vt 0.638076 0.486924
vt 0.645833 0.479167
vt 0.624120 0.495304
vt 0.618750 0.508333
vt 0.618750 0.505144
vt 0.621202 0.505064
vt 0.621142 0.508333
vt 0.618750 0.500000
vt 0.621077 0.500000
vt 0.618750 0.458333
vt 0.621142 0.458333
vt 0.621202 0.474678
vt 0.618750 0.474278
vt 0.587692 0.094204
vt 0.587692 0.155796
vt 0.592014 0.152716
vt 0.595803 0.148570
vt 0.598912 0.143519
vt 0.601222 0.137756
vt 0.602645 0.131503
vt 0.603125 0.125000
vt 0.602645 0.118497
vt 0.601222 0.112244
vt 0.598912 0.106481
vt 0.595803 0.101430
vt 0.592014 0.097284
vt 0.583002 0.092307
vt 0.578125 0.091667
vt 0.573248 0.092307
vt 0.568558 0.094204
vt 0.564236 0.097284
vt 0.560447 0.101430
vt 0.557338 0.106481
vt 0.555028 0.112244
vt 0.553605 0.118497
vt 0.553125 0.125000
vt 0.553605 0.131503
vt 0.555028 0.137756
vt 0.557338 0.143519
vt 0.560447 0.148570
vt 0.564236 0.152716
vt 0.568558 0.155796
vt 0.573248 0.157693
vt 0.578125 0.158333
vt 0.583002 0.157693
vt 0.587692 0.594204
vt 0.583002 0.592307
vt 0.578125 0.591667
vt 0.573248 0.592307
vt 0.568558 0.594204
vt 0.564236 0.597284
vt 0.560447 0.601430
vt 0.557338 0.606481
vt 0.555028 0.612244
vt 0.553605 0.618497
vt 0.553125 0.625000
vt 0.553605 0.631503
vt 0.555028 0.637756
vt 0.557338 0.643519
vt 0.560447 0.648570
vt 0.564236 0.652716
vt 0.568558 0.655796
vt 0.573248 0.657693
vt 0.578125 0.658333
vt 0.583002 0.657693
vt 0.587692 0.655796
vt 0.592014 0.652716
vt 0.595803 0.648570
vt 0.598912 0.643519
vt 0.601222 0.637756
vt 0.602645 0.631503
vt 0.603125 0.625000
vt 0.602645 0.618497
vt 0.601222 0.612244
vt 0.598912 0.606481
vt 0.595803 0.601430
vt 0.592014 0.597284
vt 1.000000 0.562500
vt 0.968750 0.562500
vt 0.968750 0.937500
vt 1.000000 0.937500
vt 0.937500 0.562500
vt 0.937500 0.937500
vt 0.906250 0.562500
vt 0.906250 0.937500
vt 0.875000 0.562500
vt 0.875000 0.937500
vt 0.843750 0.562500
vt 0.843750 0.937500
vt 0.812500 0.562500
vt 0.812500 0.937500
vt 0.781250 0.562500
vt 0.781250 0.937500
vt 0.750000 0.562500
vt 0.750000 0.937500
vt 0.718750 0.562500
vt 0.718750 0.937500
vt 0.687500 0.562500
vt 0.687500 0.937500
vt 0.656250 0.562500
vt 0.656250 0.937500
vt 0.625000 0.562500
vt 0.625000 0.937500
vt 0.593750 0.562500
vt 0.593750 0.937500
vt 0.562500 0.562500
vt 0.562500 0.937500
vt 0.531250 0.562500
vt 0.531250 0.937500
vt 0.500000 0.562500
vt 0.500000 0.937500
vt 0.468750 0.562500
vt 0.468750 0.937500
vt 0.437500 0.562500
vt 0.437500 0.937500
vt 0.406250 0.562500
vt 0.406250 0.937500
vt 0.375000 0.562500
vt 0.375000 0.937500
vt 0.343750 0.562500
vt 0.343750 0.937500
vt 0.312500 0.562500
vt 0.312500 0.937500
vt 0.281250 0.562500
vt 0.281250 0.937500
vt 0.250000 0.562500
vt 0.250000 0.937500
vt 0.218750 0.562500
vt 0.218750 0.937500
vt 0.187500 0.562500
vt 0.187500 0.937500
vt 0.156250 0.562500
vt 0.156250 0.937500
vt 0.125000 0.562500
vt 0.125000 0.937500
vt 0.093750 0.562500
vt 0.093750 0.937500
vt 0.062500 0.562500
vt 0.062500 0.937500
vt 0.031250 0.562500
vt 0.031250 0.937500
vt 0.000000 0.562500
vt 0.000000 0.937500
s 0
usemtl Dark_Aluminum
f 2225/3709/1211 2228/3710/1211 2231/3711/1211 2230/3712/1211
f 2228/3710/1212 2229/3713/1212 2232/3714/1212 2231/3711/1212
f 2230/3712/1213 2231/3711/1213 2243/3715/1213 2240/3716/1213
f 2231/3711/1214 2232/3714/1214 2233/3717/1214 2243/3715/1214
f 2226/3718/1215 2234/3719/1215 2237/3720/1215 2236/3721/1215
f 2234/3719/1216 2235/3722/1216 2238/3723/1216 2237/3720/1216
f 2236/3721/1217 2237/3720/1217 2232/3724/1217 2229/3725/1217
f 2237/3720/1218 2238/3723/1218 2233/3726/1218 2232/3724/1218
f 2227/3727/1219 2239/3728/1219 2242/3729/1219 2241/3730/1219
f 2239/3728/1220 2240/3731/1220 2243/3732/1220 2242/3729/1220
f 2241/3730/1221 2242/3729/1221 2238/3733/1221 2235/3734/1221
f 2242/3729/1222 2243/3732/1222 2233/3735/1222 2238/3733/1222
f 2244/3736/1223 2247/3737/1223 2250/3738/1223 2249/3739/1223
f 2247/3737/1224 2248/3740/1224 2251/3741/1224 2250/3738/1224
f 2249/3739/1225 2250/3738/1225 2262/3742/1225 2259/3743/1225
f 2250/3738/1226 2251/3741/1226 2252/3744/1226 2262/3742/1226
f 2245/3745/1227 2253/3746/1227 2256/3747/1227 2255/3748/1227
f 2253/3746/1228 2254/3749/1228 2257/3750/1228 2256/3747/1228
f 2255/3748/1229 2256/3747/1229 2251/3751/1229 2248/3752/1229
f 2256/3747/1230 2257/3750/1230 2252/3753/1230 2251/3751/1230
f 2246/3754/1231 2258/3755/1231 2261/3756/1231 2260/3757/1231
f 2258/3755/1232 2259/3758/1232 2262/3759/1232 2261/3756/1232
f 2260/3757/1233 2261/3756/1233 2257/3760/1233 2254/3761/1233
f 2261/3756/1234 2262/3759/1234 2252/3762/1234 2257/3760/1234
f 2263/3763/1235 2266/3764/1235 2269/3765/1235 2268/3766/1235
f 2266/3764/1236 2267/3767/1236 2270/3768/1236 2269/3765/1236
f 2268/3766/1237 2269/3765/1237 2281/3769/1237 2278/3770/1237
f 2269/3765/1238 2270/3768/1238 2271/3771/1238 2281/3769/1238
f 2264/3772/1239 2272/3773/1239 2275/3774/1239 2274/3775/1239
f 2272/3773/1240 2273/3776/1240 2276/3777/1240 2275/3774/1240
f 2274/3775/1241 2275/3774/1241 2270/3778/1241 2267/3779/1241
f 2275/3774/1242 2276/3777/1242 2271/3780/1242 2270/3778/1242
f 2265/3781/1243 2277/3782/1243 2280/3783/1243 2279/3784/1243
f 2277/3782/1244 2278/3785/1244 2281/3786/1244 2280/3783/1244
f 2279/3784/1245 2280/3783/1245 2276/3777/1245 2273/3776/1245
f 2280/3783/1246 2281/3786/1246 2271/3780/1246 2276/3777/1246
f 2282/3787/1247 2285/3788/1247 2288/3789/1247 2287/3790/1247
f 2285/3788/1248 2286/3791/1248 2289/3792/1248 2288/3789/1248
f 2287/3790/1249 2288/3789/1249 2300/3793/1249 2297/3794/1249
f 2288/3789/1250 2289/3792/1250 2290/3795/1250 2300/3793/1250
f 2283/3796/1251 2291/3797/1251 2294/3798/1251 2293/3799/1251
f 2291/3797/1252 2292/3800/1252 2295/3801/1252 2294/3798/1252
f 2293/3799/1253 2294/3798/1253 2289/3802/1253 2286/3803/1253
f 2294/3798/1254 2295/3801/1254 2290/3804/1254 2289/3802/1254
f 2284/3805/1255 2296/3806/1255 2299/3807/1255 2298/3808/1255
f 2296/3806/1256 2297/3809/1256 2300/3810/1256 2299/3807/1256
f 2298/3808/1257 2299/3807/1257 2295/3801/1257 2292/3800/1257
f 2299/3807/1258 2300/3810/1258 2290/3804/1258 2295/3801/1258
f 2301/3811/1259 2304/3812/1259 2307/3813/1259 2306/3814/1259
f 2304/3812/1260 2305/3815/1260 2308/3816/1260 2307/3813/1260
f 2306/3814/1261 2307/3813/1261 2319/3817/1261 2316/3818/1261
f 2307/3813/1262 2308/3816/1262 2309/3819/1262 2319/3817/1262
f 2302/3820/1263 2310/3821/1263 2313/3822/1263 2312/3823/1263
f 2310/3821/1264 2311/3824/1264 2314/3825/1264 2313/3822/1264
f 2312/3823/1265 2313/3822/1265 2308/3816/1265 2305/3815/1265
f 2313/3822/1266 2314/3825/1266 2309/3819/1266 2308/3816/1266
f 2303/3826/1267 2315/3827/1267 2318/3828/1267 2317/3829/1267
f 2315/3827/1268 2316/3818/1268 2319/3817/1268 2318/3828/1268
f 2317/3829/1269 2318/3828/1269 2314/3825/1269 2311/3824/1269
f 2318/3828/1270 2319/3817/1270 2309/3819/1270 2314/3825/1270
f 2320/3830/1271 2323/3831/1271 2326/3832/1271 2325/3833/1271
f 2323/3831/1272 2324/3834/1272 2327/3835/1272 2326/3832/1272
f 2325/3833/1273 2326/3832/1273 2338/3836/1273 2335/3837/1273
f 2326/3832/1274 2327/3835/1274 2328/3838/1274 2338/3836/1274
f 2321/3839/1275 2329/3840/1275 2332/3841/1275 2331/3842/1275
f 2329/3840/1276 2330/3843/1276 2333/3844/1276 2332/3841/1276
f 2331/3842/1277 2332/3841/1277 2327/3835/1277 2324/3834/1277
f 2332/3841/1278 2333/3844/1278 2328/3838/1278 2327/3835/1278
f 2322/3845/1279 2334/3846/1279 2337/3847/1279 2336/3848/1279
f 2334/3846/1280 2335/3837/1280 2338/3836/1280 2337/3847/1280
f 2336/3848/1281 2337/3847/1281 2333/3844/1281 2330/3843/1281
f 2337/3847/1282 2338/3836/1282 2328/3838/1282 2333/3844/1282
f 2339/3849/1283 2342/3850/1283 2345/3851/1283 2344/3852/1283
f 2342/3850/1284 2343/3853/1284 2346/3854/1284 2345/3851/1284
f 2344/3852/1285 2345/3851/1285 2357/3855/1285 2354/3856/1285
f 2345/3851/1286 2346/3854/1286 2347/3857/1286 2357/3855/1286
f 2340/3858/1287 2348/3859/1287 2351/3860/1287 2350/3861/1287
f 2348/3859/1288 2349/3862/1288 2352/3863/1288 2351/3860/1288
f 2350/3861/1289 2351/3860/1289 2346/3854/1289 2343/3853/1289
f 2351/3860/1290 2352/3863/1290 2347/3857/1290 2346/3854/1290
f 2341/3864/1291 2353/3865/1291 2356/3866/1291 2355/3867/1291
f 2353/3865/1292 2354/3856/1292 2357/3855/1292 2356/3866/1292
f 2355/3867/1293 2356/3866/1293 2352/3863/1293 2349/3862/1293
f 2356/3866/1294 2357/3855/1294 2347/3857/1294 2352/3863/1294
f 2358/3868/1295 2361/3869/1295 2364/3870/1295 2363/3871/1295
f 2361/3869/1296 2362/3872/1296 2365/3873/1296 2364/3870/1296
f 2363/3871/1297 2364/3870/1297 2376/3874/1297 2373/3875/1297
f 2364/3870/1298 2365/3873/1298 2366/3876/1298 2376/3874/1298
f 2359/3877/1299 2367/3878/1299 2370/3879/1299 2369/3880/1299
f 2367/3878/1300 2368/3881/1300 2371/3882/1300 2370/3879/1300
f 2369/3880/1301 2370/3879/1301 2365/3873/1301 2362/3872/1301
f 2370/3879/1302 2371/3882/1302 2366/3876/1302 2365/3873/1302
f 2360/3883/1303 2372/3884/1303 2375/3885/1303 2374/3886/1303
f 2372/3884/1304 2373/3875/1304 2376/3874/1304 2375/3885/1304
f 2374/3886/1305 2375/3885/1305 2371/3882/1305 2368/3881/1305
f 2375/3885/1306 2376/3874/1306 2366/3876/1306 2371/3882/1306
f 2263/3763/1307 2225/3709/1307 2230/3712/1307 2266/3764/1307
f 2266/3764/1308 2230/3712/1308 2240/3716/1308 2267/3767/1308
f 2267/3779/1309 2240/3731/1309 2239/3728/1309 2274/3775/1309
f 2274/3775/1310 2239/3728/1310 2227/3727/1310 2264/3772/1310
f 2226/3718/1311 2244/3736/1311 2249/3739/1311 2234/3719/1311
f 2234/3719/1312 2249/3739/1312 2259/3743/1312 2235/3722/1312
f 2235/3734/1313 2259/3758/1313 2258/3755/1313 2241/3730/1313
f 2241/3730/1314 2258/3755/1314 2246/3754/1314 2227/3727/1314
f 2245/3745/1315 2282/3787/1315 2287/3790/1315 2253/3746/1315
f 2253/3746/1316 2287/3790/1316 2297/3794/1316 2254/3749/1316
f 2254/3761/1317 2297/3809/1317 2296/3806/1317 2260/3757/1317
f 2260/3757/1318 2296/3806/1318 2284/3805/1318 2246/3754/1318
f 2283/3796/1319 2265/3781/1319 2279/3784/1319 2291/3797/1319
f 2291/3797/1320 2279/3784/1320 2273/3776/1320 2292/3800/1320
f 2292/3800/1321 2273/3776/1321 2272/3773/1321 2298/3808/1321
f 2298/3808/1322 2272/3773/1322 2264/3772/1322 2284/3805/1322
f 2339/3849/1323 2263/3763/1323 2268/3766/1323 2342/3850/1323
f 2342/3850/1324 2268/3766/1324 2278/3770/1324 2343/3853/1324
f 2343/3853/1325 2278/3785/1325 2277/3782/1325 2350/3861/1325
f 2350/3861/1326 2277/3782/1326 2265/3781/1326 2340/3858/1326
f 2282/3787/1327 2358/3868/1327 2363/3871/1327 2285/3788/1327
f 2285/3788/1328 2363/3871/1328 2373/3875/1328 2286/3791/1328
f 2286/3803/1329 2373/3875/1329 2372/3884/1329 2293/3799/1329
f 2293/3799/1330 2372/3884/1330 2360/3883/1330 2283/3796/1330
f 2359/3877/1331 2341/3864/1331 2355/3867/1331 2367/3878/1331
f 2367/3878/1332 2355/3867/1332 2349/3862/1332 2368/3881/1332
f 2368/3881/1333 2349/3862/1333 2348/3859/1333 2374/3886/1333
f 2374/3886/1334 2348/3859/1334 2340/3858/1334 2360/3883/1334
f 2301/3811/1335 2339/3849/1335 2344/3852/1335 2304/3812/1335
f 2304/3812/1336 2344/3852/1336 2354/3856/1336 2305/3815/1336
f 2305/3815/1337 2354/3856/1337 2353/3865/1337 2312/3823/1337
f 2312/3823/1338 2353/3865/1338 2341/3864/1338 2302/3820/1338
f 2358/3868/1339 2320/3830/1339 2325/3833/1339 2361/3869/1339
f 2361/3869/1340 2325/3833/1340 2335/3837/1340 2362/3872/1340
f 2362/3872/1341 2335/3837/1341 2334/3846/1341 2369/3880/1341
f 2369/3880/1342 2334/3846/1342 2322/3845/1342 2359/3877/1342
f 2321/3839/1343 2303/3826/1343 2317/3829/1343 2329/3840/1343
f 2329/3840/1344 2317/3829/1344 2311/3824/1344 2330/3843/1344
f 2330/3843/1345 2311/3824/1345 2310/3821/1345 2336/3848/1345
f 2336/3848/1346 2310/3821/1346 2302/3820/1346 2322/3845/1346
f 2225/3709/1347 2301/3811/1347 2306/3814/1347 2228/3710/1347
f 2228/3710/1348 2306/3814/1348 2316/3818/1348 2229/3713/1348
f 2229/3725/1349 2316/3818/1349 2315/3827/1349 2236/3721/1349
f 2236/3721/1350 2315/3827/1350 2303/3826/1350 2226/3718/1350
f 2320/3830/1351 2245/3745/1351 2255/3748/1351 2323/3831/1351
f 2323/3831/1352 2255/3748/1352 2248/3752/1352 2324/3834/1352
f 2324/3834/1353 2248/3740/1353 2247/3737/1353 2331/3842/1353
f 2331/3842/1354 2247/3737/1354 2244/3736/1354 2321/3839/1354
f 2263/3763/1355 2339/3849/1355 2301/3811/1355 2225/3709/1355
f 2383/3887/1356 2246/3754/1356 2284/3805/1356 2403/3888/1356 2399/3889/1356 2405/3890/1356 2395/3891/1356 2397/3892/1356 2393/3893/1356 2407/3894/1356 2388/3895/1356 2390/3896/1356 2385/3897/1356 2391/3898/1356 2381/3899/1356
f 2403/3888/1356 2284/3805/1356 2264/3772/1356 2227/3727/1356 2246/3754/1356 2383/3887/1356 2379/3900/1356 2377/3901/1356 2378/3902/1356 2380/3903/1356 2382/3904/1356 2384/3905/1356 2389/3906/1356 2387/3907/1356 2386/3908/1356 2408/3909/1356 2392/3910/1356 2396/3911/1356 2394/3912/1356 2406/3913/1356 2398/3914/1356 2404/3915/1356 2402/3916/1356 2400/3917/1356 2401/3918/1356
f 2303/3826/1357 2321/3839/1357 2244/3736/1357 2226/3718/1357
f 2358/3868/1358 2282/3787/1358 2245/3745/1358 2320/3830/1358
f 2265/3781/1359 2283/3796/1359 2360/3883/1359 2340/3858/1359
f 2322/3845/1360 2302/3820/1360 2341/3864/1360 2359/3877/1360 2436/3919/1360 2434/3920/1360 2432/3921/1360 2433/3922/1360 2435/3923/1360 2430/3924/1360 2437/3925/1360 2426/3926/1360 2428/3927/1360 2424/3928/1360 2440/3929/1360 2418/3930/1360 2420/3931/1360 2416/3932/1360 2422/3933/1360 2412/3934/1360 2414/3935/1360 2410/3936/1360 2409/3937/1360 2411/3938/1360 2415/3939/1360
f 2436/3919/1360 2359/3877/1360 2322/3845/1360 2415/3939/1360 2413/3940/1360 2423/3941/1360 2417/3942/1360 2421/3943/1360 2419/3944/1360 2439/3945/1360 2425/3946/1360 2429/3947/1360 2427/3948/1360 2438/3949/1360 2431/3950/1360
f 2400/3951/1361 2402/3952/1361 2433/3953/1361 2432/3954/1361
f 2402/3952/1362 2404/3955/1362 2435/3956/1362 2433/3953/1362
f 2404/3955/1363 2398/3957/1363 2430/3958/1363 2435/3956/1363
f 2398/3957/1364 2406/3959/1364 2437/3960/1364 2430/3958/1364
f 2406/3959/1365 2394/3961/1365 2426/3962/1365 2437/3960/1365
f 2394/3961/1366 2396/3963/1366 2428/3964/1366 2426/3962/1366
f 2396/3963/1367 2392/3965/1367 2424/3966/1367 2428/3964/1367
f 2392/3965/1368 2408/3967/1368 2440/3968/1368 2424/3966/1368
f 2408/3967/1369 2386/3969/1369 2418/3970/1369 2440/3968/1369
f 2386/3969/1370 2387/3971/1370 2420/3972/1370 2418/3970/1370
f 2387/3971/1371 2389/3973/1371 2416/3974/1371 2420/3972/1371
f 2389/3973/1372 2384/3975/1372 2422/3976/1372 2416/3974/1372
f 2382/3977/1373 2412/3978/1373 2422/3976/1373 2384/3975/1373
f 2380/3979/1374 2414/3980/1374 2412/3978/1374 2382/3977/1374
f 2378/3981/1375 2410/3982/1375 2414/3980/1375 2380/3979/1375
f 2377/3983/1376 2409/3984/1376 2410/3982/1376 2378/3981/1376
f 2379/3985/1377 2411/3986/1377 2409/3984/1377 2377/3983/1377
f 2383/3987/1378 2415/3988/1378 2411/3986/1378 2379/3985/1378
f 2381/3989/1379 2413/3990/1379 2415/3988/1379 2383/3987/1379
f 2391/3991/1380 2423/3992/1380 2413/3990/1380 2381/3989/1380
f 2385/3993/1381 2417/3994/1381 2423/3992/1381 2391/3991/1381
f 2390/3995/1382 2421/3996/1382 2417/3994/1382 2385/3993/1382
f 2388/3997/1383 2419/3998/1383 2421/3996/1383 2390/3995/1383
f 2407/3999/1384 2439/4000/1384 2419/3998/1384 2388/3997/1384
f 2393/4001/1385 2425/4002/1385 2439/4000/1385 2407/3999/1385
f 2397/4003/1386 2429/4004/1386 2425/4002/1386 2393/4001/1386
f 2395/4005/1387 2427/4006/1387 2429/4004/1387 2397/4003/1387
f 2405/4007/1388 2438/4008/1388 2427/4006/1388 2395/4005/1388
f 2405/4007/1389 2399/4009/1389 2431/4010/1389 2438/4008/1389
f 2399/4009/1390 2403/4011/1390 2436/4012/1390 2431/4010/1390
f 2403/4011/1391 2401/4013/1391 2434/4014/1391 2436/4012/1391
f 2401/4013/1392 2400/4015/1392 2432/4016/1392 2434/4014/1392
o Tilt_Motor_body
v 73.000000 -58.000004 21.000000
v 113.000000 -58.000004 21.000000
v 73.000000 -58.000004 -21.000000
v 113.000000 -58.000004 -21.000000
v 72.999992 -100.000000 21.000000
v 112.999992 -100.000008 21.000000
v 72.999992 -100.000000 -21.000000
v 112.999992 -100.000008 -21.000000
vn -0.0000 1.0000 -0.0000
vn -0.0000 -0.0000 -1.0000
vn -0.0000 -1.0000 -0.0000
vn -0.0000 -0.0000 1.0000
vn -1.0000 -0.0000 -0.0000
vn 1.0000 -0.0000 -0.0000
vt 0.375000 0.000000
vt 0.625000 0.000000
vt 0.625000 0.250000
vt 0.375000 0.250000
vt 0.625000 0.500000
vt 0.375000 0.500000
vt 0.625000 0.750000
vt 0.375000 0.750000
vt 0.625000 1.000000
vt 0.375000 1.000000
vt 0.125000 0.500000
vt 0.125000 0.750000
vt 0.875000 0.500000
vt 0.875000 0.750000
s 0
usemtl Motor_Body
f 2441/4017/1393 2442/4018/1393 2444/4019/1393 2443/4020/1393
f 2443/4020/1394 2444/4019/1394 2448/4021/1394 2447/4022/1394
f 2447/4022/1395 2448/4021/1395 2446/4023/1395 2445/4024/1395
f 2445/4024/1396 2446/4023/1396 2442/4025/1396 2441/4026/1396
f 2443/4027/1397 2447/4022/1397 2445/4024/1397 2441/4028/1397
f 2448/4021/1398 2444/4029/1398 2442/4030/1398 2446/4023/1398
o Tilt_Motor_shaft
v 67.000000 125.000000 -2.500000
v 91.000000 125.000000 -2.500000
v 67.000000 124.512276 -2.451963
v 91.000000 124.512276 -2.451963
v 67.000000 124.043289 -2.309699
v 91.000000 124.043289 -2.309699
v 67.000000 123.611076 -2.078674
v 91.000000 123.611076 -2.078674
v 67.000000 123.232231 -1.767767
v 91.000000 123.232231 -1.767767
v 67.000000 122.921326 -1.388926
v 91.000000 122.921326 -1.388926
v 67.000000 122.690300 -0.956709
v 91.000000 122.690300 -0.956709
v 67.000000 122.548035 -0.487726
v 91.000000 122.548035 -0.487726
v 67.000000 122.500000 0.000000
v 91.000000 122.500000 0.000000
v 67.000000 122.548035 0.487726
v 91.000000 122.548035 0.487726
v 67.000000 122.690300 0.956709
v 91.000000 122.690300 0.956709
v 67.000000 122.921326 1.388926
v 91.000000 122.921326 1.388926
v 67.000000 123.232231 1.767767
v 91.000000 123.232231 1.767767
v 67.000000 123.611076 2.078674
v 91.000000 123.611076 2.078674
v 67.000000 124.043289 2.309699
v 91.000000 124.043289 2.309699
v 67.000000 124.512276 2.451963
v 91.000000 124.512276 2.451963
v 67.000000 125.000000 2.500000
v 91.000000 125.000000 2.500000
v 67.000000 125.487724 2.451963
v 91.000000 125.487724 2.451963
v 67.000000 125.956711 2.309699
v 91.000000 125.956711 2.309699
v 67.000000 126.388924 2.078674
v 91.000000 126.388924 2.078674
v 67.000000 126.767769 1.767767
v 91.000000 126.767769 1.767767
v 67.000000 127.078674 1.388926
v 91.000000 127.078674 1.388926
v 67.000000 127.309700 0.956709
v 91.000000 127.309700 0.956709
v 67.000000 127.451965 0.487726
v 91.000000 127.451965 0.487726
v 67.000000 127.500000 0.000000
v 91.000000 127.500000 0.000000
v 67.000000 127.451965 -0.487726
v 91.000000 127.451965 -0.487726
v 67.000000 127.309700 -0.956709
v 91.000000 127.309700 -0.956709
v 67.000000 127.078674 -1.388926
v 91.000000 127.078674 -1.388926
v 67.000000 126.767769 -1.767767
v 91.000000 126.767769 -1.767767
v 67.000000 126.388924 -2.078674
v 91.000000 126.388924 -2.078674
v 67.000000 125.956711 -2.309699
v 91.000000 125.956711 -2.309699
v 67.000000 125.487724 -2.451963
v 91.000000 125.487724 -2.451963
vn -0.0000 -0.0980 -0.9952
vn -0.0000 -0.2903 -0.9569
vn -0.0000 -0.4714 -0.8819
vn -0.0000 -0.6344 -0.7730
vn -0.0000 -0.7730 -0.6344
vn -0.0000 -0.8819 -0.4714
vn -0.0000 -0.9569 -0.2903
vn -0.0000 -0.9952 -0.0980
vn -0.0000 -0.9952 0.0980
vn -0.0000 -0.9569 0.2903
vn -0.0000 -0.8819 0.4714
vn -0.0000 -0.7730 0.6344
vn -0.0000 -0.6344 0.7730
vn -0.0000 -0.4714 0.8819
vn -0.0000 -0.2903 0.9569
vn -0.0000 -0.0980 0.9952
vn -0.0000 0.0980 0.9952
vn -0.0000 0.2903 0.9569
vn -0.0000 0.4714 0.8819
vn -0.0000 0.6344 0.7730
vn -0.0000 0.7730 0.6344
vn -0.0000 0.8819 0.4714
vn -0.0000 0.9569 0.2903
vn -0.0000 0.9952 0.0980
vn -0.0000 0.9952 -0.0980
vn -0.0000 0.9569 -0.2903
vn -0.0000 0.8819 -0.4714
vn -0.0000 0.7730 -0.6344
vn -0.0000 0.6344 -0.7730
vn -0.0000 0.4714 -0.8819
vn 1.0000 -0.0000 -0.0000
vn -0.0000 0.2903 -0.9569
vn -0.0000 0.0980 -0.9952
vn -1.0000 -0.0000 -0.0000
vt 1.000000 0.500000
vt 1.000000 1.000000
vt 0.968750 1.000000
vt 0.968750 0.500000
vt 0.937500 1.000000
vt 0.937500 0.500000
vt 0.906250 1.000000
vt 0.906250 0.500000
vt 0.875000 1.000000
vt 0.875000 0.500000
vt 0.843750 1.000000
vt 0.843750 0.500000
vt 0.812500 1.000000
vt 0.812500 0.500000
vt 0.781250 1.000000
vt 0.781250 0.500000
vt 0.750000 1.000000
vt 0.750000 0.500000
vt 0.718750 1.000000
vt 0.718750 0.500000
vt 0.687500 1.000000
vt 0.687500 0.500000
vt 0.656250 1.000000
vt 0.656250 0.500000
vt 0.625000 1.000000
vt 0.625000 0.500000
vt 0.593750 1.000000
vt 0.593750 0.500000
vt 0.562500 1.000000
vt 0.562500 0.500000
vt 0.531250 1.000000
vt 0.531250 0.500000
vt 0.500000 1.000000
vt 0.500000 0.500000
vt 0.468750 1.000000
vt 0.468750 0.500000
vt 0.437500 1.000000
vt 0.437500 0.500000
vt 0.406250 1.000000
vt 0.406250 0.500000
vt 0.375000 1.000000
vt 0.375000 0.500000
vt 0.343750 1.000000
vt 0.343750 0.500000
vt 0.312500 1.000000
vt 0.312500 0.500000
vt 0.281250 1.000000
vt 0.281250 0.500000
vt 0.250000 1.000000
vt 0.250000 0.500000
vt 0.218750 1.000000
vt 0.218750 0.500000
vt 0.187500 1.000000
vt 0.187500 0.500000
vt 0.156250 1.000000
vt 0.156250 0.500000
vt 0.125000 1.000000
vt 0.125000 0.500000
vt 0.093750 1.000000
vt 0.093750 0.500000
vt 0.062500 1.000000
vt 0.062500 0.500000
vt 0.296822 0.485388
vt 0.250000 0.490000
vt 0.203178 0.485388
vt 0.158156 0.471731
vt 0.116663 0.449553
vt 0.080294 0.419706
vt 0.050447 0.383337
vt 0.028269 0.341844
vt 0.014612 0.296822
vt 0.010000 0.250000
vt 0.014612 0.203178
vt 0.028269 0.158156
vt 0.050447 0.116663
vt 0.080294 0.080294
vt 0.116663 0.050447
vt 0.158156 0.028269
vt 0.203178 0.014612
vt 0.250000 0.010000
vt 0.296822 0.014612
vt 0.341844 0.028269
vt 0.383337 0.050447
vt 0.419706 0.080294
vt 0.449553 0.116663
vt 0.471731 0.158156
vt 0.485388 0.203178
vt 0.490000 0.250000
vt 0.485388 0.296822
vt 0.471731 0.341844
vt 0.449553 0.383337
vt 0.419706 0.419706
vt 0.383337 0.449553
vt 0.341844 0.471731
vt 0.031250 1.000000
vt 0.031250 0.500000
vt 0.000000 1.000000
vt 0.000000 0.500000
vt 0.750000 0.490000
vt 0.796822 0.485388
vt 0.841844 0.471731
vt 0.883337 0.449553
vt 0.919706 0.419706
vt 0.949553 0.383337
vt 0.971731 0.341844
vt 0.985388 0.296822
vt 0.990000 0.250000
vt 0.985388 0.203178
vt 0.971731 0.158156
vt 0.949553 0.116663
vt 0.919706 0.080294
vt 0.883337 0.050447
vt 0.841844 0.028269
vt 0.796822 0.014612
vt 0.750000 0.010000
vt 0.703178 0.014612
vt 0.658156 0.028269
vt 0.616663 0.050447
vt 0.580294 0.080294
vt 0.550447 0.116663
vt 0.528269 0.158156
vt 0.514612 0.203178
vt 0.510000 0.250000
vt 0.514612 0.296822
vt 0.528269 0.341844
vt 0.550447 0.383337
vt 0.580294 0.419706
vt 0.616663 0.449553
vt 0.658156 0.471731
vt 0.703178 0.485388
s 0
usemtl Motor_Shaft
f 2449/4031/1399 2450/4032/1399 2452/4033/1399 2451/4034/1399
f 2451/4034/1400 2452/4033/1400 2454/4035/1400 2453/4036/1400
f 2453/4036/1401 2454/4035/1401 2456/4037/1401 2455/4038/1401
f 2455/4038/1402 2456/4037/1402 2458/4039/1402 2457/4040/1402
f 2457/4040/1403 2458/4039/1403 2460/4041/1403 2459/4042/1403
f 2459/4042/1404 2460/4041/1404 2462/4043/1404 2461/4044/1404
f 2461/4044/1405 2462/4043/1405 2464/4045/1405 2463/4046/1405
f 2463/4046/1406 2464/4045/1406 2466/4047/1406 2465/4048/1406
f 2465/4048/1407 2466/4047/1407 2468/4049/1407 2467/4050/1407
f 2467/4050/1408 2468/4049/1408 2470/4051/1408 2469/4052/1408
f 2469/4052/1409 2470/4051/1409 2472/4053/1409 2471/4054/1409
f 2471/4054/1410 2472/4053/1410 2474/4055/1410 2473/4056/1410
f 2473/4056/1411 2474/4055/1411 2476/4057/1411 2475/4058/1411
f 2475/4058/1412 2476/4057/1412 2478/4059/1412 2477/4060/1412
f 2477/4060/1413 2478/4059/1413 2480/4061/1413 2479/4062/1413
f 2479/4062/1414 2480/4061/1414 2482/4063/1414 2481/4064/1414
f 2481/4064/1415 2482/4063/1415 2484/4065/1415 2483/4066/1415
f 2483/4066/1416 2484/4065/1416 2486/4067/1416 2485/4068/1416
f 2485/4068/1417 2486/4067/1417 2488/4069/1417 2487/4070/1417
f 2487/4070/1418 2488/4069/1418 2490/4071/1418 2489/4072/1418
f 2489/4072/1419 2490/4071/1419 2492/4073/1419 2491/4074/1419
f 2491/4074/1420 2492/4073/1420 2494/4075/1420 2493/4076/1420
f 2493/4076/1421 2494/4075/1421 2496/4077/1421 2495/4078/1421
f 2495/4078/1422 2496/4077/1422 2498/4079/1422 2497/4080/1422
f 2497/4080/1423 2498/4079/1423 2500/4081/1423 2499/4082/1423
f 2499/4082/1424 2500/4081/1424 2502/4083/1424 2501/4084/1424
f 2501/4084/1425 2502/4083/1425 2504/4085/1425 2503/4086/1425
f 2503/4086/1426 2504/4085/1426 2506/4087/1426 2505/4088/1426
f 2505/4088/1427 2506/4087/1427 2508/4089/1427 2507/4090/1427
f 2507/4090/1428 2508/4089/1428 2510/4091/1428 2509/4092/1428
f 2452/4093/1429 2450/4094/1429 2512/4095/1429 2510/4096/1429 2508/4097/1429 2506/4098/1429 2504/4099/1429 2502/4100/1429 2500/4101/1429 2498/4102/1429 2496/4103/1429 2494/4104/1429 2492/4105/1429 2490/4106/1429 2488/4107/1429 2486/4108/1429 2484/4109/1429 2482/4110/1429 2480/4111/1429 2478/4112/1429 2476/4113/1429 2474/4114/1429 2472/4115/1429 2470/4116/1429 2468/4117/1429 2466/4118/1429 2464/4119/1429 2462/4120/1429 2460/4121/1429 2458/4122/1429 2456/4123/1429 2454/4124/1429
f 2509/4092/1430 2510/4091/1430 2512/4125/1430 2511/4126/1430
f 2511/4126/1431 2512/4125/1431 2450/4127/1431 2449/4128/1431
f 2449/4129/1432 2451/4130/1432 2453/4131/1432 2455/4132/1432 2457/4133/1432 2459/4134/1432 2461/4135/1432 2463/4136/1432 2465/4137/1432 2467/4138/1432 2469/4139/1432 2471/4140/1432 2473/4141/1432 2475/4142/1432 2477/4143/1432 2479/4144/1432 2481/4145/1432 2483/4146/1432 2485/4147/1432 2487/4148/1432 2489/4149/1432 2491/4150/1432 2493/4151/1432 2495/4152/1432 2497/4153/1432 2499/4154/1432 2501/4155/1432 2503/4156/1432 2505/4157/1432 2507/4158/1432 2509/4159/1432 2511/4160/1432
o Tilt_Motor_flange
v 78.000000 114.000000 -11.000000
v 80.000000 114.000000 -11.000000
v 78.000000 111.854004 -10.788638
v 80.000000 111.854004 -10.788638
v 78.000000 109.790482 -10.162675
v 80.000000 109.790482 -10.162675
v 78.000000 107.888725 -9.146166
v 80.000000 107.888725 -9.146166
v 78.000000 106.221825 -7.778174
v 80.000000 106.221825 -7.778174
v 78.000000 104.853836 -6.111273
v 80.000000 104.853836 -6.111273
v 78.000000 103.837326 -4.209518
v 80.000000 103.837326 -4.209518
v 78.000000 103.211365 -2.145993
v 80.000000 103.211365 -2.145993
v 78.000000 103.000000 0.000000
v 80.000000 103.000000 0.000000
v 78.000000 103.211365 2.145993
v 80.000000 103.211365 2.145993
v 78.000000 103.837326 4.209518
v 80.000000 103.837326 4.209518
v 78.000000 104.853836 6.111273
v 80.000000 104.853836 6.111273
v 78.000000 106.221825 7.778174
v 80.000000 106.221825 7.778174
v 78.000000 107.888725 9.146166
v 80.000000 107.888725 9.146166
v 78.000000 109.790482 10.162675
v 80.000000 109.790482 10.162675
v 78.000000 111.854004 10.788638
v 80.000000 111.854004 10.788638
v 78.000000 114.000000 11.000000
v 80.000000 114.000000 11.000000
v 78.000000 116.145996 10.788638
v 80.000000 116.145996 10.788638
v 78.000000 118.209518 10.162675
v 80.000000 118.209518 10.162675
v 78.000000 120.111275 9.146166
v 80.000000 120.111275 9.146166
v 78.000000 121.778175 7.778174
v 80.000000 121.778175 7.778174
v 78.000000 123.146164 6.111273
v 80.000000 123.146164 6.111273
v 78.000000 124.162674 4.209518
v 80.000000 124.162674 4.209518
v 78.000000 124.788635 2.145993
v 80.000000 124.788635 2.145993
v 78.000000 125.000000 0.000000
v 80.000000 125.000000 0.000000
v 78.000000 124.788635 -2.145993
v 80.000000 124.788635 -2.145993
v 78.000000 124.162674 -4.209518
v 80.000000 124.162674 -4.209518
v 78.000000 123.146164 -6.111273
v 80.000000 123.146164 -6.111273
v 78.000000 121.778175 -7.778174
v 80.000000 121.778175 -7.778174
v 78.000000 120.111275 -9.146166
v 80.000000 120.111275 -9.146166
v 78.000000 118.209518 -10.162675
v 80.000000 118.209518 -10.162675
v 78.000000 116.145996 -10.788638
v 80.000000 116.145996 -10.788638
vn -0.0000 -0.0980 -0.9952
vn -0.0000 -0.2903 -0.9569
vn -0.0000 -0.4714 -0.8819
vn -0.0000 -0.6344 -0.7730
vn -0.0000 -0.7730 -0.6344
vn -0.0000 -0.8819 -0.4714
vn -0.0000 -0.9569 -0.2903
vn -0.0000 -0.9952 -0.0980
vn -0.0000 -0.9952 0.0980
vn -0.0000 -0.9569 0.2903
vn -0.0000 -0.8819 0.4714
vn -0.0000 -0.7730 0.6344
vn -0.0000 -0.6344 0.7730
vn -0.0000 -0.4714 0.8819
vn -0.0000 -0.2903 0.9569
vn -0.0000 -0.0980 0.9952
vn -0.0000 0.0980 0.9952
vn -0.0000 0.2903 0.9569
vn -0.0000 0.4714 0.8819
vn -0.0000 0.6344 0.7730
vn -0.0000 0.7730 0.6344
vn -0.0000 0.8819 0.4714
vn -0.0000 0.9569 0.2903
vn -0.0000 0.9952 0.0980
vn -0.0000 0.9952 -0.0980
vn -0.0000 0.9569 -0.2903
vn -0.0000 0.8819 -0.4714
vn -0.0000 0.7730 -0.6344
vn -0.0000 0.6344 -0.7730
vn -0.0000 0.4714 -0.8819
vn 1.0000 -0.0000 -0.0000
vn -0.0000 0.2903 -0.9569
vn -0.0000 0.0980 -0.9952
vn -1.0000 -0.0000 -0.0000
vt 1.000000 0.500000
vt 1.000000 1.000000
vt 0.968750 1.000000
vt 0.968750 0.500000
vt 0.937500 1.000000
vt 0.937500 0.500000
vt 0.906250 1.000000
vt 0.906250 0.500000
vt 0.875000 1.000000
vt 0.875000 0.500000
vt 0.843750 1.000000
vt 0.843750 0.500000
vt 0.812500 1.000000
vt 0.812500 0.500000
vt 0.781250 1.000000
vt 0.781250 0.500000
vt 0.750000 1.000000
vt 0.750000 0.500000
vt 0.718750 1.000000
vt 0.718750 0.500000
vt 0.687500 1.000000
vt 0.687500 0.500000
vt 0.656250 1.000000
vt 0.656250 0.500000
vt 0.625000 1.000000
vt 0.625000 0.500000
vt 0.593750 1.000000
vt 0.593750 0.500000
vt 0.562500 1.000000
vt 0.562500 0.500000
vt 0.531250 1.000000
vt 0.531250 0.500000
vt 0.500000 1.000000
vt 0.500000 0.500000
vt 0.468750 1.000000
vt 0.468750 0.500000
vt 0.437500 1.000000
vt 0.437500 0.500000
vt 0.406250 1.000000
vt 0.406250 0.500000
vt 0.375000 1.000000
vt 0.375000 0.500000
vt 0.343750 1.000000
vt 0.343750 0.500000
vt 0.312500 1.000000
vt 0.312500 0.500000
vt 0.281250 1.000000
vt 0.281250 0.500000
vt 0.250000 1.000000
vt 0.250000 0.500000
vt 0.218750 1.000000
vt 0.218750 0.500000
vt 0.187500 1.000000
vt 0.187500 0.500000
vt 0.156250 1.000000
vt 0.156250 0.500000
vt 0.125000 1.000000
vt 0.125000 0.500000
vt 0.093750 1.000000
vt 0.093750 0.500000
vt 0.062500 1.000000
vt 0.062500 0.500000
vt 0.296822 0.485388
vt 0.250000 0.490000
vt 0.203178 0.485388
vt 0.158156 0.471731
vt 0.116663 0.449553
vt 0.080294 0.419706
vt 0.050447 0.383337
vt 0.028269 0.341844
vt 0.014612 0.296822
vt 0.010000 0.250000
vt 0.014612 0.203178
vt 0.028269 0.158156
vt 0.050447 0.116663
vt 0.080294 0.080294
vt 0.116663 0.050447
vt 0.158156 0.028269
vt 0.203178 0.014612
vt 0.250000 0.010000
vt 0.296822 0.014612
vt 0.341844 0.028269
vt 0.383337 0.050447
vt 0.419706 0.080294
vt 0.449553 0.116663
vt 0.471731 0.158156
vt 0.485388 0.203178
vt 0.490000 0.250000
vt 0.485388 0.296822
vt 0.471731 0.341844
vt 0.449553 0.383337
vt 0.419706 0.419706
vt 0.383337 0.449553
vt 0.341844 0.471731
vt 0.031250 1.000000
vt 0.031250 0.500000
vt 0.000000 1.000000
vt 0.000000 0.500000
vt 0.750000 0.490000
vt 0.796822 0.485388
vt 0.841844 0.471731
vt 0.883337 0.449553
vt 0.919706 0.419706
vt 0.949553 0.383337
vt 0.971731 0.341844
vt 0.985388 0.296822
vt 0.990000 0.250000
vt 0.985388 0.203178
vt 0.971731 0.158156
vt 0.949553 0.116663
vt 0.919706 0.080294
vt 0.883337 0.050447
vt 0.841844 0.028269
vt 0.796822 0.014612
vt 0.750000 0.010000
vt 0.703178 0.014612
vt 0.658156 0.028269
vt 0.616663 0.050447
vt 0.580294 0.080294
vt 0.550447 0.116663
vt 0.528269 0.158156
vt 0.514612 0.203178
vt 0.510000 0.250000
vt 0.514612 0.296822
vt 0.528269 0.341844
vt 0.550447 0.383337
vt 0.580294 0.419706
vt 0.616663 0.449553
vt 0.658156 0.471731
vt 0.703178 0.485388
s 0
usemtl Motor_Body
f 2513/4161/1433 2514/4162/1433 2516/4163/1433 2515/4164/1433
f 2515/4164/1434 2516/4163/1434 2518/4165/1434 2517/4166/1434
f 2517/4166/1435 2518/4165/1435 2520/4167/1435 2519/4168/1435
f 2519/4168/1436 2520/4167/1436 2522/4169/1436 2521/4170/1436
f 2521/4170/1437 2522/4169/1437 2524/4171/1437 2523/4172/1437
f 2523/4172/1438 2524/4171/1438 2526/4173/1438 2525/4174/1438
f 2525/4174/1439 2526/4173/1439 2528/4175/1439 2527/4176/1439
f 2527/4176/1440 2528/4175/1440 2530/4177/1440 2529/4178/1440
f 2529/4178/1441 2530/4177/1441 2532/4179/1441 2531/4180/1441
f 2531/4180/1442 2532/4179/1442 2534/4181/1442 2533/4182/1442
f 2533/4182/1443 2534/4181/1443 2536/4183/1443 2535/4184/1443
f 2535/4184/1444 2536/4183/1444 2538/4185/1444 2537/4186/1444
f 2537/4186/1445 2538/4185/1445 2540/4187/1445 2539/4188/1445
f 2539/4188/1446 2540/4187/1446 2542/4189/1446 2541/4190/1446
f 2541/4190/1447 2542/4189/1447 2544/4191/1447 2543/4192/1447
f 2543/4192/1448 2544/4191/1448 2546/4193/1448 2545/4194/1448
f 2545/4194/1449 2546/4193/1449 2548/4195/1449 2547/4196/1449
f 2547/4196/1450 2548/4195/1450 2550/4197/1450 2549/4198/1450
f 2549/4198/1451 2550/4197/1451 2552/4199/1451 2551/4200/1451
f 2551/4200/1452 2552/4199/1452 2554/4201/1452 2553/4202/1452
f 2553/4202/1453 2554/4201/1453 2556/4203/1453 2555/4204/1453
f 2555/4204/1454 2556/4203/1454 2558/4205/1454 2557/4206/1454
f 2557/4206/1455 2558/4205/1455 2560/4207/1455 2559/4208/1455
f 2559/4208/1456 2560/4207/1456 2562/4209/1456 2561/4210/1456
f 2561/4210/1457 2562/4209/1457 2564/4211/1457 2563/4212/1457
f 2563/4212/1458 2564/4211/1458 2566/4213/1458 2565/4214/1458
f 2565/4214/1459 2566/4213/1459 2568/4215/1459 2567/4216/1459
f 2567/4216/1460 2568/4215/1460 2570/4217/1460 2569/4218/1460
f 2569/4218/1461 2570/4217/1461 2572/4219/1461 2571/4220/1461
f 2571/4220/1462 2572/4219/1462 2574/4221/1462 2573/4222/1462
f 2516/4223/1463 2514/4224/1463 2576/4225/1463 2574/4226/1463 2572/4227/1463 2570/4228/1463 2568/4229/1463 2566/4230/1463 2564/4231/1463 2562/4232/1463 2560/4233/1463 2558/4234/1463 2556/4235/1463 2554/4236/1463 2552/4237/1463 2550/4238/1463 2548/4239/1463 2546/4240/1463 2544/4241/1463 2542/4242/1463 2540/4243/1463 2538/4244/1463 2536/4245/1463 2534/4246/1463 2532/4247/1463 2530/4248/1463 2528/4249/1463 2526/4250/1463 2524/4251/1463 2522/4252/1463 2520/4253/1463 2518/4254/1463
f 2573/4222/1464 2574/4221/1464 2576/4255/1464 2575/4256/1464
f 2575/4256/1465 2576/4255/1465 2514/4257/1465 2513/4258/1465
f 2513/4259/1466 2515/4260/1466 2517/4261/1466 2519/4262/1466 2521/4263/1466 2523/4264/1466 2525/4265/1466 2527/4266/1466 2529/4267/1466 2531/4268/1466 2533/4269/1466 2535/4270/1466 2537/4271/1466 2539/4272/1466 2541/4273/1466 2543/4274/1466 2545/4275/1466 2547/4276/1466 2549/4277/1466 2551/4278/1466 2553/4279/1466 2555/4280/1466 2557/4281/1466 2559/4282/1466 2561/4283/1466 2563/4284/1466 2565/4285/1466 2567/4286/1466 2569/4287/1466 2571/4288/1466 2573/4289/1466 2575/4290/1466
o Tilt_Motor_connector
v 67.000000 -71.000000 5.000000
v 73.000000 -71.000000 5.000000
v 67.000000 -71.000000 -5.000000
v 73.000000 -71.000000 -5.000000
v 67.000000 -87.000000 5.000000
v 73.000000 -87.000000 5.000000
v 67.000000 -87.000000 -5.000000
v 73.000000 -87.000000 -5.000000
vn -0.0000 1.0000 -0.0000
vn -0.0000 -0.0000 -1.0000
vn -0.0000 -1.0000 -0.0000
vn -0.0000 -0.0000 1.0000
vn -1.0000 -0.0000 -0.0000
vn 1.0000 -0.0000 -0.0000
vt 0.375000 0.000000
vt 0.625000 0.000000
vt 0.625000 0.250000
vt 0.375000 0.250000
vt 0.625000 0.500000
vt 0.375000 0.500000
vt 0.625000 0.750000
vt 0.375000 0.750000
vt 0.625000 1.000000
vt 0.375000 1.000000
vt 0.125000 0.500000
vt 0.125000 0.750000
vt 0.875000 0.500000
vt 0.875000 0.750000
s 0
usemtl Connector
f 2577/4291/1467 2578/4292/1467 2580/4293/1467 2579/4294/1467
f 2579/4294/1468 2580/4293/1468 2584/4295/1468 2583/4296/1468
f 2583/4296/1469 2584/4295/1469 2582/4297/1469 2581/4298/1469
f 2581/4298/1470 2582/4297/1470 2578/4299/1470 2577/4300/1470
f 2579/4301/1471 2583/4296/1471 2581/4298/1471 2577/4302/1471
f 2584/4295/1472 2580/4303/1472 2578/4304/1472 2582/4297/1472
o Tilt_Motor_Bracket
v 57.000000 68.000000 23.000000
v 57.000000 70.000000 25.000000
v 55.000000 70.000000 23.000000
v 57.000000 68.152237 23.765368
v 57.000000 68.585785 24.414213
v 56.234634 68.152237 23.000000
v 56.215454 68.335976 23.784548
v 56.255260 68.687492 24.312510
v 55.845299 68.845299 24.154701
v 56.234634 70.000000 24.847759
v 55.585785 70.000000 24.414213
v 57.000000 69.234634 24.847759
v 56.215454 69.215454 24.664022
v 55.687492 69.255257 24.312510
v 55.152241 69.234634 23.000000
v 55.585785 68.585785 23.000000
v 55.152241 70.000000 23.765368
v 55.335979 69.215454 23.784548
v 55.687492 68.687492 23.744741
v 57.000000 116.000000 25.000000
v 57.000000 118.000000 23.000000
v 55.000000 116.000000 23.000000
v 57.000000 116.765366 24.847759
v 57.000000 117.414215 24.414213
v 56.234634 116.000000 24.847759
v 56.215454 116.784546 24.664022
v 56.255260 117.312508 24.312510
v 55.845299 117.154701 24.154701
v 56.234634 117.847763 23.000000
v 55.585785 117.414215 23.000000
v 57.000000 117.847763 23.765368
v 56.215454 117.664024 23.784548
v 55.687492 117.312508 23.744741
v 55.152241 116.000000 23.765368
v 55.585785 116.000000 24.414213
v 55.152241 116.765366 23.000000
v 55.335979 116.784546 23.784548
v 55.687492 116.744743 24.312510
v 57.000000 68.000000 -23.000000
v 55.000000 70.000000 -23.000000
v 57.000000 70.000000 -25.000000
v 56.234634 68.152237 -23.000000
v 55.585785 68.585785 -23.000000
v 57.000000 68.152237 -23.765368
v 56.215454 68.335976 -23.784548
v 55.687492 68.687492 -23.744741
v 55.845299 68.845299 -24.154701
v 55.152241 70.000000 -23.765368
v 55.585785 70.000000 -24.414213
v 55.152241 69.234634 -23.000000
v 55.335979 69.215454 -23.784548
v 55.687492 69.255257 -24.312510
v 57.000000 69.234634 -24.847759
v 57.000000 68.585785 -24.414213
v 56.234634 70.000000 -24.847759
v 56.215454 69.215454 -24.664022
v 56.255260 68.687492 -24.312510
v 57.000000 118.000000 -23.000000
v 57.000000 116.000000 -25.000000
v 55.000000 116.000000 -23.000000
v 57.000000 117.847763 -23.765368
v 57.000000 117.414215 -24.414213
v 56.234634 117.847763 -23.000000
v 56.215454 117.664024 -23.784548
v 56.255260 117.312508 -24.312510
v 55.845299 117.154701 -24.154701
v 56.234634 116.000000 -24.847759
v 55.585785 116.000000 -24.414213
v 57.000000 116.765366 -24.847759
v 56.215454 116.784546 -24.664022
v 55.687492 116.744743 -24.312510
v 55.152241 116.765366 -23.000000
v 55.585785 117.414215 -23.000000
v 55.152241 116.000000 -23.765368
v 55.335979 116.784546 -23.784548
v 55.687492 117.312508 -23.744741
v 63.000000 68.000000 23.000000
v 65.000000 70.000000 23.000000
v 63.000000 70.000000 25.000000
v 63.765366 68.152237 23.000000
v 64.414215 68.585785 23.000000
v 63.000000 68.152237 23.765368
v 63.784546 68.335976 23.784548
v 64.312508 68.687492 23.744741
v 64.154701 68.845299 24.154701
v 64.847763 70.000000 23.765368
v 64.414215 70.000000 24.414213
v 64.847763 69.234634 23.000000
v 64.664024 69.215454 23.784548
v 64.312508 69.255257 24.312510
v 63.000000 69.234634 24.847759
v 63.000000 68.585785 24.414213
v 63.765366 70.000000 24.847759
v 63.784546 69.215454 24.664022
v 63.744740 68.687492 24.312510
v 63.000000 118.000000 23.000000
v 63.000000 116.000000 25.000000
v 65.000000 116.000000 23.000000
v 63.000000 117.847763 23.765368
v 63.000000 117.414215 24.414213
v 63.765366 117.847763 23.000000
v 63.784546 117.664024 23.784548
v 63.744740 117.312508 24.312510
v 64.154701 117.154701 24.154701
v 63.765366 116.000000 24.847759
v 64.414215 116.000000 24.414213
v 63.000000 116.765366 24.847759
v 63.784546 116.784546 24.664022
v 64.312508 116.744743 24.312510
v 64.847763 116.765366 23.000000
v 64.414215 117.414215 23.000000
v 64.847763 116.000000 23.765368
v 64.664024 116.784546 23.784548
v 64.312508 117.312508 23.744741
v 63.000000 68.000000 -23.000000
v 63.000000 70.000000 -25.000000
v 65.000000 70.000000 -23.000000
v 63.000000 68.152237 -23.765368
v 63.000000 68.585785 -24.414213
v 63.765366 68.152237 -23.000000
v 63.784546 68.335976 -23.784548
v 63.744740 68.687492 -24.312510
v 64.154701 68.845299 -24.154701
v 63.765366 70.000000 -24.847759
v 64.414215 70.000000 -24.414213
v 63.000000 69.234634 -24.847759
v 63.784546 69.215454 -24.664022
v 64.312508 69.255257 -24.312510
v 64.847763 69.234634 -23.000000
v 64.414215 68.585785 -23.000000
v 64.847763 70.000000 -23.765368
v 64.664024 69.215454 -23.784548
v 64.312508 68.687492 -23.744741
v 63.000000 118.000000 -23.000000
v 65.000000 116.000000 -23.000000
v 63.000000 116.000000 -25.000000
v 63.765366 117.847763 -23.000000
v 64.414215 117.414215 -23.000000
v 63.000000 117.847763 -23.765368
v 63.784546 117.664024 -23.784548
v 64.312508 117.312508 -23.744741
v 64.154701 117.154701 -24.154701
v 64.847763 116.000000 -23.765368
v 64.414215 116.000000 -24.414213
v 64.847763 116.765366 -23.000000
v 64.664024 116.784546 -23.784548
v 64.312508 116.744743 -24.312510
v 63.000000 116.765366 -24.847759
v 63.000000 117.414215 -24.414213
v 63.765366 116.000000 -24.847759
v 63.784546 116.784546 -24.664022
v 63.744740 117.312508 -24.312510
vn -0.2049 -0.9571 0.2049
vn -0.1818 -0.8152 0.5500
vn -0.5500 -0.8152 0.1818
vn -0.4931 -0.7167 0.4931
vn -0.2049 -0.2049 0.9571
vn -0.5500 -0.1818 0.8152
vn -0.1818 -0.5500 0.8152
vn -0.4931 -0.4931 0.7167
vn -0.9571 -0.2049 0.2049
vn -0.8152 -0.5500 0.1818
vn -0.8152 -0.1818 0.5499
vn -0.7167 -0.4931 0.4931
vn -0.2049 0.2049 0.9571
vn -0.1818 0.5500 0.8152
vn -0.5500 0.1818 0.8152
vn -0.4931 0.4931 0.7167
vn -0.2049 0.9571 0.2049
vn -0.5500 0.8152 0.1818
vn -0.1818 0.8152 0.5500
vn -0.4931 0.7167 0.4931
vn -0.9571 0.2049 0.2049
vn -0.8152 0.1818 0.5499
vn -0.8152 0.5499 0.1818
vn -0.7167 0.4931 0.4931
vn -0.2049 -0.9571 -0.2049
vn -0.5500 -0.8152 -0.1818
vn -0.1818 -0.8152 -0.5500
vn -0.4931 -0.7167 -0.4931
vn -0.9571 -0.2049 -0.2049
vn -0.8152 -0.1818 -0.5499
vn -0.8152 -0.5500 -0.1818
vn -0.7167 -0.4931 -0.4931
vn -0.2049 -0.2049 -0.9571
vn -0.1818 -0.5500 -0.8152
vn -0.5500 -0.1818 -0.8152
vn -0.4931 -0.4931 -0.7167
vn -0.2049 0.9571 -0.2049
vn -0.1818 0.8152 -0.5500
vn -0.5500 0.8152 -0.1818
vn -0.4931 0.7167 -0.4931
vn -0.2049 0.2049 -0.9571
vn -0.5500 0.1818 -0.8152
vn -0.1818 0.5500 -0.8152
vn -0.4931 0.4931 -0.7167
vn -0.9571 0.2049 -0.2049
vn -0.8152 0.5499 -0.1818
vn -0.8152 0.1818 -0.5499
vn -0.7167 0.4931 -0.4931
vn 0.2049 -0.9571 0.2049
vn 0.5500 -0.8152 0.1818
vn 0.1818 -0.8152 0.5500
vn 0.4931 -0.7167 0.4931
vn 0.9571 -0.2049 0.2049
vn 0.8152 -0.1818 0.5500
vn 0.8152 -0.5500 0.1818
vn 0.7167 -0.4931 0.4931
vn 0.2049 -0.2049 0.9571
vn 0.1818 -0.5500 0.8152
vn 0.5500 -0.1818 0.8152
vn 0.4931 -0.4931 0.7167
vn 0.2049 0.9571 0.2049
vn 0.1818 0.8152 0.5500
vn 0.5500 0.8152 0.1818
vn 0.4931 0.7167 0.4931
vn 0.2049 0.2049 0.9571
vn 0.5500 0.1818 0.8152
vn 0.1818 0.5500 0.8152
vn 0.4931 0.4931 0.7167
vn 0.9571 0.2049 0.2049
vn 0.8152 0.5500 0.1818
vn 0.8152 0.1818 0.5500
vn 0.7167 0.4931 0.4931
vn 0.2049 -0.9571 -0.2049
vn 0.1818 -0.8152 -0.5500
vn 0.5500 -0.8152 -0.1818
vn 0.4931 -0.7167 -0.4931
vn 0.2049 -0.2049 -0.9571
vn 0.5500 -0.1818 -0.8152
vn 0.1818 -0.5500 -0.8152
vn 0.4931 -0.4931 -0.7167
vn 0.9571 -0.2049 -0.2049
vn 0.8152 -0.5500 -0.1818
vn 0.8152 -0.1818 -0.5500
vn 0.7167 -0.4931 -0.4931
vn 0.2049 0.9571 -0.2049
vn 0.5500 0.8152 -0.1818
vn 0.1818 0.8152 -0.5500
vn 0.4931 0.7167 -0.4931
vn 0.9571 0.2049 -0.2049
vn 0.8152 0.1818 -0.5500
vn 0.8152 0.5500 -0.1818
vn 0.7167 0.4931 -0.4931
vn 0.2049 0.2049 -0.9571
vn 0.1818 0.5500 -0.8152
vn 0.5500 0.1818 -0.8152
vn 0.4931 0.4931 -0.7167
vn -0.1951 -0.9808 -0.0000
vn -0.5556 -0.8315 -0.0000
vn -0.8315 -0.5556 -0.0000
vn -0.9808 -0.1951 -0.0000
vn -0.1951 -0.0000 0.9808
vn -0.5556 -0.0000 0.8315
vn -0.8315 -0.0000 0.5556
vn -0.9808 -0.0000 0.1951
vn -0.1951 0.9808 -0.0000
vn -0.5556 0.8315 -0.0000
vn -0.8315 0.5556 -0.0000
vn -0.9808 0.1951 -0.0000
vn -0.1951 -0.0000 -0.9808
vn -0.5556 -0.0000 -0.8315
vn -0.8315 -0.0000 -0.5556
vn -0.9808 -0.0000 -0.1951
vn -0.0000 -0.9808 -0.1951
vn -0.0000 -0.8315 -0.5556
vn -0.0000 -0.5556 -0.8315
vn -0.0000 -0.1951 -0.9808
vn -0.0000 0.9808 -0.1951
vn -0.0000 0.8315 -0.5556
vn -0.0000 0.5556 -0.8315
vn -0.0000 0.1951 -0.9808
vn 0.9808 -0.0000 -0.1951
vn 0.8315 -0.0000 -0.5556
vn 0.5556 -0.0000 -0.8315
vn 0.1951 -0.0000 -0.9808
vn 0.1951 -0.9808 -0.0000
vn 0.5556 -0.8315 -0.0000
vn 0.8315 -0.5556 -0.0000
vn 0.9808 -0.1951 -0.0000
vn 0.1951 0.9808 -0.0000
vn 0.5556 0.8315 -0.0000
vn 0.8315 0.5556 -0.0000
vn 0.9808 0.1951 -0.0000
vn 0.1951 -0.0000 0.9808
vn 0.5556 -0.0000 0.8315
vn 0.8315 -0.0000 0.5556
vn 0.9808 -0.0000 0.1951
vn -0.0000 -0.9808 0.1951
vn -0.0000 -0.8315 0.5556
vn -0.0000 -0.5556 0.8315
vn -0.0000 -0.1951 0.9808
vn -0.0000 0.9808 0.1951
vn -0.0000 0.8315 0.5556
vn -0.0000 0.5556 0.8315
vn -0.0000 0.1951 0.9808
vn -0.0000 -1.0000 -0.0000
vn -1.0000 -0.0000 -0.0000
vn -0.0000 -0.0000 1.0000
vn -0.0000 1.0000 -0.0000
vn -0.0000 -0.0000 -1.0000
vn 1.0000 -0.0000 -0.0000
vt 0.175000 0.740000
vt 0.175000 0.743827
vt 0.155386 0.743923
vt 0.155866 0.740000
vt 0.175000 0.750000
vt 0.156382 0.750000
vt 0.125000 0.743724
vt 0.125000 0.740000
vt 0.146132 0.750000
vt 0.385000 0.950000
vt 0.385000 0.969134
vt 0.381077 0.969614
vt 0.381173 0.950000
vt 0.385000 1.000000
vt 0.381276 1.000000
vt 0.375000 0.968618
vt 0.375000 0.950000
vt 0.379227 1.000000
vt 0.385000 0.010000
vt 0.381173 0.010000
vt 0.381077 0.006077
vt 0.385000 0.006173
vt 0.375000 0.010000
vt 0.375000 0.006276
vt 0.381276 0.000000
vt 0.385000 0.000000
vt 0.375000 0.004226
vt 0.615000 0.950000
vt 0.618827 0.950000
vt 0.618923 0.969614
vt 0.615000 0.969134
vt 0.625000 0.950000
vt 0.625000 0.968619
vt 0.618724 1.000000
vt 0.615000 1.000000
vt 0.625000 0.978868
vt 0.825000 0.740000
vt 0.844134 0.740000
vt 0.844614 0.743923
vt 0.825000 0.743827
vt 0.875000 0.740000
vt 0.875000 0.743724
vt 0.843618 0.750000
vt 0.825000 0.750000
vt 0.875000 0.745774
vt 0.615000 0.010000
vt 0.615000 0.006173
vt 0.618923 0.006077
vt 0.618827 0.010000
vt 0.615000 0.000000
vt 0.618724 0.000000
vt 0.625000 0.006276
vt 0.625000 0.010000
vt 0.620773 0.000000
vt 0.175000 0.510000
vt 0.155866 0.510000
vt 0.155386 0.506077
vt 0.175000 0.506173
vt 0.125000 0.510000
vt 0.125000 0.506276
vt 0.156382 0.500000
vt 0.175000 0.500000
vt 0.125000 0.504227
vt 0.385000 0.240000
vt 0.385000 0.243827
vt 0.381077 0.243923
vt 0.381173 0.240000
vt 0.385000 0.250000
vt 0.381276 0.250000
vt 0.375000 0.243724
vt 0.375000 0.240000
vt 0.377113 0.260566
vt 0.385000 0.300000
vt 0.381173 0.300000
vt 0.381077 0.280386
vt 0.385000 0.280866
vt 0.375000 0.300000
vt 0.375000 0.281382
vt 0.825000 0.510000
vt 0.825000 0.506173
vt 0.844614 0.506077
vt 0.844134 0.510000
vt 0.825000 0.500000
vt 0.843618 0.500000
vt 0.875000 0.506276
vt 0.875000 0.510000
vt 0.853868 0.500000
vt 0.615000 0.300000
vt 0.615000 0.280866
vt 0.618923 0.280386
vt 0.618827 0.300000
vt 0.615000 0.250000
vt 0.618724 0.250000
vt 0.625000 0.281381
vt 0.625000 0.300000
vt 0.622887 0.247887
vt 0.615000 0.240000
vt 0.618827 0.240000
vt 0.618923 0.243923
vt 0.615000 0.243827
vt 0.625000 0.240000
vt 0.625000 0.243724
vt 0.325000 0.740000
vt 0.344134 0.740000
vt 0.344614 0.743923
vt 0.325000 0.743827
vt 0.375000 0.740000
vt 0.375000 0.743724
vt 0.359309 0.765691
vt 0.350000 0.775000
vt 0.376409 0.755635
vt 0.385000 0.740000
vt 0.385000 0.743827
vt 0.381077 0.743923
vt 0.381173 0.740000
vt 0.385000 0.750000
vt 0.381276 0.750000
vt 0.385000 0.800000
vt 0.381173 0.800000
vt 0.381077 0.780386
vt 0.385000 0.780866
vt 0.675000 0.740000
vt 0.675000 0.743827
vt 0.655386 0.743923
vt 0.655866 0.740000
vt 0.650000 0.775000
vt 0.640691 0.765691
vt 0.625000 0.743724
vt 0.625000 0.740000
vt 0.630635 0.748591
vt 0.615000 0.800000
vt 0.615000 0.780866
vt 0.618923 0.780386
vt 0.618827 0.800000
vt 0.615000 0.750000
vt 0.618724 0.750000
vt 0.615000 0.740000
vt 0.618827 0.740000
vt 0.618923 0.743923
vt 0.615000 0.743827
vt 0.325000 0.510000
vt 0.325000 0.506173
vt 0.344614 0.506077
vt 0.344134 0.510000
vt 0.350000 0.475000
vt 0.359309 0.484309
vt 0.375000 0.506276
vt 0.375000 0.510000
vt 0.369365 0.501409
vt 0.385000 0.450000
vt 0.385000 0.469134
vt 0.381077 0.469614
vt 0.381173 0.450000
vt 0.385000 0.500000
vt 0.381276 0.500000
vt 0.385000 0.510000
vt 0.381173 0.510000
vt 0.381077 0.506077
vt 0.385000 0.506173
vt 0.675000 0.510000
vt 0.655866 0.510000
vt 0.655386 0.506077
vt 0.675000 0.506173
vt 0.625000 0.510000
vt 0.625000 0.506276
vt 0.640691 0.484309
vt 0.650000 0.475000
vt 0.623591 0.494365
vt 0.615000 0.510000
vt 0.615000 0.506173
vt 0.618923 0.506077
vt 0.618827 0.510000
vt 0.615000 0.500000
vt 0.618724 0.500000
vt 0.615000 0.450000
vt 0.618827 0.450000
vt 0.618923 0.469614
vt 0.615000 0.469134
s 0
usemtl Aluminum
f 2585/4305/1473 2588/4306/1473 2591/4307/1473 2590/4308/1473
f 2588/4306/1474 2589/4309/1474 2592/4310/1474 2591/4307/1474
f 2590/4308/1475 2591/4307/1475 2603/4311/1475 2600/4312/1475
f 2591/4307/1476 2592/4310/1476 2593/4313/1476 2603/4311/1476
f 2586/4314/1477 2594/4315/1477 2597/4316/1477 2596/4317/1477
f 2594/4315/1478 2595/4318/1478 2598/4319/1478 2597/4316/1478
f 2596/4317/1479 2597/4316/1479 2592/4320/1479 2589/4321/1479
f 2597/4316/1480 2598/4319/1480 2593/4322/1480 2592/4320/1480
f 2587/4323/1481 2599/4324/1481 2602/4325/1481 2601/4326/1481
f 2599/4324/1482 2600/4327/1482 2603/4328/1482 2602/4325/1482
f 2601/4326/1483 2602/4325/1483 2598/4329/1483 2595/4330/1483
f 2602/4325/1484 2603/4328/1484 2593/4331/1484 2598/4329/1484
f 2604/4332/1485 2607/4333/1485 2610/4334/1485 2609/4335/1485
f 2607/4333/1486 2608/4336/1486 2611/4337/1486 2610/4334/1486
f 2609/4335/1487 2610/4334/1487 2622/4338/1487 2619/4339/1487
f 2610/4334/1488 2611/4337/1488 2612/4340/1488 2622/4338/1488
f 2605/4341/1489 2613/4342/1489 2616/4343/1489 2615/4344/1489
f 2613/4342/1490 2614/4345/1490 2617/4346/1490 2616/4343/1490
f 2615/4344/1491 2616/4343/1491 2611/4347/1491 2608/4348/1491
f 2616/4343/1492 2617/4346/1492 2612/4349/1492 2611/4347/1492
f 2606/4350/1493 2618/4351/1493 2621/4352/1493 2620/4353/1493
f 2618/4351/1494 2619/4354/1494 2622/4355/1494 2621/4352/1494
f 2620/4353/1495 2621/4352/1495 2617/4356/1495 2614/4357/1495
f 2621/4352/1496 2622/4355/1496 2612/4358/1496 2617/4356/1496
f 2623/4359/1497 2626/4360/1497 2629/4361/1497 2628/4362/1497
f 2626/4360/1498 2627/4363/1498 2630/4364/1498 2629/4361/1498
f 2628/4362/1499 2629/4361/1499 2641/4365/1499 2638/4366/1499
f 2629/4361/1500 2630/4364/1500 2631/4367/1500 2641/4365/1500
f 2624/4368/1501 2632/4369/1501 2635/4370/1501 2634/4371/1501
f 2632/4369/1502 2633/4372/1502 2636/4373/1502 2635/4370/1502
f 2634/4371/1503 2635/4370/1503 2630/4374/1503 2627/4375/1503
f 2635/4370/1504 2636/4373/1504 2631/4376/1504 2630/4374/1504
f 2625/4377/1505 2637/4378/1505 2640/4379/1505 2639/4380/1505
f 2637/4378/1506 2638/4381/1506 2641/4382/1506 2640/4379/1506
f 2639/4380/1507 2640/4379/1507 2636/4373/1507 2633/4372/1507
f 2640/4379/1508 2641/4382/1508 2631/4376/1508 2636/4373/1508
f 2642/4383/1509 2645/4384/1509 2648/4385/1509 2647/4386/1509
f 2645/4384/1510 2646/4387/1510 2649/4388/1510 2648/4385/1510
f 2647/4386/1511 2648/4385/1511 2660/4389/1511 2657/4390/1511
f 2648/4385/1512 2649/4388/1512 2650/4391/1512 2660/4389/1512
f 2643/4392/1513 2651/4393/1513 2654/4394/1513 2653/4395/1513
f 2651/4393/1514 2652/4396/1514 2655/4397/1514 2654/4394/1514
f 2653/4395/1515 2654/4394/1515 2649/4398/1515 2646/4399/1515
f 2654/4394/1516 2655/4397/1516 2650/4400/1516 2649/4398/1516
f 2644/4401/1517 2656/4402/1517 2659/4403/1517 2658/4404/1517
f 2656/4402/1518 2657/4405/1518 2660/4406/1518 2659/4403/1518
f 2658/4404/1519 2659/4403/1519 2655/4397/1519 2652/4396/1519
f 2659/4403/1520 2660/4406/1520 2650/4400/1520 2655/4397/1520
f 2661/4407/1521 2664/4408/1521 2667/4409/1521 2666/4410/1521
f 2664/4408/1522 2665/4411/1522 2668/4412/1522 2667/4409/1522
f 2666/4410/1523 2667/4409/1523 2679/4413/1523 2676/4414/1523
f 2667/4409/1524 2668/4412/1524 2669/4415/1524 2679/4413/1524
f 2662/4416/1525 2670/4417/1525 2673/4418/1525 2672/4419/1525
f 2670/4417/1526 2671/4420/1526 2674/4421/1526 2673/4418/1526
f 2672/4419/1527 2673/4418/1527 2668/4412/1527 2665/4411/1527
f 2673/4418/1528 2674/4421/1528 2669/4415/1528 2668/4412/1528
f 2663/4422/1529 2675/4423/1529 2678/4424/1529 2677/4425/1529
f 2675/4423/1530 2676/4414/1530 2679/4413/1530 2678/4424/1530
f 2677/4425/1531 2678/4424/1531 2674/4421/1531 2671/4420/1531
f 2678/4424/1532 2679/4413/1532 2669/4415/1532 2674/4421/1532
f 2680/4426/1533 2683/4427/1533 2686/4428/1533 2685/4429/1533
f 2683/4427/1534 2684/4430/1534 2687/4431/1534 2686/4428/1534
f 2685/4429/1535 2686/4428/1535 2698/4432/1535 2695/4433/1535
f 2686/4428/1536 2687/4431/1536 2688/4434/1536 2698/4432/1536
f 2681/4435/1537 2689/4436/1537 2692/4437/1537 2691/4438/1537
f 2689/4436/1538 2690/4439/1538 2693/4440/1538 2692/4437/1538
f 2691/4438/1539 2692/4437/1539 2687/4431/1539 2684/4430/1539
f 2692/4437/1540 2693/4440/1540 2688/4434/1540 2687/4431/1540
f 2682/4441/1541 2694/4442/1541 2697/4443/1541 2696/4444/1541
f 2694/4442/1542 2695/4433/1542 2698/4432/1542 2697/4443/1542
f 2696/4444/1543 2697/4443/1543 2693/4440/1543 2690/4439/1543
f 2697/4443/1544 2698/4432/1544 2688/4434/1544 2693/4440/1544
f 2699/4445/1545 2702/4446/1545 2705/4447/1545 2704/4448/1545
f 2702/4446/1546 2703/4449/1546 2706/4450/1546 2705/4447/1546
f 2704/4448/1547 2705/4447/1547 2717/4451/1547 2714/4452/1547
f 2705/4447/1548 2706/4450/1548 2707/4453/1548 2717/4451/1548
f 2700/4454/1549 2708/4455/1549 2711/4456/1549 2710/4457/1549
f 2708/4455/1550 2709/4458/1550 2712/4459/1550 2711/4456/1550
f 2710/4457/1551 2711/4456/1551 2706/4450/1551 2703/4449/1551
f 2711/4456/1552 2712/4459/1552 2707/4453/1552 2706/4450/1552
f 2701/4460/1553 2713/4461/1553 2716/4462/1553 2715/4463/1553
f 2713/4461/1554 2714/4452/1554 2717/4451/1554 2716/4462/1554
f 2715/4463/1555 2716/4462/1555 2712/4459/1555 2709/4458/1555
f 2716/4462/1556 2717/4451/1556 2707/4453/1556 2712/4459/1556
f 2718/4464/1557 2721/4465/1557 2724/4466/1557 2723/4467/1557
f 2721/4465/1558 2722/4468/1558 2725/4469/1558 2724/4466/1558
f 2723/4467/1559 2724/4466/1559 2736/4470/1559 2733/4471/1559
f 2724/4466/1560 2725/4469/1560 2726/4472/1560 2736/4470/1560
f 2719/4473/1561 2727/4474/1561 2730/4475/1561 2729/4476/1561
f 2727/4474/1562 2728/4477/1562 2731/4478/1562 2730/4475/1562
f 2729/4476/1563 2730/4475/1563 2725/4469/1563 2722/4468/1563
f 2730/4475/1564 2731/4478/1564 2726/4472/1564 2725/4469/1564
f 2720/4479/1565 2732/4480/1565 2735/4481/1565 2734/4482/1565
f 2732/4480/1566 2733/4471/1566 2736/4470/1566 2735/4481/1566
f 2734/4482/1567 2735/4481/1567 2731/4478/1567 2728/4477/1567
f 2735/4481/1568 2736/4470/1568 2726/4472/1568 2731/4478/1568
f 2623/4359/1569 2585/4305/1569 2590/4308/1569 2626/4360/1569
f 2626/4360/1570 2590/4308/1570 2600/4312/1570 2627/4363/1570
f 2627/4375/1571 2600/4327/1571 2599/4324/1571 2634/4371/1571
f 2634/4371/1572 2599/4324/1572 2587/4323/1572 2624/4368/1572
f 2586/4314/1573 2604/4332/1573 2609/4335/1573 2594/4315/1573
f 2594/4315/1574 2609/4335/1574 2619/4339/1574 2595/4318/1574
f 2595/4330/1575 2619/4354/1575 2618/4351/1575 2601/4326/1575
f 2601/4326/1576 2618/4351/1576 2606/4350/1576 2587/4323/1576
f 2605/4341/1577 2642/4383/1577 2647/4386/1577 2613/4342/1577
f 2613/4342/1578 2647/4386/1578 2657/4390/1578 2614/4345/1578
f 2614/4357/1579 2657/4405/1579 2656/4402/1579 2620/4353/1579
f 2620/4353/1580 2656/4402/1580 2644/4401/1580 2606/4350/1580
f 2643/4392/1581 2625/4377/1581 2639/4380/1581 2651/4393/1581
f 2651/4393/1582 2639/4380/1582 2633/4372/1582 2652/4396/1582
f 2652/4396/1583 2633/4372/1583 2632/4369/1583 2658/4404/1583
f 2658/4404/1584 2632/4369/1584 2624/4368/1584 2644/4401/1584
f 2699/4445/1585 2623/4359/1585 2628/4362/1585 2702/4446/1585
f 2702/4446/1586 2628/4362/1586 2638/4366/1586 2703/4449/1586
f 2703/4449/1587 2638/4381/1587 2637/4378/1587 2710/4457/1587
f 2710/4457/1588 2637/4378/1588 2625/4377/1588 2700/4454/1588
f 2642/4383/1589 2718/4464/1589 2723/4467/1589 2645/4384/1589
f 2645/4384/1590 2723/4467/1590 2733/4471/1590 2646/4387/1590
f 2646/4399/1591 2733/4471/1591 2732/4480/1591 2653/4395/1591
f 2653/4395/1592 2732/4480/1592 2720/4479/1592 2643/4392/1592
f 2719/4473/1593 2701/4460/1593 2715/4463/1593 2727/4474/1593
f 2727/4474/1594 2715/4463/1594 2709/4458/1594 2728/4477/1594
f 2728/4477/1595 2709/4458/1595 2708/4455/1595 2734/4482/1595
f 2734/4482/1596 2708/4455/1596 2700/4454/1596 2720/4479/1596
f 2661/4407/1597 2699/4445/1597 2704/4448/1597 2664/4408/1597
f 2664/4408/1598 2704/4448/1598 2714/4452/1598 2665/4411/1598
f 2665/4411/1599 2714/4452/1599 2713/4461/1599 2672/4419/1599
f 2672/4419/1600 2713/4461/1600 2701/4460/1600 2662/4416/1600
f 2718/4464/1601 2680/4426/1601 2685/4429/1601 2721/4465/1601
f 2721/4465/1602 2685/4429/1602 2695/4433/1602 2722/4468/1602
f 2722/4468/1603 2695/4433/1603 2694/4442/1603 2729/4476/1603
f 2729/4476/1604 2694/4442/1604 2682/4441/1604 2719/4473/1604
f 2681/4435/1605 2663/4422/1605 2677/4425/1605 2689/4436/1605
f 2689/4436/1606 2677/4425/1606 2671/4420/1606 2690/4439/1606
f 2690/4439/1607 2671/4420/1607 2670/4417/1607 2696/4444/1607
f 2696/4444/1608 2670/4417/1608 2662/4416/1608 2682/4441/1608
f 2585/4305/1609 2661/4407/1609 2666/4410/1609 2588/4306/1609
f 2588/4306/1610 2666/4410/1610 2676/4414/1610 2589/4309/1610
f 2589/4321/1611 2676/4414/1611 2675/4423/1611 2596/4317/1611
f 2596/4317/1612 2675/4423/1612 2663/4422/1612 2586/4314/1612
f 2680/4426/1613 2605/4341/1613 2615/4344/1613 2683/4427/1613
f 2683/4427/1614 2615/4344/1614 2608/4348/1614 2684/4430/1614
f 2684/4430/1615 2608/4336/1615 2607/4333/1615 2691/4438/1615
f 2691/4438/1616 2607/4333/1616 2604/4332/1616 2681/4435/1616
f 2623/4359/1617 2699/4445/1617 2661/4407/1617 2585/4305/1617
f 2587/4323/1618 2606/4350/1618 2644/4401/1618 2624/4368/1618
f 2663/4422/1619 2681/4435/1619 2604/4332/1619 2586/4314/1619
f 2718/4464/1620 2642/4383/1620 2605/4341/1620 2680/4426/1620
f 2625/4377/1621 2643/4392/1621 2720/4479/1621 2700/4454/1621
f 2701/4460/1622 2719/4473/1622 2682/4441/1622 2662/4416/1622
o Tilt_Shaft
v -62.000000 93.000000 -5.000000
v 62.000000 93.000000 -5.000000
v -62.000000 92.024551 -4.903926
v 62.000000 92.024544 -4.903926
v -62.000000 91.086586 -4.619398
v 62.000000 91.086578 -4.619398
v -62.000000 90.222153 -4.157348
v 62.000000 90.222145 -4.157348
v -62.000000 89.464470 -3.535534
v 62.000000 89.464462 -3.535534
v -62.000000 88.842651 -2.777851
v 62.000000 88.842651 -2.777851
v -62.000000 88.380608 -1.913417
v 62.000000 88.380600 -1.913417
v -62.000000 88.096077 -0.975452
v 62.000000 88.096069 -0.975452
v -62.000000 88.000000 0.000000
v 62.000000 88.000000 0.000000
v -62.000000 88.096077 0.975452
v 62.000000 88.096069 0.975452
v -62.000000 88.380608 1.913417
v 62.000000 88.380600 1.913417
v -62.000000 88.842651 2.777851
v 62.000000 88.842651 2.777851
v -62.000000 89.464470 3.535534
v 62.000000 89.464462 3.535534
v -62.000000 90.222153 4.157348
v 62.000000 90.222145 4.157348
v -62.000000 91.086586 4.619398
v 62.000000 91.086578 4.619398
v -62.000000 92.024551 4.903926
v 62.000000 92.024544 4.903926
v -62.000000 93.000000 5.000000
v 62.000000 93.000000 5.000000
v -62.000000 93.975456 4.903926
v 62.000000 93.975449 4.903926
v -62.000000 94.913422 4.619398
v 62.000000 94.913414 4.619398
v -62.000000 95.777855 4.157348
v 62.000000 95.777847 4.157348
v -62.000000 96.535538 3.535534
v 62.000000 96.535530 3.535534
v -62.000000 97.157349 2.777851
v 62.000000 97.157349 2.777851
v -62.000000 97.619400 1.913417
v 62.000000 97.619392 1.913417
v -62.000000 97.903931 0.975452
v 62.000000 97.903923 0.975452
v -62.000000 98.000000 0.000000
v 62.000000 98.000000 0.000000
v -62.000000 97.903931 -0.975452
v 62.000000 97.903923 -0.975452
v -62.000000 97.619400 -1.913417
v 62.000000 97.619392 -1.913417
v -62.000000 97.157349 -2.777851
v 62.000000 97.157349 -2.777851
v -62.000000 96.535538 -3.535534
v 62.000000 96.535530 -3.535534
v -62.000000 95.777855 -4.157348
v 62.000000 95.777847 -4.157348
v -62.000000 94.913422 -4.619398
v 62.000000 94.913414 -4.619398
v -62.000000 93.975456 -4.903926
v 62.000000 93.975449 -4.903926
vn -0.0000 -0.0980 -0.9952
vn -0.0000 -0.2903 -0.9569
vn -0.0000 -0.4714 -0.8819
vn -0.0000 -0.6344 -0.7730
vn -0.0000 -0.7730 -0.6344
vn -0.0000 -0.8819 -0.4714
vn -0.0000 -0.9569 -0.2903
vn -0.0000 -0.9952 -0.0980
vn -0.0000 -0.9952 0.0980
vn -0.0000 -0.9569 0.2903
vn -0.0000 -0.8819 0.4714
vn -0.0000 -0.7730 0.6344
vn -0.0000 -0.6344 0.7730
vn -0.0000 -0.4714 0.8819
vn -0.0000 -0.2903 0.9569
vn -0.0000 -0.0980 0.9952
vn -0.0000 0.0980 0.9952
vn -0.0000 0.2903 0.9569
vn -0.0000 0.4714 0.8819
vn -0.0000 0.6344 0.7730
vn -0.0000 0.7730 0.6344
vn -0.0000 0.8819 0.4714
vn -0.0000 0.9569 0.2903
vn -0.0000 0.9952 0.0980
vn -0.0000 0.9952 -0.0980
vn -0.0000 0.9569 -0.2903
vn -0.0000 0.8819 -0.4714
vn -0.0000 0.7730 -0.6344
vn -0.0000 0.6344 -0.7730
vn -0.0000 0.4714 -0.8819
vn 1.0000 -0.0000 -0.0000
vn -0.0000 0.2903 -0.9569
vn -0.0000 0.0980 -0.9952
vn -1.0000 -0.0000 -0.0000
vt 1.000000 0.500000
vt 1.000000 1.000000
vt 0.968750 1.000000
vt 0.968750 0.500000
vt 0.937500 1.000000
vt 0.937500 0.500000
vt 0.906250 1.000000
vt 0.906250 0.500000
vt 0.875000 1.000000
vt 0.875000 0.500000
vt 0.843750 1.000000
vt 0.843750 0.500000
vt 0.812500 1.000000
vt 0.812500 0.500000
vt 0.781250 1.000000
vt 0.781250 0.500000
vt 0.750000 1.000000
vt 0.750000 0.500000
vt 0.718750 1.000000
vt 0.718750 0.500000
vt 0.687500 1.000000
vt 0.687500 0.500000
vt 0.656250 1.000000
vt 0.656250 0.500000
vt 0.625000 1.000000
vt 0.625000 0.500000
vt 0.593750 1.000000
vt 0.593750 0.500000
vt 0.562500 1.000000
vt 0.562500 0.500000
vt 0.531250 1.000000
vt 0.531250 0.500000
vt 0.500000 1.000000
vt 0.500000 0.500000
vt 0.468750 1.000000
vt 0.468750 0.500000
vt 0.437500 1.000000
vt 0.437500 0.500000
vt 0.406250 1.000000
vt 0.406250 0.500000
vt 0.375000 1.000000
vt 0.375000 0.500000
vt 0.343750 1.000000
vt 0.343750 0.500000
vt 0.312500 1.000000
vt 0.312500 0.500000
vt 0.281250 1.000000
vt 0.281250 0.500000
vt 0.250000 1.000000
vt 0.250000 0.500000
vt 0.218750 1.000000
vt 0.218750 0.500000
vt 0.187500 1.000000
vt 0.187500 0.500000
vt 0.156250 1.000000
vt 0.156250 0.500000
vt 0.125000 1.000000
vt 0.125000 0.500000
vt 0.093750 1.000000
vt 0.093750 0.500000
vt 0.062500 1.000000
vt 0.062500 0.500000
vt 0.296822 0.485388
vt 0.250000 0.490000
vt 0.203178 0.485388
vt 0.158156 0.471731
vt 0.116663 0.449553
vt 0.080294 0.419706
vt 0.050447 0.383337
vt 0.028269 0.341844
vt 0.014612 0.296822
vt 0.010000 0.250000
vt 0.014612 0.203178
vt 0.028269 0.158156
vt 0.050447 0.116663
vt 0.080294 0.080294
vt 0.116663 0.050447
vt 0.158156 0.028269
vt 0.203178 0.014612
vt 0.250000 0.010000
vt 0.296822 0.014612
vt 0.341844 0.028269
vt 0.383337 0.050447
vt 0.419706 0.080294
vt 0.449553 0.116663
vt 0.471731 0.158156
vt 0.485388 0.203178
vt 0.490000 0.250000
vt 0.485388 0.296822
vt 0.471731 0.341844
vt 0.449553 0.383337
vt 0.419706 0.419706
vt 0.383337 0.449553
vt 0.341844 0.471731
vt 0.031250 1.000000
vt 0.031250 0.500000
vt 0.000000 1.000000
vt 0.000000 0.500000
vt 0.750000 0.490000
vt 0.796822 0.485388
vt 0.841844 0.471731
vt 0.883337 0.449553
vt 0.919706 0.419706
vt 0.949553 0.383337
vt 0.971731 0.341844
vt 0.985388 0.296822
vt 0.990000 0.250000
vt 0.985388 0.203178
vt 0.971731 0.158156
vt 0.949553 0.116663
vt 0.919706 0.080294
vt 0.883337 0.050447
vt 0.841844 0.028269
vt 0.796822 0.014612
vt 0.750000 0.010000
vt 0.703178 0.014612
vt 0.658156 0.028269
vt 0.616663 0.050447
vt 0.580294 0.080294
vt 0.550447 0.116663
vt 0.528269 0.158156
vt 0.514612 0.203178
vt 0.510000 0.250000
vt 0.514612 0.296822
vt 0.528269 0.341844
vt 0.550447 0.383337
vt 0.580294 0.419706
vt 0.616663 0.449553
vt 0.658156 0.471731
vt 0.703178 0.485388
s 0
usemtl Motor_Shaft
f 2737/4483/1623 2738/4484/1623 2740/4485/1623 2739/4486/1623
f 2739/4486/1624 2740/4485/1624 2742/4487/1624 2741/4488/1624
f 2741/4488/1625 2742/4487/1625 2744/4489/1625 2743/4490/1625
f 2743/4490/1626 2744/4489/1626 2746/4491/1626 2745/4492/1626
f 2745/4492/1627 2746/4491/1627 2748/4493/1627 2747/4494/1627
f 2747/4494/1628 2748/4493/1628 2750/4495/1628 2749/4496/1628
f 2749/4496/1629 2750/4495/1629 2752/4497/1629 2751/4498/1629
f 2751/4498/1630 2752/4497/1630 2754/4499/1630 2753/4500/1630
f 2753/4500/1631 2754/4499/1631 2756/4501/1631 2755/4502/1631
f 2755/4502/1632 2756/4501/1632 2758/4503/1632 2757/4504/1632
f 2757/4504/1633 2758/4503/1633 2760/4505/1633 2759/4506/1633
f 2759/4506/1634 2760/4505/1634 2762/4507/1634 2761/4508/1634
f 2761/4508/1635 2762/4507/1635 2764/4509/1635 2763/4510/1635
f 2763/4510/1636 2764/4509/1636 2766/4511/1636 2765/4512/1636
f 2765/4512/1637 2766/4511/1637 2768/4513/1637 2767/4514/1637
f 2767/4514/1638 2768/4513/1638 2770/4515/1638 2769/4516/1638
f 2769/4516/1639 2770/4515/1639 2772/4517/1639 2771/4518/1639
f 2771/4518/1640 2772/4517/1640 2774/4519/1640 2773/4520/1640
f 2773/4520/1641 2774/4519/1641 2776/4521/1641 2775/4522/1641
f 2775/4522/1642 2776/4521/1642 2778/4523/1642 2777/4524/1642
f 2777/4524/1643 2778/4523/1643 2780/4525/1643 2779/4526/1643
f 2779/4526/1644 2780/4525/1644 2782/4527/1644 2781/4528/1644
f 2781/4528/1645 2782/4527/1645 2784/4529/1645 2783/4530/1645
f 2783/4530/1646 2784/4529/1646 2786/4531/1646 2785/4532/1646
f 2785/4532/1647 2786/4531/1647 2788/4533/1647 2787/4534/1647
f 2787/4534/1648 2788/4533/1648 2790/4535/1648 2789/4536/1648
f 2789/4536/1649 2790/4535/1649 2792/4537/1649 2791/4538/1649
f 2791/4538/1650 2792/4537/1650 2794/4539/1650 2793/4540/1650
f 2793/4540/1651 2794/4539/1651 2796/4541/1651 2795/4542/1651
f 2795/4542/1652 2796/4541/1652 2798/4543/1652 2797/4544/1652
f 2740/4545/1653 2738/4546/1653 2800/4547/1653 2798/4548/1653 2796/4549/1653 2794/4550/1653 2792/4551/1653 2790/4552/1653 2788/4553/1653 2786/4554/1653 2784/4555/1653 2782/4556/1653 2780/4557/1653 2778/4558/1653 2776/4559/1653 2774/4560/1653 2772/4561/1653 2770/4562/1653 2768/4563/1653 2766/4564/1653 2764/4565/1653 2762/4566/1653 2760/4567/1653 2758/4568/1653 2756/4569/1653 2754/4570/1653 2752/4571/1653 2750/4572/1653 2748/4573/1653 2746/4574/1653 2744/4575/1653 2742/4576/1653
f 2797/4544/1654 2798/4543/1654 2800/4577/1654 2799/4578/1654
f 2799/4578/1655 2800/4577/1655 2738/4579/1655 2737/4580/1655
f 2737/4581/1656 2739/4582/1656 2741/4583/1656 2743/4584/1656 2745/4585/1656 2747/4586/1656 2749/4587/1656 2751/4588/1656 2753/4589/1656 2755/4590/1656 2757/4591/1656 2759/4592/1656 2761/4593/1656 2763/4594/1656 2765/4595/1656 2767/4596/1656 2769/4597/1656 2771/4598/1656 2773/4599/1656 2775/4600/1656 2777/4601/1656 2779/4602/1656 2781/4603/1656 2783/4604/1656 2785/4605/1656 2787/4606/1656 2789/4607/1656 2791/4608/1656 2793/4609/1656 2795/4610/1656 2797/4611/1656 2799/4612/1656
o Sensor_Platform
v -38.000000 90.000000 23.000000
v -38.000000 92.000000 25.000000
v -40.000000 92.000000 23.000000
v -38.000000 90.152237 23.765368
v -38.000000 90.585785 24.414213
v -38.765366 90.152237 23.000000
v -38.784546 90.335976 23.784548
v -38.744740 90.687492 24.312510
v -39.154701 90.845299 24.154701
v -38.765366 92.000000 24.847759
v -39.414215 92.000000 24.414213
v -38.000000 91.234634 24.847759
v -38.784546 91.215454 24.664022
v -39.312508 91.255257 24.312510
v -39.847759 91.234634 23.000000
v -39.414215 90.585785 23.000000
v -39.847759 92.000000 23.765368
v -39.664021 91.215454 23.784548
v -39.312508 90.687492 23.744741
v -38.000000 94.000000 25.000000
v -38.000000 96.000000 23.000000
v -40.000000 94.000000 23.000000
v -38.000000 94.765366 24.847759
v -38.000000 95.414215 24.414213
v -38.765366 94.000000 24.847759
v -38.784546 94.784546 24.664022
v -38.744740 95.312508 24.312510
v -39.154701 95.154701 24.154701
v -38.765366 95.847763 23.000000
v -39.414215 95.414215 23.000000
v -38.000000 95.847763 23.765368
v -38.784546 95.664024 23.784548
v -39.312508 95.312508 23.744741
v -39.847759 94.000000 23.765368
v -39.414215 94.000000 24.414213
v -39.847759 94.765366 23.000000
v -39.664021 94.784546 23.784548
v -39.312508 94.744743 24.312510
v -38.000000 90.000000 -23.000000
v -40.000000 92.000000 -23.000000
v -38.000000 92.000000 -25.000000
v -38.765366 90.152237 -23.000000
v -39.414215 90.585785 -23.000000
v -38.000000 90.152237 -23.765368
v -38.784546 90.335976 -23.784548
v -39.312508 90.687492 -23.744741
v -39.154701 90.845299 -24.154701
v -39.847759 92.000000 -23.765368
v -39.414215 92.000000 -24.414213
v -39.847759 91.234634 -23.000000
v -39.664021 91.215454 -23.784548
v -39.312508 91.255257 -24.312510
v -38.000000 91.234634 -24.847759
v -38.000000 90.585785 -24.414213
v -38.765366 92.000000 -24.847759
v -38.784546 91.215454 -24.664022
v -38.744740 90.687492 -24.312510
v -38.000000 96.000000 -23.000000
v -38.000000 94.000000 -25.000000
v -40.000000 94.000000 -23.000000
v -38.000000 95.847763 -23.765368
v -38.000000 95.414215 -24.414213
v -38.765366 95.847763 -23.000000
v -38.784546 95.664024 -23.784548
v -38.744740 95.312508 -24.312510
v -39.154701 95.154701 -24.154701
v -38.765366 94.000000 -24.847759
v -39.414215 94.000000 -24.414213
v -38.000000 94.765366 -24.847759
v -38.784546 94.784546 -24.664022
v -39.312508 94.744743 -24.312510
v -39.847759 94.765366 -23.000000
v -39.414215 95.414215 -23.000000
v -39.847759 94.000000 -23.765368
v -39.664021 94.784546 -23.784548
v -39.312508 95.312508 -23.744741
v 38.000000 90.000000 23.000000
v 40.000000 92.000000 23.000000
v 38.000000 92.000000 25.000000
v 38.765366 90.152237 23.000000
v 39.414215 90.585785 23.000000
v 38.000000 90.152237 23.765368
v 38.784546 90.335976 23.784548
v 39.312508 90.687492 23.744741
v 39.154701 90.845299 24.154701
v 39.847759 92.000000 23.765368
v 39.414215 92.000000 24.414213
v 39.847759 91.234634 23.000000
v 39.664021 91.215454 23.784548
v 39.312508 91.255257 24.312510
v 38.000000 91.234634 24.847759
v 38.000000 90.585785 24.414213
v 38.765366 92.000000 24.847759
v 38.784546 91.215454 24.664022
v 38.744740 90.687492 24.312510
v 38.000000 96.000000 23.000000
v 38.000000 94.000000 25.000000
v 40.000000 94.000000 23.000000
v 38.000000 95.847763 23.765368
v 38.000000 95.414215 24.414213
v 38.765366 95.847763 23.000000
v 38.784546 95.664024 23.784548
v 38.744740 95.312508 24.312510
v 39.154701 95.154701 24.154701
v 38.765366 94.000000 24.847759
v 39.414215 94.000000 24.414213
v 38.000000 94.765366 24.847759
v 38.784546 94.784546 24.664022
v 39.312508 94.744743 24.312510
v 39.847759 94.765366 23.000000
v 39.414215 95.414215 23.000000
v 39.847759 94.000000 23.765368
v 39.664021 94.784546 23.784548
v 39.312508 95.312508 23.744741
v 38.000000 90.000000 -23.000000
v 38.000000 92.000000 -25.000000
v 40.000000 92.000000 -23.000000
v 38.000000 90.152237 -23.765368
v 38.000000 90.585785 -24.414213
v 38.765366 90.152237 -23.000000
v 38.784546 90.335976 -23.784548
v 38.744740 90.687492 -24.312510
v 39.154701 90.845299 -24.154701
v 38.765366 92.000000 -24.847759
v 39.414215 92.000000 -24.414213
v 38.000000 91.234634 -24.847759
v 38.784546 91.215454 -24.664022
v 39.312508 91.255257 -24.312510
v 39.847759 91.234634 -23.000000
v 39.414215 90.585785 -23.000000
v 39.847759 92.000000 -23.765368
v 39.664021 91.215454 -23.784548
v 39.312508 90.687492 -23.744741
v 38.000000 96.000000 -23.000000
v 40.000000 94.000000 -23.000000
v 38.000000 94.000000 -25.000000
v 38.765366 95.847763 -23.000000
v 39.414215 95.414215 -23.000000
v 38.000000 95.847763 -23.765368
v 38.784546 95.664024 -23.784548
v 39.312508 95.312508 -23.744741
v 39.154701 95.154701 -24.154701
v 39.847759 94.000000 -23.765368
v 39.414215 94.000000 -24.414213
v 39.847759 94.765366 -23.000000
v 39.664021 94.784546 -23.784548
v 39.312508 94.744743 -24.312510
v 38.000000 94.765366 -24.847759
v 38.000000 95.414215 -24.414213
v 38.765366 94.000000 -24.847759
v 38.784546 94.784546 -24.664022
v 38.744740 95.312508 -24.312510
vn -0.2049 -0.9571 0.2049
vn -0.1818 -0.8152 0.5500
vn -0.5500 -0.8152 0.1818
vn -0.4931 -0.7167 0.4931
vn -0.2049 -0.2049 0.9571
vn -0.5500 -0.1818 0.8152
vn -0.1818 -0.5500 0.8152
vn -0.4931 -0.4931 0.7167
vn -0.9571 -0.2049 0.2049
vn -0.8152 -0.5499 0.1818
vn -0.8152 -0.1818 0.5500
vn -0.7167 -0.4931 0.4931
vn -0.2049 0.2049 0.9571
vn -0.1818 0.5500 0.8152
vn -0.5500 0.1818 0.8152
vn -0.4931 0.4931 0.7167
vn -0.2049 0.9571 0.2049
vn -0.5500 0.8152 0.1818
vn -0.1818 0.8152 0.5500
vn -0.4931 0.7167 0.4931
vn -0.9571 0.2049 0.2049
vn -0.8152 0.1818 0.5500
vn -0.8152 0.5500 0.1818
vn -0.7167 0.4931 0.4931
vn -0.2049 -0.9571 -0.2049
vn -0.5500 -0.8152 -0.1818
vn -0.1818 -0.8152 -0.5500
vn -0.4931 -0.7167 -0.4931
vn -0.9571 -0.2049 -0.2049
vn -0.8152 -0.1818 -0.5500
vn -0.8152 -0.5499 -0.1818
vn -0.7167 -0.4931 -0.4931
vn -0.2049 -0.2049 -0.9571
vn -0.1818 -0.5500 -0.8152
vn -0.5500 -0.1818 -0.8152
vn -0.4931 -0.4931 -0.7167
vn -0.2049 0.9571 -0.2049
vn -0.1818 0.8152 -0.5500
vn -0.5500 0.8152 -0.1818
vn -0.4931 0.7167 -0.4931
vn -0.2049 0.2049 -0.9571
vn -0.5500 0.1818 -0.8152
vn -0.1818 0.5500 -0.8152
vn -0.4931 0.4931 -0.7167
vn -0.9571 0.2049 -0.2049
vn -0.8152 0.5500 -0.1818
vn -0.8152 0.1818 -0.5500
vn -0.7167 0.4931 -0.4931
vn 0.2049 -0.9571 0.2049
vn 0.5500 -0.8152 0.1818
vn 0.1818 -0.8152 0.5500
vn 0.4931 -0.7167 0.4931
vn 0.9571 -0.2049 0.2049
vn 0.8152 -0.1818 0.5500
vn 0.8152 -0.5499 0.1818
vn 0.7167 -0.4931 0.4931
vn 0.2049 -0.2049 0.9571
vn 0.1818 -0.5500 0.8152
vn 0.5500 -0.1818 0.8152
vn 0.4931 -0.4931 0.7167
vn 0.2049 0.9571 0.2049
vn 0.1818 0.8152 0.5500
vn 0.5500 0.8152 0.1818
vn 0.4931 0.7167 0.4931
vn 0.2049 0.2049 0.9571
vn 0.5500 0.1818 0.8152
vn 0.1818 0.5500 0.8152
vn 0.4931 0.4931 0.7167
vn 0.9571 0.2049 0.2049
vn 0.8152 0.5500 0.1818
vn 0.8152 0.1818 0.5500
vn 0.7167 0.4931 0.4931
vn 0.2049 -0.9571 -0.2049
vn 0.1818 -0.8152 -0.5500
vn 0.5500 -0.8152 -0.1818
vn 0.4931 -0.7167 -0.4931
vn 0.2049 -0.2049 -0.9571
vn 0.5500 -0.1818 -0.8152
vn 0.1818 -0.5500 -0.8152
vn 0.4931 -0.4931 -0.7167
vn 0.9571 -0.2049 -0.2049
vn 0.8152 -0.5499 -0.1818
vn 0.8152 -0.1818 -0.5500
vn 0.7167 -0.4931 -0.4931
vn 0.2049 0.9571 -0.2049
vn 0.5500 0.8152 -0.1818
vn 0.1818 0.8152 -0.5500
vn 0.4931 0.7167 -0.4931
vn 0.9571 0.2049 -0.2049
vn 0.8152 0.1818 -0.5500
vn 0.8152 0.5500 -0.1818
vn 0.7167 0.4931 -0.4931
vn 0.2049 0.2049 -0.9571
vn 0.1818 0.5500 -0.8152
vn 0.5500 0.1818 -0.8152
vn 0.4931 0.4931 -0.7167
vn -0.1951 -0.9808 -0.0000
vn -0.5556 -0.8315 -0.0000
vn -0.8315 -0.5556 -0.0000
vn -0.9808 -0.1951 -0.0000
vn -0.1951 -0.0000 0.9808
vn -0.5556 -0.0000 0.8315
vn -0.8315 -0.0000 0.5556
vn -0.9808 -0.0000 0.1951
vn -0.1951 0.9808 -0.0000
vn -0.5556 0.8315 -0.0000
vn -0.8315 0.5556 -0.0000
vn -0.9808 0.1951 -0.0000
vn -0.1951 -0.0000 -0.9808
vn -0.5556 -0.0000 -0.8315
vn -0.8315 -0.0000 -0.5556
vn -0.9808 -0.0000 -0.1951
vn -0.0000 -0.9808 -0.1951
vn -0.0000 -0.8315 -0.5556
vn -0.0000 -0.5556 -0.8315
vn -0.0000 -0.1951 -0.9808
vn -0.0000 0.9808 -0.1951
vn -0.0000 0.8315 -0.5556
vn -0.0000 0.5556 -0.8315
vn -0.0000 0.1951 -0.9808
vn 0.9808 -0.0000 -0.1951
vn 0.8315 -0.0000 -0.5556
vn 0.5556 -0.0000 -0.8315
vn 0.1951 -0.0000 -0.9808
vn 0.1951 -0.9808 -0.0000
vn 0.5556 -0.8315 -0.0000
vn 0.8315 -0.5556 -0.0000
vn 0.9808 -0.1951 -0.0000
vn 0.1951 0.9808 -0.0000
vn 0.5556 0.8315 -0.0000
vn 0.8315 0.5556 -0.0000
vn 0.9808 0.1951 -0.0000
vn 0.1951 -0.0000 0.9808
vn 0.5556 -0.0000 0.8315
vn 0.8315 -0.0000 0.5556
vn 0.9808 -0.0000 0.1951
vn -0.0000 -0.9808 0.1951
vn -0.0000 -0.8315 0.5556
vn -0.0000 -0.5556 0.8315
vn -0.0000 -0.1951 0.9808
vn -0.0000 0.9808 0.1951
vn -0.0000 0.8315 0.5556
vn -0.0000 0.5556 0.8315
vn -0.0000 0.1951 0.9808
vn -0.0000 -1.0000 -0.0000
vn -1.0000 -0.0000 -0.0000
vn -0.0000 -0.0000 1.0000
vn -0.0000 1.0000 -0.0000
vn -0.0000 -0.0000 -1.0000
vn 1.0000 -0.0000 -0.0000
vt 0.131250 0.740000
vt 0.131250 0.743827
vt 0.128798 0.743923
vt 0.128858 0.740000
vt 0.131250 0.750000
vt 0.128923 0.750000
vt 0.125000 0.743724
vt 0.125000 0.740000
vt 0.127642 0.750000
vt 0.458333 0.993750
vt 0.458333 0.996142
vt 0.425644 0.996202
vt 0.426443 0.993750
vt 0.458333 1.000000
vt 0.427302 1.000000
vt 0.375000 0.996077
vt 0.375000 0.993750
vt 0.410221 1.000000
vt 0.458333 0.010000
vt 0.426443 0.010000
vt 0.425644 0.006077
vt 0.458333 0.006173
vt 0.375000 0.010000
vt 0.375000 0.006276
vt 0.427302 0.000000
vt 0.458333 0.000000
vt 0.375000 0.004226
vt 0.541667 0.993750
vt 0.573557 0.993750
vt 0.574356 0.996202
vt 0.541667 0.996142
vt 0.625000 0.993750
vt 0.625000 0.996077
vt 0.572698 1.000000
vt 0.541667 1.000000
vt 0.625000 0.997358
vt 0.868750 0.740000
vt 0.871142 0.740000
vt 0.871202 0.743923
vt 0.868750 0.743827
vt 0.875000 0.740000
vt 0.875000 0.743724
vt 0.871077 0.750000
vt 0.868750 0.750000
vt 0.875000 0.745774
vt 0.541667 0.010000
vt 0.541667 0.006173
vt 0.574356 0.006077
vt 0.573557 0.010000
vt 0.541667 0.000000
vt 0.572698 0.000000
vt 0.625000 0.006276
vt 0.625000 0.010000
vt 0.589779 0.000000
vt 0.131250 0.510000
vt 0.128858 0.510000
vt 0.128798 0.506077
vt 0.131250 0.506173
vt 0.125000 0.510000
vt 0.125000 0.506276
vt 0.128923 0.500000
vt 0.131250 0.500000
vt 0.125000 0.504227
vt 0.458333 0.240000
vt 0.458333 0.243827
vt 0.425644 0.243923
vt 0.426443 0.240000
vt 0.458333 0.250000
vt 0.427302 0.250000
vt 0.375000 0.243724
vt 0.375000 0.240000
vt 0.392610 0.251321
vt 0.458333 0.256250
vt 0.426443 0.256250
vt 0.425644 0.253798
vt 0.458333 0.253858
vt 0.375000 0.256250
vt 0.375000 0.253923
vt 0.868750 0.510000
vt 0.868750 0.506173
vt 0.871202 0.506077
vt 0.871142 0.510000
vt 0.868750 0.500000
vt 0.871077 0.500000
vt 0.875000 0.506276
vt 0.875000 0.510000
vt 0.872358 0.500000
vt 0.541667 0.256250
vt 0.541667 0.253858
vt 0.574356 0.253798
vt 0.573557 0.256250
vt 0.541667 0.250000
vt 0.572698 0.250000
vt 0.625000 0.253923
vt 0.625000 0.256250
vt 0.607390 0.247887
vt 0.541667 0.240000
vt 0.573557 0.240000
vt 0.574356 0.243923
vt 0.541667 0.243827
vt 0.625000 0.240000
vt 0.625000 0.243724
vt 0.368750 0.740000
vt 0.371142 0.740000
vt 0.371202 0.743923
vt 0.368750 0.743827
vt 0.375000 0.740000
vt 0.375000 0.743724
vt 0.373039 0.751961
vt 0.371875 0.753125
vt 0.386740 0.749472
vt 0.458333 0.740000
vt 0.458333 0.743827
vt 0.425644 0.743923
vt 0.426443 0.740000
vt 0.458333 0.750000
vt 0.427302 0.750000
vt 0.458333 0.756250
vt 0.426443 0.756250
vt 0.425644 0.753798
vt 0.458333 0.753858
vt 0.631250 0.740000
vt 0.631250 0.743827
vt 0.628798 0.743923
vt 0.628858 0.740000
vt 0.628125 0.753125
vt 0.626961 0.751961
vt 0.625000 0.743724
vt 0.625000 0.740000
vt 0.614140 0.748591
vt 0.541667 0.756250
vt 0.541667 0.753858
vt 0.574356 0.753798
vt 0.573557 0.756250
vt 0.541667 0.750000
vt 0.572698 0.750000
vt 0.541667 0.740000
vt 0.573557 0.740000
vt 0.574356 0.743923
vt 0.541667 0.743827
vt 0.368750 0.510000
vt 0.368750 0.506173
vt 0.371202 0.506077
vt 0.371142 0.510000
vt 0.371875 0.496875
vt 0.373039 0.498039
vt 0.375000 0.506276
vt 0.375000 0.510000
vt 0.385860 0.501409
vt 0.458333 0.493750
vt 0.458333 0.496142
vt 0.425644 0.496202
vt 0.426443 0.493750
vt 0.458333 0.500000
vt 0.427302 0.500000
vt 0.458333 0.510000
vt 0.426443 0.510000
vt 0.425644 0.506077
vt 0.458333 0.506173
vt 0.631250 0.510000
vt 0.628858 0.510000
vt 0.628798 0.506077
vt 0.631250 0.506173
vt 0.625000 0.510000
vt 0.625000 0.506276
vt 0.626961 0.498039
vt 0.628125 0.496875
vt 0.613260 0.500528
vt 0.541667 0.510000
vt 0.541667 0.506173
vt 0.574356 0.506077
vt 0.573557 0.510000
vt 0.541667 0.500000
vt 0.572698 0.500000
vt 0.541667 0.493750
vt 0.573557 0.493750
vt 0.574356 0.496202
vt 0.541667 0.496142
s 0
usemtl Sensor_Platform
f 2801/4613/1657 2804/4614/1657 2807/4615/1657 2806/4616/1657
f 2804/4614/1658 2805/4617/1658 2808/4618/1658 2807/4615/1658
f 2806/4616/1659 2807/4615/1659 2819/4619/1659 2816/4620/1659
f 2807/4615/1660 2808/4618/1660 2809/4621/1660 2819/4619/1660
f 2802/4622/1661 2810/4623/1661 2813/4624/1661 2812/4625/1661
f 2810/4623/1662 2811/4626/1662 2814/4627/1662 2813/4624/1662
f 2812/4625/1663 2813/4624/1663 2808/4628/1663 2805/4629/1663
f 2813/4624/1664 2814/4627/1664 2809/4630/1664 2808/4628/1664
f 2803/4631/1665 2815/4632/1665 2818/4633/1665 2817/4634/1665
f 2815/4632/1666 2816/4635/1666 2819/4636/1666 2818/4633/1666
f 2817/4634/1667 2818/4633/1667 2814/4637/1667 2811/4638/1667
f 2818/4633/1668 2819/4636/1668 2809/4639/1668 2814/4637/1668
f 2820/4640/1669 2823/4641/1669 2826/4642/1669 2825/4643/1669
f 2823/4641/1670 2824/4644/1670 2827/4645/1670 2826/4642/1670
f 2825/4643/1671 2826/4642/1671 2838/4646/1671 2835/4647/1671
f 2826/4642/1672 2827/4645/1672 2828/4648/1672 2838/4646/1672
f 2821/4649/1673 2829/4650/1673 2832/4651/1673 2831/4652/1673
f 2829/4650/1674 2830/4653/1674 2833/4654/1674 2832/4651/1674
f 2831/4652/1675 2832/4651/1675 2827/4655/1675 2824/4656/1675
f 2832/4651/1676 2833/4654/1676 2828/4657/1676 2827/4655/1676
f 2822/4658/1677 2834/4659/1677 2837/4660/1677 2836/4661/1677
f 2834/4659/1678 2835/4662/1678 2838/4663/1678 2837/4660/1678
f 2836/4661/1679 2837/4660/1679 2833/4664/1679 2830/4665/1679
f 2837/4660/1680 2838/4663/1680 2828/4666/1680 2833/4664/1680
f 2839/4667/1681 2842/4668/1681 2845/4669/1681 2844/4670/1681
f 2842/4668/1682 2843/4671/1682 2846/4672/1682 2845/4669/1682
f 2844/4670/1683 2845/4669/1683 2857/4673/1683 2854/4674/1683
f 2845/4669/1684 2846/4672/1684 2847/4675/1684 2857/4673/1684
f 2840/4676/1685 2848/4677/1685 2851/4678/1685 2850/4679/1685
f 2848/4677/1686 2849/4680/1686 2852/4681/1686 2851/4678/1686
f 2850/4679/1687 2851/4678/1687 2846/4682/1687 2843/4683/1687
f 2851/4678/1688 2852/4681/1688 2847/4684/1688 2846/4682/1688
f 2841/4685/1689 2853/4686/1689 2856/4687/1689 2855/4688/1689
f 2853/4686/1690 2854/4689/1690 2857/4690/1690 2856/4687/1690
f 2855/4688/1691 2856/4687/1691 2852/4681/1691 2849/4680/1691
f 2856/4687/1692 2857/4690/1692 2847/4684/1692 2852/4681/1692
f 2858/4691/1693 2861/4692/1693 2864/4693/1693 2863/4694/1693
f 2861/4692/1694 2862/4695/1694 2865/4696/1694 2864/4693/1694
f 2863/4694/1695 2864/4693/1695 2876/4697/1695 2873/4698/1695
f 2864/4693/1696 2865/4696/1696 2866/4699/1696 2876/4697/1696
f 2859/4700/1697 2867/4701/1697 2870/4702/1697 2869/4703/1697
f 2867/4701/1698 2868/4704/1698 2871/4705/1698 2870/4702/1698
f 2869/4703/1699 2870/4702/1699 2865/4706/1699 2862/4707/1699
f 2870/4702/1700 2871/4705/1700 2866/4708/1700 2865/4706/1700
f 2860/4709/1701 2872/4710/1701 2875/4711/1701 2874/4712/1701
f 2872/4710/1702 2873/4713/1702 2876/4714/1702 2875/4711/1702
f 2874/4712/1703 2875/4711/1703 2871/4705/1703 2868/4704/1703
f 2875/4711/1704 2876/4714/1704 2866/4708/1704 2871/4705/1704
f 2877/4715/1705 2880/4716/1705 2883/4717/1705 2882/4718/1705
f 2880/4716/1706 2881/4719/1706 2884/4720/1706 2883/4717/1706
f 2882/4718/1707 2883/4717/1707 2895/4721/1707 2892/4722/1707
f 2883/4717/1708 2884/4720/1708 2885/4723/1708 2895/4721/1708
f 2878/4724/1709 2886/4725/1709 2889/4726/1709 2888/4727/1709
f 2886/4725/1710 2887/4728/1710 2890/4729/1710 2889/4726/1710
f 2888/4727/1711 2889/4726/1711 2884/4720/1711 2881/4719/1711
f 2889/4726/1712 2890/4729/1712 2885/4723/1712 2884/4720/1712
f 2879/4730/1713 2891/4731/1713 2894/4732/1713 2893/4733/1713
f 2891/4731/1714 2892/4722/1714 2895/4721/1714 2894/4732/1714
f 2893/4733/1715 2894/4732/1715 2890/4729/1715 2887/4728/1715
f 2894/4732/1716 2895/4721/1716 2885/4723/1716 2890/4729/1716
f 2896/4734/1717 2899/4735/1717 2902/4736/1717 2901/4737/1717
f 2899/4735/1718 2900/4738/1718 2903/4739/1718 2902/4736/1718
f 2901/4737/1719 2902/4736/1719 2914/4740/1719 2911/4741/1719
f 2902/4736/1720 2903/4739/1720 2904/4742/1720 2914/4740/1720
f 2897/4743/1721 2905/4744/1721 2908/4745/1721 2907/4746/1721
f 2905/4744/1722 2906/4747/1722 2909/4748/1722 2908/4745/1722
f 2907/4746/1723 2908/4745/1723 2903/4739/1723 2900/4738/1723
f 2908/4745/1724 2909/4748/1724 2904/4742/1724 2903/4739/1724
f 2898/4749/1725 2910/4750/1725 2913/4751/1725 2912/4752/1725
f 2910/4750/1726 2911/4741/1726 2914/4740/1726 2913/4751/1726
f 2912/4752/1727 2913/4751/1727 2909/4748/1727 2906/4747/1727
f 2913/4751/1728 2914/4740/1728 2904/4742/1728 2909/4748/1728
f 2915/4753/1729 2918/4754/1729 2921/4755/1729 2920/4756/1729
f 2918/4754/1730 2919/4757/1730 2922/4758/1730 2921/4755/1730
f 2920/4756/1731 2921/4755/1731 2933/4759/1731 2930/4760/1731
f 2921/4755/1732 2922/4758/1732 2923/4761/1732 2933/4759/1732
f 2916/4762/1733 2924/4763/1733 2927/4764/1733 2926/4765/1733
f 2924/4763/1734 2925/4766/1734 2928/4767/1734 2927/4764/1734
f 2926/4765/1735 2927/4764/1735 2922/4758/1735 2919/4757/1735
f 2927/4764/1736 2928/4767/1736 2923/4761/1736 2922/4758/1736
f 2917/4768/1737 2929/4769/1737 2932/4770/1737 2931/4771/1737
f 2929/4769/1738 2930/4760/1738 2933/4759/1738 2932/4770/1738
f 2931/4771/1739 2932/4770/1739 2928/4767/1739 2925/4766/1739
f 2932/4770/1740 2933/4759/1740 2923/4761/1740 2928/4767/1740
f 2934/4772/1741 2937/4773/1741 2940/4774/1741 2939/4775/1741
f 2937/4773/1742 2938/4776/1742 2941/4777/1742 2940/4774/1742
f 2939/4775/1743 2940/4774/1743 2952/4778/1743 2949/4779/1743
f 2940/4774/1744 2941/4777/1744 2942/4780/1744 2952/4778/1744
f 2935/4781/1745 2943/4782/1745 2946/4783/1745 2945/4784/1745
f 2943/4782/1746 2944/4785/1746 2947/4786/1746 2946/4783/1746
f 2945/4784/1747 2946/4783/1747 2941/4777/1747 2938/4776/1747
f 2946/4783/1748 2947/4786/1748 2942/4780/1748 2941/4777/1748
f 2936/4787/1749 2948/4788/1749 2951/4789/1749 2950/4790/1749
f 2948/4788/1750 2949/4779/1750 2952/4778/1750 2951/4789/1750
f 2950/4790/1751 2951/4789/1751 2947/4786/1751 2944/4785/1751
f 2951/4789/1752 2952/4778/1752 2942/4780/1752 2947/4786/1752
f 2839/4667/1753 2801/4613/1753 2806/4616/1753 2842/4668/1753
f 2842/4668/1754 2806/4616/1754 2816/4620/1754 2843/4671/1754
f 2843/4683/1755 2816/4635/1755 2815/4632/1755 2850/4679/1755
f 2850/4679/1756 2815/4632/1756 2803/4631/1756 2840/4676/1756
f 2802/4622/1757 2820/4640/1757 2825/4643/1757 2810/4623/1757
f 2810/4623/1758 2825/4643/1758 2835/4647/1758 2811/4626/1758
f 2811/4638/1759 2835/4662/1759 2834/4659/1759 2817/4634/1759
f 2817/4634/1760 2834/4659/1760 2822/4658/1760 2803/4631/1760
f 2821/4649/1761 2858/4691/1761 2863/4694/1761 2829/4650/1761
f 2829/4650/1762 2863/4694/1762 2873/4698/1762 2830/4653/1762
f 2830/4665/1763 2873/4713/1763 2872/4710/1763 2836/4661/1763
f 2836/4661/1764 2872/4710/1764 2860/4709/1764 2822/4658/1764
f 2859/4700/1765 2841/4685/1765 2855/4688/1765 2867/4701/1765
f 2867/4701/1766 2855/4688/1766 2849/4680/1766 2868/4704/1766
f 2868/4704/1767 2849/4680/1767 2848/4677/1767 2874/4712/1767
f 2874/4712/1768 2848/4677/1768 2840/4676/1768 2860/4709/1768
f 2915/4753/1769 2839/4667/1769 2844/4670/1769 2918/4754/1769
f 2918/4754/1770 2844/4670/1770 2854/4674/1770 2919/4757/1770
f 2919/4757/1771 2854/4689/1771 2853/4686/1771 2926/4765/1771
f 2926/4765/1772 2853/4686/1772 2841/4685/1772 2916/4762/1772
f 2858/4691/1773 2934/4772/1773 2939/4775/1773 2861/4692/1773
f 2861/4692/1774 2939/4775/1774 2949/4779/1774 2862/4695/1774
f 2862/4707/1775 2949/4779/1775 2948/4788/1775 2869/4703/1775
f 2869/4703/1776 2948/4788/1776 2936/4787/1776 2859/4700/1776
f 2935/4781/1777 2917/4768/1777 2931/4771/1777 2943/4782/1777
f 2943/4782/1778 2931/4771/1778 2925/4766/1778 2944/4785/1778
f 2944/4785/1779 2925/4766/1779 2924/4763/1779 2950/4790/1779
f 2950/4790/1780 2924/4763/1780 2916/4762/1780 2936/4787/1780
f 2877/4715/1781 2915/4753/1781 2920/4756/1781 2880/4716/1781
f 2880/4716/1782 2920/4756/1782 2930/4760/1782 2881/4719/1782
f 2881/4719/1783 2930/4760/1783 2929/4769/1783 2888/4727/1783
f 2888/4727/1784 2929/4769/1784 2917/4768/1784 2878/4724/1784
f 2934/4772/1785 2896/4734/1785 2901/4737/1785 2937/4773/1785
f 2937/4773/1786 2901/4737/1786 2911/4741/1786 2938/4776/1786
f 2938/4776/1787 2911/4741/1787 2910/4750/1787 2945/4784/1787
f 2945/4784/1788 2910/4750/1788 2898/4749/1788 2935/4781/1788
f 2897/4743/1789 2879/4730/1789 2893/4733/1789 2905/4744/1789
f 2905/4744/1790 2893/4733/1790 2887/4728/1790 2906/4747/1790
f 2906/4747/1791 2887/4728/1791 2886/4725/1791 2912/4752/1791
f 2912/4752/1792 2886/4725/1792 2878/4724/1792 2898/4749/1792
f 2801/4613/1793 2877/4715/1793 2882/4718/1793 2804/4614/1793
f 2804/4614/1794 2882/4718/1794 2892/4722/1794 2805/4617/1794
f 2805/4629/1795 2892/4722/1795 2891/4731/1795 2812/4625/1795
f 2812/4625/1796 2891/4731/1796 2879/4730/1796 2802/4622/1796
f 2896/4734/1797 2821/4649/1797 2831/4652/1797 2899/4735/1797
f 2899/4735/1798 2831/4652/1798 2824/4656/1798 2900/4738/1798
f 2900/4738/1799 2824/4644/1799 2823/4641/1799 2907/4746/1799
f 2907/4746/1800 2823/4641/1800 2820/4640/1800 2897/4743/1800
f 2839/4667/1801 2915/4753/1801 2877/4715/1801 2801/4613/1801
f 2803/4631/1802 2822/4658/1802 2860/4709/1802 2840/4676/1802
f 2879/4730/1803 2897/4743/1803 2820/4640/1803 2802/4622/1803
f 2934/4772/1804 2858/4691/1804 2821/4649/1804 2896/4734/1804
f 2841/4685/1805 2859/4700/1805 2936/4787/1805 2916/4762/1805
f 2917/4768/1806 2935/4781/1806 2898/4749/1806 2878/4724/1806
o Camera_Body
v -25.500000 96.000000 15.500000
v -25.500000 98.000000 17.500000
v -27.500000 98.000000 15.500000
v -25.500000 96.152237 16.265368
v -25.500000 96.585785 16.914213
v -26.265368 96.152237 15.500000
v -26.284548 96.335976 16.284548
v -26.244741 96.687492 16.812510
v -26.654701 96.845299 16.654701
v -26.265368 98.000000 17.347759
v -26.914213 98.000000 16.914213
v -25.500000 97.234634 17.347759
v -26.284548 97.215454 17.164022
v -26.812510 97.255257 16.812510
v -27.347759 97.234634 15.500000
v -26.914213 96.585785 15.500000
v -27.347759 98.000000 16.265368
v -27.164022 97.215454 16.284548
v -26.812510 96.687492 16.244741
v -25.500000 124.000000 17.500000
v -25.500000 126.000000 15.500000
v -27.500000 124.000000 15.500000
v -25.500000 124.765366 17.347759
v -25.500000 125.414215 16.914213
v -26.265368 124.000000 17.347759
v -26.284548 124.784546 17.164022
v -26.244741 125.312508 16.812510
v -26.654701 125.154701 16.654701
v -26.265368 125.847763 15.500000
v -26.914213 125.414215 15.500000
v -25.500000 125.847763 16.265368
v -26.284548 125.664024 16.284548
v -26.812510 125.312508 16.244741
v -27.347759 124.000000 16.265368
v -26.914213 124.000000 16.914213
v -27.347759 124.765366 15.500000
v -27.164022 124.784546 16.284548
v -26.812510 124.744743 16.812510
v -25.500000 96.000000 -15.500000
v -27.500000 98.000000 -15.500000
v -25.500000 98.000000 -17.500000
v -26.265368 96.152237 -15.500000
v -26.914213 96.585785 -15.500000
v -25.500000 96.152237 -16.265368
v -26.284548 96.335976 -16.284548
v -26.812510 96.687492 -16.244741
v -26.654701 96.845299 -16.654701
v -27.347759 98.000000 -16.265368
v -26.914213 98.000000 -16.914213
v -27.347759 97.234634 -15.500000
v -27.164022 97.215454 -16.284548
v -26.812510 97.255257 -16.812510
v -25.500000 97.234634 -17.347759
v -25.500000 96.585785 -16.914213
v -26.265368 98.000000 -17.347759
v -26.284548 97.215454 -17.164022
v -26.244741 96.687492 -16.812510
v -25.500000 126.000000 -15.500000
v -25.500000 124.000000 -17.500000
v -27.500000 124.000000 -15.500000
v -25.500000 125.847763 -16.265368
v -25.500000 125.414215 -16.914213
v -26.265368 125.847763 -15.500000
v -26.284548 125.664024 -16.284548
v -26.244741 125.312508 -16.812510
v -26.654701 125.154701 -16.654701
v -26.265368 124.000000 -17.347759
v -26.914213 124.000000 -16.914213
v -25.500000 124.765366 -17.347759
v -26.284548 124.784546 -17.164022
v -26.812510 124.744743 -16.812510
v -27.347759 124.765366 -15.500000
v -26.914213 125.414215 -15.500000
v -27.347759 124.000000 -16.265368
v -27.164022 124.784546 -16.284548
v -26.812510 125.312508 -16.244741
v 5.500000 96.000000 15.500000
v 7.500000 98.000000 15.500000
v 5.500000 98.000000 17.500000
v 6.265367 96.152237 15.500000
v 6.914214 96.585785 15.500000
v 5.500000 96.152237 16.265368
v 6.284548 96.335976 16.284548
v 6.812509 96.687492 16.244741
v 6.654700 96.845299 16.654701
v 7.347759 98.000000 16.265368
v 6.914214 98.000000 16.914213
v 7.347759 97.234634 15.500000
v 7.164022 97.215454 16.284548
v 6.812509 97.255257 16.812510
v 5.500000 97.234634 17.347759
v 5.500000 96.585785 16.914213
v 6.265367 98.000000 17.347759
v 6.284548 97.215454 17.164022
v 6.244741 96.687492 16.812510
v 5.500000 126.000000 15.500000
v 5.500000 124.000000 17.500000
v 7.500000 124.000000 15.500000
v 5.500000 125.847763 16.265368
v 5.500000 125.414215 16.914213
v 6.265367 125.847763 15.500000
v 6.284548 125.664024 16.284548
v 6.244741 125.312508 16.812510
v 6.654700 125.154701 16.654701
v 6.265367 124.000000 17.347759
v 6.914214 124.000000 16.914213
v 5.500000 124.765366 17.347759
v 6.284548 124.784546 17.164022
v 6.812509 124.744743 16.812510
v 7.347759 124.765366 15.500000
v 6.914214 125.414215 15.500000
v 7.347759 124.000000 16.265368
v 7.164022 124.784546 16.284548
v 6.812509 125.312508 16.244741
v 5.500000 96.000000 -15.500000
v 5.500000 98.000000 -17.500000
v 7.500000 98.000000 -15.500000
v 5.500000 96.152237 -16.265368
v 5.500000 96.585785 -16.914213
v 6.265367 96.152237 -15.500000
v 6.284548 96.335976 -16.284548
v 6.244741 96.687492 -16.812510
v 6.654700 96.845299 -16.654701
v 6.265367 98.000000 -17.347759
v 6.914214 98.000000 -16.914213
v 5.500000 97.234634 -17.347759
v 6.284548 97.215454 -17.164022
v 6.812509 97.255257 -16.812510
v 7.347759 97.234634 -15.500000
v 6.914214 96.585785 -15.500000
v 7.347759 98.000000 -16.265368
v 7.164022 97.215454 -16.284548
v 6.812509 96.687492 -16.244741
v 5.500000 126.000000 -15.500000
v 7.500000 124.000000 -15.500000
v 5.500000 124.000000 -17.500000
v 6.265367 125.847763 -15.500000
v 6.914214 125.414215 -15.500000
v 5.500000 125.847763 -16.265368
v 6.284548 125.664024 -16.284548
v 6.812509 125.312508 -16.244741
v 6.654700 125.154701 -16.654701
v 7.347759 124.000000 -16.265368
v 6.914214 124.000000 -16.914213
v 7.347759 124.765366 -15.500000
v 7.164022 124.784546 -16.284548
v 6.812509 124.744743 -16.812510
v 5.500000 124.765366 -17.347759
v 5.500000 125.414215 -16.914213
v 6.265367 124.000000 -17.347759
v 6.284548 124.784546 -17.164022
v 6.244741 125.312508 -16.812510
vn -0.2049 -0.9571 0.2049
vn -0.1818 -0.8152 0.5500
vn -0.5500 -0.8152 0.1818
vn -0.4931 -0.7167 0.4931
vn -0.2049 -0.2049 0.9571
vn -0.5500 -0.1818 0.8152
vn -0.1818 -0.5500 0.8152
vn -0.4931 -0.4931 0.7167
vn -0.9571 -0.2049 0.2049
vn -0.8152 -0.5500 0.1818
vn -0.8152 -0.1818 0.5500
vn -0.7167 -0.4931 0.4931
vn -0.2049 0.2049 0.9571
vn -0.1818 0.5500 0.8152
vn -0.5500 0.1818 0.8152
vn -0.4931 0.4931 0.7167
vn -0.2049 0.9571 0.2049
vn -0.5500 0.8152 0.1818
vn -0.1818 0.8152 0.5500
vn -0.4931 0.7167 0.4931
vn -0.9571 0.2049 0.2049
vn -0.8152 0.1818 0.5500
vn -0.8152 0.5499 0.1818
vn -0.7167 0.4931 0.4931
vn -0.2049 -0.9571 -0.2049
vn -0.5500 -0.8152 -0.1818
vn -0.1818 -0.8152 -0.5500
vn -0.4931 -0.7167 -0.4931
vn -0.9571 -0.2049 -0.2049
vn -0.8152 -0.1818 -0.5500
vn -0.8152 -0.5500 -0.1818
vn -0.7167 -0.4931 -0.4931
vn -0.2049 -0.2049 -0.9571
vn -0.1818 -0.5500 -0.8152
vn -0.5500 -0.1818 -0.8152
vn -0.4931 -0.4931 -0.7167
vn -0.2049 0.9571 -0.2049
vn -0.1818 0.8152 -0.5500
vn -0.5500 0.8152 -0.1818
vn -0.4931 0.7167 -0.4931
vn -0.2049 0.2049 -0.9571
vn -0.5500 0.1818 -0.8152
vn -0.1818 0.5500 -0.8152
vn -0.4931 0.4931 -0.7167
vn -0.9571 0.2049 -0.2049
vn -0.8152 0.5500 -0.1818
vn -0.8152 0.1818 -0.5500
vn -0.7167 0.4931 -0.4931
vn 0.2049 -0.9571 0.2049
vn 0.5500 -0.8152 0.1818
vn 0.1818 -0.8152 0.5500
vn 0.4931 -0.7167 0.4931
vn 0.9571 -0.2049 0.2049
vn 0.8152 -0.1818 0.5500
vn 0.8152 -0.5500 0.1818
vn 0.7167 -0.4931 0.4931
vn 0.2049 -0.2049 0.9571
vn 0.1818 -0.5500 0.8152
vn 0.5500 -0.1818 0.8152
vn 0.4931 -0.4931 0.7167
vn 0.2049 0.9571 0.2049
vn 0.1818 0.8152 0.5500
vn 0.5500 0.8152 0.1818
vn 0.4931 0.7167 0.4931
vn 0.2049 0.2049 0.9571
vn 0.5500 0.1818 0.8152
vn 0.1818 0.5500 0.8152
vn 0.4931 0.4931 0.7167
vn 0.9571 0.2049 0.2049
vn 0.8152 0.5500 0.1818
vn 0.8152 0.1818 0.5500
vn 0.7167 0.4931 0.4931
vn 0.2049 -0.9571 -0.2049
vn 0.1818 -0.8152 -0.5500
vn 0.5500 -0.8152 -0.1818
vn 0.4931 -0.7167 -0.4931
vn 0.2049 -0.2049 -0.9571
vn 0.5500 -0.1818 -0.8152
vn 0.1818 -0.5500 -0.8152
vn 0.4931 -0.4931 -0.7167
vn 0.9571 -0.2049 -0.2049
vn 0.8152 -0.5500 -0.1818
vn 0.8152 -0.1818 -0.5500
vn 0.7167 -0.4931 -0.4931
vn 0.2049 0.9571 -0.2049
vn 0.5500 0.8152 -0.1818
vn 0.1818 0.8152 -0.5500
vn 0.4931 0.7167 -0.4931
vn 0.9571 0.2049 -0.2049
vn 0.8152 0.1818 -0.5500
vn 0.8152 0.5499 -0.1818
vn 0.7167 0.4931 -0.4931
vn 0.2049 0.2049 -0.9571
vn 0.1818 0.5500 -0.8152
vn 0.5500 0.1818 -0.8152
vn 0.4931 0.4931 -0.7167
vn -0.1951 -0.9808 -0.0000
vn -0.5556 -0.8315 -0.0000
vn -0.8315 -0.5556 -0.0000
vn -0.9808 -0.1951 -0.0000
vn -0.1951 -0.0000 0.9808
vn -0.5556 -0.0000 0.8315
vn -0.8315 -0.0000 0.5556
vn -0.9808 -0.0000 0.1951
vn -0.1951 0.9808 -0.0000
vn -0.5556 0.8315 -0.0000
vn -0.8315 0.5556 -0.0000
vn -0.9808 0.1951 -0.0000
vn -0.1951 -0.0000 -0.9808
vn -0.5556 -0.0000 -0.8315
vn -0.8315 -0.0000 -0.5556
vn -0.9808 -0.0000 -0.1951
vn -0.0000 -0.9808 -0.1951
vn -0.0000 -0.8315 -0.5556
vn -0.0000 -0.5556 -0.8315
vn -0.0000 -0.1951 -0.9808
vn -0.0000 0.9808 -0.1951
vn -0.0000 0.8315 -0.5556
vn -0.0000 0.5556 -0.8315
vn -0.0000 0.1951 -0.9808
vn 0.9808 -0.0000 -0.1951
vn 0.8315 -0.0000 -0.5556
vn 0.5556 -0.0000 -0.8315
vn 0.1951 -0.0000 -0.9808
vn 0.1951 -0.9808 -0.0000
vn 0.5556 -0.8315 -0.0000
vn 0.8315 -0.5556 -0.0000
vn 0.9808 -0.1951 -0.0000
vn 0.1951 0.9808 -0.0000
vn 0.5556 0.8315 -0.0000
vn 0.8315 0.5556 -0.0000
vn 0.9808 0.1951 -0.0000
vn 0.1951 -0.0000 0.9808
vn 0.5556 -0.0000 0.8315
vn 0.8315 -0.0000 0.5556
vn 0.9808 -0.0000 0.1951
vn -0.0000 -0.9808 0.1951
vn -0.0000 -0.8315 0.5556
vn -0.0000 -0.5556 0.8315
vn -0.0000 -0.1951 0.9808
vn -0.0000 0.9808 0.1951
vn -0.0000 0.8315 0.5556
vn -0.0000 0.5556 0.8315
vn -0.0000 0.1951 0.9808
vn -0.0000 -1.0000 -0.0000
vn -1.0000 -0.0000 -0.0000
vn -0.0000 -0.0000 1.0000
vn -0.0000 1.0000 -0.0000
vn -0.0000 -0.0000 -1.0000
vn 1.0000 -0.0000 -0.0000
vt 0.139286 0.735714
vt 0.139286 0.741181
vt 0.133682 0.741318
vt 0.133819 0.735714
vt 0.139286 0.750000
vt 0.133966 0.750000
vt 0.125000 0.741034
vt 0.125000 0.735714
vt 0.131038 0.750000
vt 0.391667 0.985714
vt 0.391667 0.991181
vt 0.385129 0.991318
vt 0.385289 0.985714
vt 0.391667 1.000000
vt 0.385460 1.000000
vt 0.375000 0.991034
vt 0.375000 0.985714
vt 0.382044 1.000000
vt 0.391667 0.014286
vt 0.385289 0.014286
vt 0.385129 0.008682
vt 0.391667 0.008819
vt 0.375000 0.014286
vt 0.375000 0.008966
vt 0.385460 0.000000
vt 0.391667 0.000000
vt 0.375000 0.006038
vt 0.608333 0.985714
vt 0.614711 0.985714
vt 0.614871 0.991318
vt 0.608333 0.991181
vt 0.625000 0.985714
vt 0.625000 0.991034
vt 0.614540 1.000000
vt 0.608333 1.000000
vt 0.625000 0.993962
vt 0.860714 0.735714
vt 0.866181 0.735714
vt 0.866318 0.741318
vt 0.860714 0.741181
vt 0.875000 0.735714
vt 0.875000 0.741034
vt 0.866034 0.750000
vt 0.860714 0.750000
vt 0.875000 0.743962
vt 0.608333 0.014286
vt 0.608333 0.008819
vt 0.614871 0.008682
vt 0.614711 0.014286
vt 0.608333 0.000000
vt 0.614540 0.000000
vt 0.625000 0.008966
vt 0.625000 0.014286
vt 0.617956 0.000000
vt 0.139286 0.514286
vt 0.133819 0.514286
vt 0.133682 0.508682
vt 0.139286 0.508819
vt 0.125000 0.514286
vt 0.125000 0.508966
vt 0.133966 0.500000
vt 0.139286 0.500000
vt 0.125000 0.506038
vt 0.391667 0.235714
vt 0.391667 0.241181
vt 0.385129 0.241318
vt 0.385289 0.235714
vt 0.391667 0.250000
vt 0.385460 0.250000
vt 0.375000 0.241034
vt 0.375000 0.235714
vt 0.378522 0.253019
vt 0.391667 0.264286
vt 0.385289 0.264286
vt 0.385129 0.258682
vt 0.391667 0.258819
vt 0.375000 0.264286
vt 0.375000 0.258966
vt 0.860714 0.514286
vt 0.860714 0.508819
vt 0.866318 0.508682
vt 0.866181 0.514286
vt 0.860714 0.500000
vt 0.866034 0.500000
vt 0.875000 0.508966
vt 0.875000 0.514286
vt 0.868962 0.500000
vt 0.608333 0.264286
vt 0.608333 0.258819
vt 0.614871 0.258682
vt 0.614711 0.264286
vt 0.608333 0.250000
vt 0.614540 0.250000
vt 0.625000 0.258966
vt 0.625000 0.264286
vt 0.621478 0.246981
vt 0.608333 0.235714
vt 0.614711 0.235714
vt 0.614871 0.241318
vt 0.608333 0.241181
vt 0.625000 0.235714
vt 0.625000 0.241034
vt 0.360714 0.735714
vt 0.366181 0.735714
vt 0.366318 0.741318
vt 0.360714 0.741181
vt 0.375000 0.735714
vt 0.375000 0.741034
vt 0.370517 0.754483
vt 0.367857 0.757143
vt 0.377348 0.750000
vt 0.391667 0.735714
vt 0.391667 0.741181
vt 0.385129 0.741318
vt 0.385289 0.735714
vt 0.391667 0.750000
vt 0.385460 0.750000
vt 0.391667 0.764286
vt 0.385289 0.764286
vt 0.385129 0.758682
vt 0.391667 0.758819
vt 0.639286 0.735714
vt 0.639286 0.741181
vt 0.633682 0.741318
vt 0.633819 0.735714
vt 0.632143 0.757143
vt 0.629483 0.754483
vt 0.625000 0.741034
vt 0.625000 0.735714
vt 0.624665 0.747987
vt 0.608333 0.764286
vt 0.608333 0.758819
vt 0.614871 0.758682
vt 0.614711 0.764286
vt 0.608333 0.750000
vt 0.614540 0.750000
vt 0.608333 0.735714
vt 0.614711 0.735714
vt 0.614871 0.741318
vt 0.608333 0.741181
vt 0.360714 0.514286
vt 0.360714 0.508819
vt 0.366318 0.508682
vt 0.366181 0.514286
vt 0.367857 0.492857
vt 0.370517 0.495517
vt 0.375000 0.508966
vt 0.375000 0.514286
vt 0.375335 0.502013
vt 0.391667 0.485714
vt 0.391667 0.491181
vt 0.385129 0.491318
vt 0.385289 0.485714
vt 0.391667 0.500000
vt 0.385460 0.500000
vt 0.391667 0.514286
vt 0.385289 0.514286
vt 0.385129 0.508682
vt 0.391667 0.508819
vt 0.639286 0.514286
vt 0.633819 0.514286
vt 0.633682 0.508682
vt 0.639286 0.508819
vt 0.625000 0.514286
vt 0.625000 0.508966
vt 0.629483 0.495517
vt 0.632143 0.492857
vt 0.622652 0.500000
vt 0.608333 0.514286
vt 0.608333 0.508819
vt 0.614871 0.508682
vt 0.614711 0.514286
vt 0.608333 0.500000
vt 0.614540 0.500000
vt 0.608333 0.485714
vt 0.614711 0.485714
vt 0.614871 0.491318
vt 0.608333 0.491181
s 0
usemtl Camera_Housing
f 2953/4791/1807 2956/4792/1807 2959/4793/1807 2958/4794/1807
f 2956/4792/1808 2957/4795/1808 2960/4796/1808 2959/4793/1808
f 2958/4794/1809 2959/4793/1809 2971/4797/1809 2968/4798/1809
f 2959/4793/1810 2960/4796/1810 2961/4799/1810 2971/4797/1810
f 2954/4800/1811 2962/4801/1811 2965/4802/1811 2964/4803/1811
f 2962/4801/1812 2963/4804/1812 2966/4805/1812 2965/4802/1812
f 2964/4803/1813 2965/4802/1813 2960/4806/1813 2957/4807/1813
f 2965/4802/1814 2966/4805/1814 2961/4808/1814 2960/4806/1814
f 2955/4809/1815 2967/4810/1815 2970/4811/1815 2969/4812/1815
f 2967/4810/1816 2968/4813/1816 2971/4814/1816 2970/4811/1816
f 2969/4812/1817 2970/4811/1817 2966/4815/1817 2963/4816/1817
f 2970/4811/1818 2971/4814/1818 2961/4817/1818 2966/4815/1818
f 2972/4818/1819 2975/4819/1819 2978/4820/1819 2977/4821/1819
f 2975/4819/1820 2976/4822/1820 2979/4823/1820 2978/4820/1820
f 2977/4821/1821 2978/4820/1821 2990/4824/1821 2987/4825/1821
f 2978/4820/1822 2979/4823/1822 2980/4826/1822 2990/4824/1822
f 2973/4827/1823 2981/4828/1823 2984/4829/1823 2983/4830/1823
f 2981/4828/1824 2982/4831/1824 2985/4832/1824 2984/4829/1824
f 2983/4830/1825 2984/4829/1825 2979/4833/1825 2976/4834/1825
f 2984/4829/1826 2985/4832/1826 2980/4835/1826 2979/4833/1826
f 2974/4836/1827 2986/4837/1827 2989/4838/1827 2988/4839/1827
f 2986/4837/1828 2987/4840/1828 2990/4841/1828 2989/4838/1828
f 2988/4839/1829 2989/4838/1829 2985/4842/1829 2982/4843/1829
f 2989/4838/1830 2990/4841/1830 2980/4844/1830 2985/4842/1830
f 2991/4845/1831 2994/4846/1831 2997/4847/1831 2996/4848/1831
f 2994/4846/1832 2995/4849/1832 2998/4850/1832 2997/4847/1832
f 2996/4848/1833 2997/4847/1833 3009/4851/1833 3006/4852/1833
f 2997/4847/1834 2998/4850/1834 2999/4853/1834 3009/4851/1834
f 2992/4854/1835 3000/4855/1835 3003/4856/1835 3002/4857/1835
f 3000/4855/1836 3001/4858/1836 3004/4859/1836 3003/4856/1836
f 3002/4857/1837 3003/4856/1837 2998/4860/1837 2995/4861/1837
f 3003/4856/1838 3004/4859/1838 2999/4862/1838 2998/4860/1838
f 2993/4863/1839 3005/4864/1839 3008/4865/1839 3007/4866/1839
f 3005/4864/1840 3006/4867/1840 3009/4868/1840 3008/4865/1840
f 3007/4866/1841 3008/4865/1841 3004/4859/1841 3001/4858/1841
f 3008/4865/1842 3009/4868/1842 2999/4862/1842 3004/4859/1842
f 3010/4869/1843 3013/4870/1843 3016/4871/1843 3015/4872/1843
f 3013/4870/1844 3014/4873/1844 3017/4874/1844 3016/4871/1844
f 3015/4872/1845 3016/4871/1845 3028/4875/1845 3025/4876/1845
f 3016/4871/1846 3017/4874/1846 3018/4877/1846 3028/4875/1846
f 3011/4878/1847 3019/4879/1847 3022/4880/1847 3021/4881/1847
f 3019/4879/1848 3020/4882/1848 3023/4883/1848 3022/4880/1848
f 3021/4881/1849 3022/4880/1849 3017/4884/1849 3014/4885/1849
f 3022/4880/1850 3023/4883/1850 3018/4886/1850 3017/4884/1850
f 3012/4887/1851 3024/4888/1851 3027/4889/1851 3026/4890/1851
f 3024/4888/1852 3025/4891/1852 3028/4892/1852 3027/4889/1852
f 3026/4890/1853 3027/4889/1853 3023/4883/1853 3020/4882/1853
f 3027/4889/1854 3028/4892/1854 3018/4886/1854 3023/4883/1854
f 3029/4893/1855 3032/4894/1855 3035/4895/1855 3034/4896/1855
f 3032/4894/1856 3033/4897/1856 3036/4898/1856 3035/4895/1856
f 3034/4896/1857 3035/4895/1857 3047/4899/1857 3044/4900/1857
f 3035/4895/1858 3036/4898/1858 3037/4901/1858 3047/4899/1858
f 3030/4902/1859 3038/4903/1859 3041/4904/1859 3040/4905/1859
f 3038/4903/1860 3039/4906/1860 3042/4907/1860 3041/4904/1860
f 3040/4905/1861 3041/4904/1861 3036/4898/1861 3033/4897/1861
f 3041/4904/1862 3042/4907/1862 3037/4901/1862 3036/4898/1862
f 3031/4908/1863 3043/4909/1863 3046/4910/1863 3045/4911/1863
f 3043/4909/1864 3044/4900/1864 3047/4899/1864 3046/4910/1864
f 3045/4911/1865 3046/4910/1865 3042/4907/1865 3039/4906/1865
f 3046/4910/1866 3047/4899/1866 3037/4901/1866 3042/4907/1866
f 3048/4912/1867 3051/4913/1867 3054/4914/1867 3053/4915/1867
f 3051/4913/1868 3052/4916/1868 3055/4917/1868 3054/4914/1868
f 3053/4915/1869 3054/4914/1869 3066/4918/1869 3063/4919/1869
f 3054/4914/1870 3055/4917/1870 3056/4920/1870 3066/4918/1870
f 3049/4921/1871 3057/4922/1871 3060/4923/1871 3059/4924/1871
f 3057/4922/1872 3058/4925/1872 3061/4926/1872 3060/4923/1872
f 3059/4924/1873 3060/4923/1873 3055/4917/1873 3052/4916/1873
f 3060/4923/1874 3061/4926/1874 3056/4920/1874 3055/4917/1874
f 3050/4927/1875 3062/4928/1875 3065/4929/1875 3064/4930/1875
f 3062/4928/1876 3063/4919/1876 3066/4918/1876 3065/4929/1876
f 3064/4930/1877 3065/4929/1877 3061/4926/1877 3058/4925/1877
f 3065/4929/1878 3066/4918/1878 3056/4920/1878 3061/4926/1878
f 3067/4931/1879 3070/4932/1879 3073/4933/1879 3072/4934/1879
f 3070/4932/1880 3071/4935/1880 3074/4936/1880 3073/4933/1880
f 3072/4934/1881 3073/4933/1881 3085/4937/1881 3082/4938/1881
f 3073/4933/1882 3074/4936/1882 3075/4939/1882 3085/4937/1882
f 3068/4940/1883 3076/4941/1883 3079/4942/1883 3078/4943/1883
f 3076/4941/1884 3077/4944/1884 3080/4945/1884 3079/4942/1884
f 3078/4943/1885 3079/4942/1885 3074/4936/1885 3071/4935/1885
f 3079/4942/1886 3080/4945/1886 3075/4939/1886 3074/4936/1886
f 3069/4946/1887 3081/4947/1887 3084/4948/1887 3083/4949/1887
f 3081/4947/1888 3082/4938/1888 3085/4937/1888 3084/4948/1888
f 3083/4949/1889 3084/4948/1889 3080/4945/1889 3077/4944/1889
f 3084/4948/1890 3085/4937/1890 3075/4939/1890 3080/4945/1890
f 3086/4950/1891 3089/4951/1891 3092/4952/1891 3091/4953/1891
f 3089/4951/1892 3090/4954/1892 3093/4955/1892 3092/4952/1892
f 3091/4953/1893 3092/4952/1893 3104/4956/1893 3101/4957/1893
f 3092/4952/1894 3093/4955/1894 3094/4958/1894 3104/4956/1894
f 3087/4959/1895 3095/4960/1895 3098/4961/1895 3097/4962/1895
f 3095/4960/1896 3096/4963/1896 3099/4964/1896 3098/4961/1896
f 3097/4962/1897 3098/4961/1897 3093/4955/1897 3090/4954/1897
f 3098/4961/1898 3099/4964/1898 3094/4958/1898 3093/4955/1898
f 3088/4965/1899 3100/4966/1899 3103/4967/1899 3102/4968/1899
f 3100/4966/1900 3101/4957/1900 3104/4956/1900 3103/4967/1900
f 3102/4968/1901 3103/4967/1901 3099/4964/1901 3096/4963/1901
f 3103/4967/1902 3104/4956/1902 3094/4958/1902 3099/4964/1902
f 2991/4845/1903 2953/4791/1903 2958/4794/1903 2994/4846/1903
f 2994/4846/1904 2958/4794/1904 2968/4798/1904 2995/4849/1904
f 2995/4861/1905 2968/4813/1905 2967/4810/1905 3002/4857/1905
f 3002/4857/1906 2967/4810/1906 2955/4809/1906 2992/4854/1906
f 2954/4800/1907 2972/4818/1907 2977/4821/1907 2962/4801/1907
f 2962/4801/1908 2977/4821/1908 2987/4825/1908 2963/4804/1908
f 2963/4816/1909 2987/4840/1909 2986/4837/1909 2969/4812/1909
f 2969/4812/1910 2986/4837/1910 2974/4836/1910 2955/4809/1910
f 2973/4827/1911 3010/4869/1911 3015/4872/1911 2981/4828/1911
f 2981/4828/1912 3015/4872/1912 3025/4876/1912 2982/4831/1912
f 2982/4843/1913 3025/4891/1913 3024/4888/1913 2988/4839/1913
f 2988/4839/1914 3024/4888/1914 3012/4887/1914 2974/4836/1914
f 3011/4878/1915 2993/4863/1915 3007/4866/1915 3019/4879/1915
f 3019/4879/1916 3007/4866/1916 3001/4858/1916 3020/4882/1916
f 3020/4882/1917 3001/4858/1917 3000/4855/1917 3026/4890/1917
f 3026/4890/1918 3000/4855/1918 2992/4854/1918 3012/4887/1918
f 3067/4931/1919 2991/4845/1919 2996/4848/1919 3070/4932/1919
f 3070/4932/1920 2996/4848/1920 3006/4852/1920 3071/4935/1920
f 3071/4935/1921 3006/4867/1921 3005/4864/1921 3078/4943/1921
f 3078/4943/1922 3005/4864/1922 2993/4863/1922 3068/4940/1922
f 3010/4869/1923 3086/4950/1923 3091/4953/1923 3013/4870/1923
f 3013/4870/1924 3091/4953/1924 3101/4957/1924 3014/4873/1924
f 3014/4885/1925 3101/4957/1925 3100/4966/1925 3021/4881/1925
f 3021/4881/1926 3100/4966/1926 3088/4965/1926 3011/4878/1926
f 3087/4959/1927 3069/4946/1927 3083/4949/1927 3095/4960/1927
f 3095/4960/1928 3083/4949/1928 3077/4944/1928 3096/4963/1928
f 3096/4963/1929 3077/4944/1929 3076/4941/1929 3102/4968/1929
f 3102/4968/1930 3076/4941/1930 3068/4940/1930 3088/4965/1930
f 3029/4893/1931 3067/4931/1931 3072/4934/1931 3032/4894/1931
f 3032/4894/1932 3072/4934/1932 3082/4938/1932 3033/4897/1932
f 3033/4897/1933 3082/4938/1933 3081/4947/1933 3040/4905/1933
f 3040/4905/1934 3081/4947/1934 3069/4946/1934 3030/4902/1934
f 3086/4950/1935 3048/4912/1935 3053/4915/1935 3089/4951/1935
f 3089/4951/1936 3053/4915/1936 3063/4919/1936 3090/4954/1936
f 3090/4954/1937 3063/4919/1937 3062/4928/1937 3097/4962/1937
f 3097/4962/1938 3062/4928/1938 3050/4927/1938 3087/4959/1938
f 3049/4921/1939 3031/4908/1939 3045/4911/1939 3057/4922/1939
f 3057/4922/1940 3045/4911/1940 3039/4906/1940 3058/4925/1940
f 3058/4925/1941 3039/4906/1941 3038/4903/1941 3064/4930/1941
f 3064/4930/1942 3038/4903/1942 3030/4902/1942 3050/4927/1942
f 2953/4791/1943 3029/4893/1943 3034/4896/1943 2956/4792/1943
f 2956/4792/1944 3034/4896/1944 3044/4900/1944 2957/4795/1944
f 2957/4807/1945 3044/4900/1945 3043/4909/1945 2964/4803/1945
f 2964/4803/1946 3043/4909/1946 3031/4908/1946 2954/4800/1946
f 3048/4912/1947 2973/4827/1947 2983/4830/1947 3051/4913/1947
f 3051/4913/1948 2983/4830/1948 2976/4834/1948 3052/4916/1948
f 3052/4916/1949 2976/4822/1949 2975/4819/1949 3059/4924/1949
f 3059/4924/1950 2975/4819/1950 2972/4818/1950 3049/4921/1950
f 2991/4845/1951 3067/4931/1951 3029/4893/1951 2953/4791/1951
f 2955/4809/1952 2974/4836/1952 3012/4887/1952 2992/4854/1952
f 3031/4908/1953 3049/4921/1953 2972/4818/1953 2954/4800/1953
f 3086/4950/1954 3010/4869/1954 2973/4827/1954 3048/4912/1954
f 2993/4863/1955 3011/4878/1955 3088/4965/1955 3068/4940/1955
f 3069/4946/1956 3087/4959/1956 3050/4927/1956 3030/4902/1956
o Camera_Lens
v -10.000000 123.000000 17.500000
v -10.000000 123.000000 32.500000
v -8.433685 122.897339 17.500000
v -8.433685 122.897339 32.500000
v -6.894172 122.591110 17.500000
v -6.894172 122.591110 32.500000
v -5.407799 122.086555 17.500000
v -5.407799 122.086555 32.500000
v -4.000000 121.392303 17.500000
v -4.000000 121.392303 32.500000
v -2.694863 120.520241 17.500000
v -2.694863 120.520241 32.500000
v -1.514719 119.485283 17.500000
v -1.514719 119.485283 32.500000
v -0.479760 118.305138 17.500000
v -0.479760 118.305138 32.500000
v 0.392304 117.000000 17.500000
v 0.392304 117.000000 32.500000
v 1.086554 115.592201 17.500000
v 1.086554 115.592201 32.500000
v 1.591110 114.105827 17.500000
v 1.591110 114.105827 32.500000
v 1.897339 112.566315 17.500000
v 1.897339 112.566315 32.500000
v 2.000000 111.000000 17.500000
v 2.000000 111.000000 32.500000
v 1.897339 109.433685 17.500000
v 1.897339 109.433685 32.500000
v 1.591110 107.894173 17.500000
v 1.591110 107.894173 32.500000
v 1.086554 106.407799 17.500000
v 1.086554 106.407799 32.500000
v 0.392304 105.000000 17.500000
v 0.392304 105.000000 32.500000
v -0.479760 103.694862 17.500000
v -0.479760 103.694862 32.500000
v -1.514719 102.514717 17.500000
v -1.514719 102.514717 32.500000
v -2.694863 101.479759 17.500000
v -2.694863 101.479759 32.500000
v -4.000000 100.607697 17.500000
v -4.000000 100.607697 32.500000
v -5.407799 99.913445 17.500000
v -5.407799 99.913445 32.500000
v -6.894172 99.408890 17.500000
v -6.894172 99.408890 32.500000
v -8.433685 99.102661 17.500000
v -8.433685 99.102661 32.500000
v -10.000000 99.000000 17.500000
v -10.000000 99.000000 32.500000
v -11.566315 99.102661 17.500000
v -11.566315 99.102661 32.500000
v -13.105828 99.408890 17.500000
v -13.105828 99.408890 32.500000
v -14.592201 99.913445 17.500000
v -14.592201 99.913445 32.500000
v -16.000000 100.607697 17.500000
v -16.000000 100.607697 32.500000
v -17.305138 101.479759 17.500000
v -17.305138 101.479759 32.500000
v -18.485281 102.514717 17.500000
v -18.485281 102.514717 32.500000
v -19.520241 103.694862 17.500000
v -19.520241 103.694862 32.500000
v -20.392303 105.000000 17.500000
v -20.392303 105.000000 32.500000
v -21.086554 106.407799 17.500000
v -21.086554 106.407799 32.500000
v -21.591110 107.894173 17.500000
v -21.591110 107.894173 32.500000
v -21.897339 109.433685 17.500000
v -21.897339 109.433685 32.500000
v -22.000000 111.000000 17.500000
v -22.000000 111.000000 32.500000
v -21.897339 112.566315 17.500000
v -21.897339 112.566315 32.500000
v -21.591110 114.105827 17.500000
v -21.591110 114.105827 32.500000
v -21.086554 115.592201 17.500000
v -21.086554 115.592201 32.500000
v -20.392303 117.000000 17.500000
v -20.392303 117.000000 32.500000
v -19.520241 118.305138 17.500000
v -19.520241 118.305138 32.500000
v -18.485281 119.485283 17.500000
v -18.485281 119.485283 32.500000
v -17.305138 120.520241 17.500000
v -17.305138 120.520241 32.500000
v -16.000000 121.392303 17.500000
v -16.000000 121.392303 32.500000
v -14.592201 122.086555 17.500000
v -14.592201 122.086555 32.500000
v -13.105828 122.591110 17.500000
v -13.105828 122.591110 32.500000
v -11.566315 122.897339 17.500000
v -11.566315 122.897339 32.500000
vn 0.0654 0.9979 -0.0000
vn 0.1951 0.9808 -0.0000
vn 0.3214 0.9469 -0.0000
vn 0.4423 0.8969 -0.0000
vn 0.5556 0.8315 -0.0000
vn 0.6593 0.7518 -0.0000
vn 0.7518 0.6593 -0.0000
vn 0.8315 0.5556 -0.0000
vn 0.8969 0.4423 -0.0000
vn 0.9469 0.3214 -0.0000
vn 0.9808 0.1951 -0.0000
vn 0.9979 0.0654 -0.0000
vn 0.9979 -0.0654 -0.0000
vn 0.9808 -0.1951 -0.0000
vn 0.9469 -0.3214 -0.0000
vn 0.8969 -0.4423 -0.0000
vn 0.8315 -0.5556 -0.0000
vn 0.7518 -0.6593 -0.0000
vn 0.6593 -0.7518 -0.0000
vn 0.5556 -0.8315 -0.0000
vn 0.4423 -0.8969 -0.0000
vn 0.3214 -0.9469 -0.0000
vn 0.1951 -0.9808 -0.0000
vn 0.0654 -0.9979 -0.0000
vn -0.0654 -0.9979 -0.0000
vn -0.1951 -0.9808 -0.0000
vn -0.3214 -0.9469 -0.0000
vn -0.4423 -0.8969 -0.0000
vn -0.5556 -0.8315 -0.0000
vn -0.6593 -0.7518 -0.0000
vn -0.7518 -0.6593 -0.0000
vn -0.8315 -0.5556 -0.0000
vn -0.8969 -0.4423 -0.0000
vn -0.9469 -0.3214 -0.0000
vn -0.9808 -0.1951 -0.0000
vn -0.9979 -0.0654 -0.0000
vn -0.9979 0.0654 -0.0000
vn -0.9808 0.1951 -0.0000
vn -0.9469 0.3214 -0.0000
vn -0.8969 0.4423 -0.0000
vn -0.8315 0.5556 -0.0000
vn -0.7518 0.6593 -0.0000
vn -0.6593 0.7518 -0.0000
vn -0.5556 0.8315 -0.0000
vn -0.4423 0.8969 -0.0000
vn -0.3214 0.9469 -0.0000
vn -0.0000 -0.0000 1.0000
vn -0.1951 0.9808 -0.0000
vn -0.0654 0.9979 -0.0000
vn -0.0000 -0.0000 -1.0000
vt 1.000000 0.500000
vt 1.000000 1.000000
vt 0.979167 1.000000
vt 0.979167 0.500000
vt 0.958333 1.000000
vt 0.958333 0.500000
vt 0.937500 1.000000
vt 0.937500 0.500000
vt 0.916667 1.000000
vt 0.916667 0.500000
vt 0.895833 1.000000
vt 0.895833 0.500000
vt 0.875000 1.000000
vt 0.875000 0.500000
vt 0.854167 1.000000
vt 0.854167 0.500000
vt 0.833333 1.000000
vt 0.833333 0.500000
vt 0.812500 1.000000
vt 0.812500 0.500000
vt 0.791667 1.000000
vt 0.791667 0.500000
vt 0.770834 1.000000
vt 0.770834 0.500000
vt 0.750000 1.000000
vt 0.750000 0.500000
vt 0.729167 1.000000
vt 0.729167 0.500000
vt 0.708334 1.000000
vt 0.708334 0.500000
vt 0.687500 1.000000
vt 0.687500 0.500000
vt 0.666667 1.000000
vt 0.666667 0.500000
vt 0.645834 1.000000
vt 0.645834 0.500000
vt 0.625000 1.000000
vt 0.625000 0.500000
vt 0.604167 1.000000
vt 0.604167 0.500000
vt 0.583334 1.000000
vt 0.583334 0.500000
vt 0.562500 1.000000
vt 0.562500 0.500000
vt 0.541667 1.000000
vt 0.541667 0.500000
vt 0.520834 1.000000
vt 0.520834 0.500000
vt 0.500000 1.000000
vt 0.500000 0.500000
vt 0.479167 1.000000
vt 0.479167 0.500000
vt 0.458334 1.000000
vt 0.458334 0.500000
vt 0.437500 1.000000
vt 0.437500 0.500000
vt 0.416667 1.000000
vt 0.416667 0.500000
vt 0.395834 1.000000
vt 0.395834 0.500000
vt 0.375000 1.000000
vt 0.375000 0.500000
vt 0.354167 1.000000
vt 0.354167 0.500000
vt 0.333334 1.000000
vt 0.333334 0.500000
vt 0.312500 1.000000
vt 0.312500 0.500000
vt 0.291667 1.000000
vt 0.291667 0.500000
vt 0.270834 1.000000
vt 0.270834 0.500000
vt 0.250000 1.000000
vt 0.250000 0.500000
vt 0.229167 1.000000
vt 0.229167 0.500000
vt 0.208334 1.000000
vt 0.208334 0.500000
vt 0.187500 1.000000
vt 0.187500 0.500000
vt 0.166667 1.000000
vt 0.166667 0.500000
vt 0.145834 1.000000
vt 0.145834 0.500000
vt 0.125000 1.000000
vt 0.125000 0.500000
vt 0.104167 1.000000
vt 0.104167 0.500000
vt 0.083334 1.000000
vt 0.083334 0.500000
vt 0.062500 1.000000
vt 0.062500 0.500000
vt 0.041667 1.000000
vt 0.041667 0.500000
vt 0.281326 0.487947
vt 0.250000 0.490000
vt 0.218674 0.487947
vt 0.187883 0.481822
vt 0.158156 0.471731
vt 0.130000 0.457846
vt 0.103897 0.440405
vt 0.080294 0.419706
vt 0.059595 0.396103
vt 0.042154 0.370000
vt 0.028269 0.341844
vt 0.018178 0.312117
vt 0.012053 0.281326
vt 0.010000 0.250000
vt 0.012053 0.218674
vt 0.018178 0.187883
vt 0.028269 0.158156
vt 0.042154 0.130000
vt 0.059595 0.103897
vt 0.080294 0.080294
vt 0.103897 0.059595
vt 0.130000 0.042154
vt 0.158156 0.028269
vt 0.187883 0.018178
vt 0.218674 0.012053
vt 0.250000 0.010000
vt 0.281326 0.012053
vt 0.312117 0.018178
vt 0.341844 0.028269
vt 0.370000 0.042154
vt 0.396103 0.059595
vt 0.419706 0.080294
vt 0.440405 0.103897
vt 0.457846 0.130000
vt 0.471731 0.158156
vt 0.481822 0.187883
vt 0.487947 0.218674
vt 0.490000 0.250000
vt 0.487947 0.281326
vt 0.481822 0.312117
vt 0.471731 0.341844
vt 0.457846 0.370000
vt 0.440405 0.396103
vt 0.419706 0.419706
vt 0.396103 0.440405
vt 0.370000 0.457846
vt 0.341844 0.471731
vt 0.312117 0.481822
vt 0.020834 1.000000
vt 0.020834 0.500000
vt 0.000000 1.000000
vt 0.000000 0.500000
vt 0.750000 0.490000
vt 0.781326 0.487947
vt 0.812117 0.481822
vt 0.841844 0.471731
vt 0.870000 0.457846
vt 0.896103 0.440405
vt 0.919706 0.419706
vt 0.940405 0.396103
vt 0.957846 0.370000
vt 0.971731 0.341844
vt 0.981822 0.312117
vt 0.987947 0.281326
vt 0.990000 0.250000
vt 0.987947 0.218674
vt 0.981822 0.187883
vt 0.971731 0.158156
vt 0.957846 0.130000
vt 0.940405 0.103897
vt 0.919706 0.080294
vt 0.896103 0.059595
vt 0.870000 0.042154
vt 0.841844 0.028269
vt 0.812117 0.018178
vt 0.781326 0.012053
vt 0.750000 0.010000
vt 0.718674 0.012053
vt 0.687883 0.018178
vt 0.658156 0.028269
vt 0.630000 0.042154
vt 0.603897 0.059595
vt 0.580294 0.080294
vt 0.559595 0.103897
vt 0.542154 0.130000
vt 0.528269 0.158156
vt 0.518178 0.187883
vt 0.512053 0.218674
vt 0.510000 0.250000
vt 0.512053 0.281326
vt 0.518178 0.312117
vt 0.528269 0.341844
vt 0.542154 0.370000
vt 0.559595 0.396103
vt 0.580294 0.419706
vt 0.603897 0.440405
vt 0.630000 0.457846
vt 0.658156 0.471731
vt 0.687883 0.481822
vt 0.718674 0.487947
s 0
usemtl Lens_Barrel
f 3105/4969/1957 3106/4970/1957 3108/4971/1957 3107/4972/1957
f 3107/4972/1958 3108/4971/1958 3110/4973/1958 3109/4974/1958
f 3109/4974/1959 3110/4973/1959 3112/4975/1959 3111/4976/1959
f 3111/4976/1960 3112/4975/1960 3114/4977/1960 3113/4978/1960
f 3113/4978/1961 3114/4977/1961 3116/4979/1961 3115/4980/1961
f 3115/4980/1962 3116/4979/1962 3118/4981/1962 3117/4982/1962
f 3117/4982/1963 3118/4981/1963 3120/4983/1963 3119/4984/1963
f 3119/4984/1964 3120/4983/1964 3122/4985/1964 3121/4986/1964
f 3121/4986/1965 3122/4985/1965 3124/4987/1965 3123/4988/1965
f 3123/4988/1966 3124/4987/1966 3126/4989/1966 3125/4990/1966
f 3125/4990/1967 3126/4989/1967 3128/4991/1967 3127/4992/1967
f 3127/4992/1968 3128/4991/1968 3130/4993/1968 3129/4994/1968
f 3129/4994/1969 3130/4993/1969 3132/4995/1969 3131/4996/1969
f 3131/4996/1970 3132/4995/1970 3134/4997/1970 3133/4998/1970
f 3133/4998/1971 3134/4997/1971 3136/4999/1971 3135/5000/1971
f 3135/5000/1972 3136/4999/1972 3138/5001/1972 3137/5002/1972
f 3137/5002/1973 3138/5001/1973 3140/5003/1973 3139/5004/1973
f 3139/5004/1974 3140/5003/1974 3142/5005/1974 3141/5006/1974
f 3141/5006/1975 3142/5005/1975 3144/5007/1975 3143/5008/1975
f 3143/5008/1976 3144/5007/1976 3146/5009/1976 3145/5010/1976
f 3145/5010/1977 3146/5009/1977 3148/5011/1977 3147/5012/1977
f 3147/5012/1978 3148/5011/1978 3150/5013/1978 3149/5014/1978
f 3149/5014/1979 3150/5013/1979 3152/5015/1979 3151/5016/1979
f 3151/5016/1980 3152/5015/1980 3154/5017/1980 3153/5018/1980
f 3153/5018/1981 3154/5017/1981 3156/5019/1981 3155/5020/1981
f 3155/5020/1982 3156/5019/1982 3158/5021/1982 3157/5022/1982
f 3157/5022/1983 3158/5021/1983 3160/5023/1983 3159/5024/1983
f 3159/5024/1984 3160/5023/1984 3162/5025/1984 3161/5026/1984
f 3161/5026/1985 3162/5025/1985 3164/5027/1985 3163/5028/1985
f 3163/5028/1986 3164/5027/1986 3166/5029/1986 3165/5030/1986
f 3165/5030/1987 3166/5029/1987 3168/5031/1987 3167/5032/1987
f 3167/5032/1988 3168/5031/1988 3170/5033/1988 3169/5034/1988
f 3169/5034/1989 3170/5033/1989 3172/5035/1989 3171/5036/1989
f 3171/5036/1990 3172/5035/1990 3174/5037/1990 3173/5038/1990
f 3173/5038/1991 3174/5037/1991 3176/5039/1991 3175/5040/1991
f 3175/5040/1992 3176/5039/1992 3178/5041/1992 3177/5042/1992
f 3177/5042/1993 3178/5041/1993 3180/5043/1993 3179/5044/1993
f 3179/5044/1994 3180/5043/1994 3182/5045/1994 3181/5046/1994
f 3181/5046/1995 3182/5045/1995 3184/5047/1995 3183/5048/1995
f 3183/5048/1996 3184/5047/1996 3186/5049/1996 3185/5050/1996
f 3185/5050/1997 3186/5049/1997 3188/5051/1997 3187/5052/1997
f 3187/5052/1998 3188/5051/1998 3190/5053/1998 3189/5054/1998
f 3189/5054/1999 3190/5053/1999 3192/5055/1999 3191/5056/1999
f 3191/5056/2000 3192/5055/2000 3194/5057/2000 3193/5058/2000
f 3193/5058/2001 3194/5057/2001 3196/5059/2001 3195/5060/2001
f 3195/5060/2002 3196/5059/2002 3198/5061/2002 3197/5062/2002
f 3108/5063/2003 3106/5064/2003 3200/5065/2003 3198/5066/2003 3196/5067/2003 3194/5068/2003 3192/5069/2003 3190/5070/2003 3188/5071/2003 3186/5072/2003 3184/5073/2003 3182/5074/2003 3180/5075/2003 3178/5076/2003 3176/5077/2003 3174/5078/2003 3172/5079/2003 3170/5080/2003 3168/5081/2003 3166/5082/2003 3164/5083/2003 3162/5084/2003 3160/5085/2003 3158/5086/2003 3156/5087/2003 3154/5088/2003 3152/5089/2003 3150/5090/2003 3148/5091/2003 3146/5092/2003 3144/5093/2003 3142/5094/2003 3140/5095/2003 3138/5096/2003 3136/5097/2003 3134/5098/2003 3132/5099/2003 3130/5100/2003 3128/5101/2003 3126/5102/2003 3124/5103/2003 3122/5104/2003 3120/5105/2003 3118/5106/2003 3116/5107/2003 3114/5108/2003 3112/5109/2003 3110/5110/2003
f 3197/5062/2004 3198/5061/2004 3200/5111/2004 3199/5112/2004
f 3199/5112/2005 3200/5111/2005 3106/5113/2005 3105/5114/2005
f 3105/5115/2006 3107/5116/2006 3109/5117/2006 3111/5118/2006 3113/5119/2006 3115/5120/2006 3117/5121/2006 3119/5122/2006 3121/5123/2006 3123/5124/2006 3125/5125/2006 3127/5126/2006 3129/5127/2006 3131/5128/2006 3133/5129/2006 3135/5130/2006 3137/5131/2006 3139/5132/2006 3141/5133/2006 3143/5134/2006 3145/5135/2006 3147/5136/2006 3149/5137/2006 3151/5138/2006 3153/5139/2006 3155/5140/2006 3157/5141/2006 3159/5142/2006 3161/5143/2006 3163/5144/2006 3165/5145/2006 3167/5146/2006 3169/5147/2006 3171/5148/2006 3173/5149/2006 3175/5150/2006 3177/5151/2006 3179/5152/2006 3181/5153/2006 3183/5154/2006 3185/5155/2006 3187/5156/2006 3189/5157/2006 3191/5158/2006 3193/5159/2006 3195/5160/2006 3197/5161/2006 3199/5162/2006
o Lens_Glass
v -10.000000 122.000000 32.500000
v -10.000000 122.000000 34.500000
v -8.564212 121.905891 32.500000
v -8.564212 121.905891 34.500000
v -7.152990 121.625183 32.500000
v -7.152990 121.625183 34.500000
v -5.790482 121.162674 32.500000
v -5.790482 121.162674 34.500000
v -4.500000 120.526276 32.500000
v -4.500000 120.526276 34.500000
v -3.303624 119.726883 32.500000
v -3.303624 119.726883 34.500000
v -2.221826 118.778175 32.500000
v -2.221826 118.778175 34.500000
v -1.273113 117.696373 32.500000
v -1.273113 117.696373 34.500000
v -0.473721 116.500000 32.500000
v -0.473721 116.500000 34.500000
v 0.162675 115.209518 32.500000
v 0.162675 115.209518 34.500000
v 0.625184 113.847008 32.500000
v 0.625184 113.847008 34.500000
v 0.905893 112.435791 32.500000
v 0.905893 112.435791 34.500000
v 1.000000 111.000000 32.500000
v 1.000000 111.000000 34.500000
v 0.905893 109.564209 32.500000
v 0.905893 109.564209 34.500000
v 0.625184 108.152992 32.500000
v 0.625184 108.152992 34.500000
v 0.162675 106.790482 32.500000
v 0.162675 106.790482 34.500000
v -0.473721 105.500000 32.500000
v -0.473721 105.500000 34.500000
v -1.273113 104.303627 32.500000
v -1.273113 104.303627 34.500000
v -2.221826 103.221825 32.500000
v -2.221826 103.221825 34.500000
v -3.303624 102.273117 32.500000
v -3.303624 102.273117 34.500000
v -4.500000 101.473724 32.500000
v -4.500000 101.473724 34.500000
v -5.790482 100.837326 32.500000
v -5.790482 100.837326 34.500000
v -7.152990 100.374817 32.500000
v -7.152990 100.374817 34.500000
v -8.564212 100.094109 32.500000
v -8.564212 100.094109 34.500000
v -10.000000 100.000000 32.500000
v -10.000000 100.000000 34.500000
v -11.435788 100.094109 32.500000
v -11.435788 100.094109 34.500000
v -12.847010 100.374817 32.500000
v -12.847010 100.374817 34.500000
v -14.209518 100.837326 32.500000
v -14.209518 100.837326 34.500000
v -15.500000 101.473724 32.500000
v -15.500000 101.473724 34.500000
v -16.696377 102.273117 32.500000
v -16.696377 102.273117 34.500000
v -17.778175 103.221825 32.500000
v -17.778175 103.221825 34.500000
v -18.726887 104.303627 32.500000
v -18.726887 104.303627 34.500000
v -19.526279 105.500000 32.500000
v -19.526279 105.500000 34.500000
v -20.162674 106.790482 32.500000
v -20.162674 106.790482 34.500000
v -20.625183 108.152992 32.500000
v -20.625183 108.152992 34.500000
v -20.905893 109.564209 32.500000
v -20.905893 109.564209 34.500000
v -21.000000 111.000000 32.500000
v -21.000000 111.000000 34.500000
v -20.905893 112.435791 32.500000
v -20.905893 112.435791 34.500000
v -20.625183 113.847008 32.500000
v -20.625183 113.847008 34.500000
v -20.162674 115.209518 32.500000
v -20.162674 115.209518 34.500000
v -19.526279 116.500000 32.500000
v -19.526279 116.500000 34.500000
v -18.726887 117.696373 32.500000
v -18.726887 117.696373 34.500000
v -17.778175 118.778175 32.500000
v -17.778175 118.778175 34.500000
v -16.696377 119.726883 32.500000
v -16.696377 119.726883 34.500000
v -15.500000 120.526276 32.500000
v -15.500000 120.526276 34.500000
v -14.209518 121.162674 32.500000
v -14.209518 121.162674 34.500000
v -12.847010 121.625183 32.500000
v -12.847010 121.625183 34.500000
v -11.435788 121.905891 32.500000
v -11.435788 121.905891 34.500000
vn 0.0654 0.9979 -0.0000
vn 0.1951 0.9808 -0.0000
vn 0.3214 0.9469 -0.0000
vn 0.4423 0.8969 -0.0000
vn 0.5556 0.8315 -0.0000
vn 0.6593 0.7518 -0.0000
vn 0.7518 0.6593 -0.0000
vn 0.8315 0.5556 -0.0000
vn 0.8969 0.4423 -0.0000
vn 0.9469 0.3214 -0.0000
vn 0.9808 0.1951 -0.0000
vn 0.9979 0.0654 -0.0000
vn 0.9979 -0.0654 -0.0000
vn 0.9808 -0.1951 -0.0000
vn 0.9469 -0.3214 -0.0000
vn 0.8969 -0.4423 -0.0000
vn 0.8315 -0.5556 -0.0000
vn 0.7518 -0.6593 -0.0000
vn 0.6593 -0.7518 -0.0000
vn 0.5556 -0.8315 -0.0000
vn 0.4423 -0.8969 -0.0000
vn 0.3214 -0.9469 -0.0000
vn 0.1951 -0.9808 -0.0000
vn 0.0654 -0.9979 -0.0000
vn -0.0654 -0.9979 -0.0000
vn -0.1951 -0.9808 -0.0000
vn -0.3214 -0.9469 -0.0000
vn -0.4423 -0.8969 -0.0000
vn -0.5556 -0.8315 -0.0000
vn -0.6593 -0.7518 -0.0000
vn -0.7518 -0.6593 -0.0000
vn -0.8315 -0.5556 -0.0000
vn -0.8969 -0.4423 -0.0000
vn -0.9469 -0.3214 -0.0000
vn -0.9808 -0.1951 -0.0000
vn -0.9979 -0.0654 -0.0000
vn -0.9979 0.0654 -0.0000
vn -0.9808 0.1951 -0.0000
vn -0.9469 0.3214 -0.0000
vn -0.8969 0.4423 -0.0000
vn -0.8315 0.5556 -0.0000
vn -0.7518 0.6593 -0.0000
vn -0.6593 0.7518 -0.0000
vn -0.5556 0.8315 -0.0000
vn -0.4423 0.8969 -0.0000
vn -0.3214 0.9469 -0.0000
vn -0.0000 -0.0000 1.0000
vn -0.1951 0.9808 -0.0000
vn -0.0654 0.9979 -0.0000
vn -0.0000 -0.0000 -1.0000
vt 1.000000 0.500000
vt 1.000000 1.000000
vt 0.979167 1.000000
vt 0.979167 0.500000
vt 0.958333 1.000000
vt 0.958333 0.500000
vt 0.937500 1.000000
vt 0.937500 0.500000
vt 0.916667 1.000000
vt 0.916667 0.500000
vt 0.895833 1.000000
vt 0.895833 0.500000
vt 0.875000 1.000000
vt 0.875000 0.500000
vt 0.854167 1.000000
vt 0.854167 0.500000
vt 0.833333 1.000000
vt 0.833333 0.500000
vt 0.812500 1.000000
vt 0.812500 0.500000
vt 0.791667 1.000000
vt 0.791667 0.500000
vt 0.770834 1.000000
vt 0.770834 0.500000
vt 0.750000 1.000000
vt 0.750000 0.500000
vt 0.729167 1.000000
vt 0.729167 0.500000
vt 0.708334 1.000000
vt 0.708334 0.500000
vt 0.687500 1.000000
vt 0.687500 0.500000
vt 0.666667 1.000000
vt 0.666667 0.500000
vt 0.645834 1.000000
vt 0.645834 0.500000
vt 0.625000 1.000000
vt 0.625000 0.500000
vt 0.604167 1.000000
vt 0.604167 0.500000
vt 0.583334 1.000000
vt 0.583334 0.500000
vt 0.562500 1.000000
vt 0.562500 0.500000
vt 0.541667 1.000000
vt 0.541667 0.500000
vt 0.520834 1.000000
vt 0.520834 0.500000
vt 0.500000 1.000000
vt 0.500000 0.500000
vt 0.479167 1.000000
vt 0.479167 0.500000
vt 0.458334 1.000000
vt 0.458334 0.500000
vt 0.437500 1.000000
vt 0.437500 0.500000
vt 0.416667 1.000000
vt 0.416667 0.500000
vt 0.395834 1.000000
vt 0.395834 0.500000
vt 0.375000 1.000000
vt 0.375000 0.500000
vt 0.354167 1.000000
vt 0.354167 0.500000
vt 0.333334 1.000000
vt 0.333334 0.500000
vt 0.312500 1.000000
vt 0.312500 0.500000
vt 0.291667 1.000000
vt 0.291667 0.500000
vt 0.270834 1.000000
vt 0.270834 0.500000
vt 0.250000 1.000000
vt 0.250000 0.500000
vt 0.229167 1.000000
vt 0.229167 0.500000
vt 0.208334 1.000000
vt 0.208334 0.500000
vt 0.187500 1.000000
vt 0.187500 0.500000
vt 0.166667 1.000000
vt 0.166667 0.500000
vt 0.145834 1.000000
vt 0.145834 0.500000
vt 0.125000 1.000000
vt 0.125000 0.500000
vt 0.104167 1.000000
vt 0.104167 0.500000
vt 0.083334 1.000000
vt 0.083334 0.500000
vt 0.062500 1.000000
vt 0.062500 0.500000
vt 0.041667 1.000000
vt 0.041667 0.500000
vt 0.281326 0.487947
vt 0.250000 0.490000
vt 0.218674 0.487947
vt 0.187883 0.481822
vt 0.158156 0.471731
vt 0.130000 0.457846
vt 0.103897 0.440405
vt 0.080294 0.419706
vt 0.059595 0.396103
vt 0.042154 0.370000
vt 0.028269 0.341844
vt 0.018178 0.312117
vt 0.012053 0.281326
vt 0.010000 0.250000
vt 0.012053 0.218674
vt 0.018178 0.187883
vt 0.028269 0.158156
vt 0.042154 0.130000
vt 0.059595 0.103897
vt 0.080294 0.080294
vt 0.103897 0.059595
vt 0.130000 0.042154
vt 0.158156 0.028269
vt 0.187883 0.018178
vt 0.218674 0.012053
vt 0.250000 0.010000
vt 0.281326 0.012053
vt 0.312117 0.018178
vt 0.341844 0.028269
vt 0.370000 0.042154
vt 0.396103 0.059595
vt 0.419706 0.080294
vt 0.440405 0.103897
vt 0.457846 0.130000
vt 0.471731 0.158156
vt 0.481822 0.187883
vt 0.487947 0.218674
vt 0.490000 0.250000
vt 0.487947 0.281326
vt 0.481822 0.312117
vt 0.471731 0.341844
vt 0.457846 0.370000
vt 0.440405 0.396103
vt 0.419706 0.419706
vt 0.396103 0.440405
vt 0.370000 0.457846
vt 0.341844 0.471731
vt 0.312117 0.481822
vt 0.020834 1.000000
vt 0.020834 0.500000
vt 0.000000 1.000000
vt 0.000000 0.500000
vt 0.750000 0.490000
vt 0.781326 0.487947
vt 0.812117 0.481822
vt 0.841844 0.471731
vt 0.870000 0.457846
vt 0.896103 0.440405
vt 0.919706 0.419706
vt 0.940405 0.396103
vt 0.957846 0.370000
vt 0.971731 0.341844
vt 0.981822 0.312117
vt 0.987947 0.281326
vt 0.990000 0.250000
vt 0.987947 0.218674
vt 0.981822 0.187883
vt 0.971731 0.158156
vt 0.957846 0.130000
vt 0.940405 0.103897
vt 0.919706 0.080294
vt 0.896103 0.059595
vt 0.870000 0.042154
vt 0.841844 0.028269
vt 0.812117 0.018178
vt 0.781326 0.012053
vt 0.750000 0.010000
vt 0.718674 0.012053
vt 0.687883 0.018178
vt 0.658156 0.028269
vt 0.630000 0.042154
vt 0.603897 0.059595
vt 0.580294 0.080294
vt 0.559595 0.103897
vt 0.542154 0.130000
vt 0.528269 0.158156
vt 0.518178 0.187883
vt 0.512053 0.218674
vt 0.510000 0.250000
vt 0.512053 0.281326
vt 0.518178 0.312117
vt 0.528269 0.341844
vt 0.542154 0.370000
vt 0.559595 0.396103
vt 0.580294 0.419706
vt 0.603897 0.440405
vt 0.630000 0.457846
vt 0.658156 0.471731
vt 0.687883 0.481822
vt 0.718674 0.487947
s 0
usemtl Lens_Glass
f 3201/5163/2007 3202/5164/2007 3204/5165/2007 3203/5166/2007
f 3203/5166/2008 3204/5165/2008 3206/5167/2008 3205/5168/2008
f 3205/5168/2009 3206/5167/2009 3208/5169/2009 3207/5170/2009
f 3207/5170/2010 3208/5169/2010 3210/5171/2010 3209/5172/2010
f 3209/5172/2011 3210/5171/2011 3212/5173/2011 3211/5174/2011
f 3211/5174/2012 3212/5173/2012 3214/5175/2012 3213/5176/2012
f 3213/5176/2013 3214/5175/2013 3216/5177/2013 3215/5178/2013
f 3215/5178/2014 3216/5177/2014 3218/5179/2014 3217/5180/2014
f 3217/5180/2015 3218/5179/2015 3220/5181/2015 3219/5182/2015
f 3219/5182/2016 3220/5181/2016 3222/5183/2016 3221/5184/2016
f 3221/5184/2017 3222/5183/2017 3224/5185/2017 3223/5186/2017
f 3223/5186/2018 3224/5185/2018 3226/5187/2018 3225/5188/2018
f 3225/5188/2019 3226/5187/2019 3228/5189/2019 3227/5190/2019
f 3227/5190/2020 3228/5189/2020 3230/5191/2020 3229/5192/2020
f 3229/5192/2021 3230/5191/2021 3232/5193/2021 3231/5194/2021
f 3231/5194/2022 3232/5193/2022 3234/5195/2022 3233/5196/2022
f 3233/5196/2023 3234/5195/2023 3236/5197/2023 3235/5198/2023
f 3235/5198/2024 3236/5197/2024 3238/5199/2024 3237/5200/2024
f 3237/5200/2025 3238/5199/2025 3240/5201/2025 3239/5202/2025
f 3239/5202/2026 3240/5201/2026 3242/5203/2026 3241/5204/2026
f 3241/5204/2027 3242/5203/2027 3244/5205/2027 3243/5206/2027
f 3243/5206/2028 3244/5205/2028 3246/5207/2028 3245/5208/2028
f 3245/5208/2029 3246/5207/2029 3248/5209/2029 3247/5210/2029
f 3247/5210/2030 3248/5209/2030 3250/5211/2030 3249/5212/2030
f 3249/5212/2031 3250/5211/2031 3252/5213/2031 3251/5214/2031
f 3251/5214/2032 3252/5213/2032 3254/5215/2032 3253/5216/2032
f 3253/5216/2033 3254/5215/2033 3256/5217/2033 3255/5218/2033
f 3255/5218/2034 3256/5217/2034 3258/5219/2034 3257/5220/2034
f 3257/5220/2035 3258/5219/2035 3260/5221/2035 3259/5222/2035
f 3259/5222/2036 3260/5221/2036 3262/5223/2036 3261/5224/2036
f 3261/5224/2037 3262/5223/2037 3264/5225/2037 3263/5226/2037
f 3263/5226/2038 3264/5225/2038 3266/5227/2038 3265/5228/2038
f 3265/5228/2039 3266/5227/2039 3268/5229/2039 3267/5230/2039
f 3267/5230/2040 3268/5229/2040 3270/5231/2040 3269/5232/2040
f 3269/5232/2041 3270/5231/2041 3272/5233/2041 3271/5234/2041
f 3271/5234/2042 3272/5233/2042 3274/5235/2042 3273/5236/2042
f 3273/5236/2043 3274/5235/2043 3276/5237/2043 3275/5238/2043
f 3275/5238/2044 3276/5237/2044 3278/5239/2044 3277/5240/2044
f 3277/5240/2045 3278/5239/2045 3280/5241/2045 3279/5242/2045
f 3279/5242/2046 3280/5241/2046 3282/5243/2046 3281/5244/2046
f 3281/5244/2047 3282/5243/2047 3284/5245/2047 3283/5246/2047
f 3283/5246/2048 3284/5245/2048 3286/5247/2048 3285/5248/2048
f 3285/5248/2049 3286/5247/2049 3288/5249/2049 3287/5250/2049
f 3287/5250/2050 3288/5249/2050 3290/5251/2050 3289/5252/2050
f 3289/5252/2051 3290/5251/2051 3292/5253/2051 3291/5254/2051
f 3291/5254/2052 3292/5253/2052 3294/5255/2052 3293/5256/2052
f 3204/5257/2053 3202/5258/2053 3296/5259/2053 3294/5260/2053 3292/5261/2053 3290/5262/2053 3288/5263/2053 3286/5264/2053 3284/5265/2053 3282/5266/2053 3280/5267/2053 3278/5268/2053 3276/5269/2053 3274/5270/2053 3272/5271/2053 3270/5272/2053 3268/5273/2053 3266/5274/2053 3264/5275/2053 3262/5276/2053 3260/5277/2053 3258/5278/2053 3256/5279/2053 3254/5280/2053 3252/5281/2053 3250/5282/2053 3248/5283/2053 3246/5284/2053 3244/5285/2053 3242/5286/2053 3240/5287/2053 3238/5288/2053 3236/5289/2053 3234/5290/2053 3232/5291/2053 3230/5292/2053 3228/5293/2053 3226/5294/2053 3224/5295/2053 3222/5296/2053 3220/5297/2053 3218/5298/2053 3216/5299/2053 3214/5300/2053 3212/5301/2053 3210/5302/2053 3208/5303/2053 3206/5304/2053
f 3293/5256/2054 3294/5255/2054 3296/5305/2054 3295/5306/2054
f 3295/5306/2055 3296/5305/2055 3202/5307/2055 3201/5308/2055
f 3201/5309/2056 3203/5310/2056 3205/5311/2056 3207/5312/2056 3209/5313/2056 3211/5314/2056 3213/5315/2056 3215/5316/2056 3217/5317/2056 3219/5318/2056 3221/5319/2056 3223/5320/2056 3225/5321/2056 3227/5322/2056 3229/5323/2056 3231/5324/2056 3233/5325/2056 3235/5326/2056 3237/5327/2056 3239/5328/2056 3241/5329/2056 3243/5330/2056 3245/5331/2056 3247/5332/2056 3249/5333/2056 3251/5334/2056 3253/5335/2056 3255/5336/2056 3257/5337/2056 3259/5338/2056 3261/5339/2056 3263/5340/2056 3265/5341/2056 3267/5342/2056 3269/5343/2056 3271/5344/2056 3273/5345/2056 3275/5346/2056 3277/5347/2056 3279/5348/2056 3281/5349/2056 3283/5350/2056 3285/5351/2056 3287/5352/2056 3289/5353/2056 3291/5354/2056 3293/5355/2056 3295/5356/2056
o Thermal_Sensor
v 8.500000 96.000000 11.500000
v 8.500000 97.000000 12.500000
v 7.500000 97.000000 11.500000
v 8.500000 96.076118 11.882684
v 8.500000 96.292892 12.207107
v 8.117316 96.076118 11.500000
v 8.107726 96.167992 11.892274
v 8.127629 96.343742 12.156255
v 7.922650 96.422653 12.077351
v 8.117316 97.000000 12.423880
v 7.792893 97.000000 12.207107
v 8.500000 96.617317 12.423880
v 8.107726 96.607727 12.332011
v 7.843745 96.627632 12.156255
v 7.576120 96.617317 11.500000
v 7.792893 96.292892 11.500000
v 7.576120 97.000000 11.882684
v 7.667989 96.607727 11.892274
v 7.843745 96.343742 11.872371
v 8.500000 115.000000 12.500000
v 8.500000 116.000000 11.500000
v 7.500000 115.000000 11.500000
v 8.500000 115.382683 12.423880
v 8.500000 115.707108 12.207107
v 8.117316 115.000000 12.423880
v 8.107726 115.392273 12.332011
v 8.127629 115.656258 12.156255
v 7.922650 115.577347 12.077351
v 8.117316 115.923882 11.500000
v 7.792893 115.707108 11.500000
v 8.500000 115.923882 11.882684
v 8.107726 115.832008 11.892274
v 7.843745 115.656258 11.872371
v 7.576120 115.000000 11.882684
v 7.792893 115.000000 12.207107
v 7.576120 115.382683 11.500000
v 7.667989 115.392273 11.892274
v 7.843745 115.372368 12.156255
v 8.500000 96.000000 -11.500000
v 7.500000 97.000000 -11.500000
v 8.500000 97.000000 -12.500000
v 8.117316 96.076118 -11.500000
v 7.792893 96.292892 -11.500000
v 8.500000 96.076118 -11.882684
v 8.107726 96.167992 -11.892274
v 7.843745 96.343742 -11.872371
v 7.922650 96.422653 -12.077351
v 7.576120 97.000000 -11.882684
v 7.792893 97.000000 -12.207107
v 7.576120 96.617317 -11.500000
v 7.667989 96.607727 -11.892274
v 7.843745 96.627632 -12.156255
v 8.500000 96.617317 -12.423880
v 8.500000 96.292892 -12.207107
v 8.117316 97.000000 -12.423880
v 8.107726 96.607727 -12.332011
v 8.127629 96.343742 -12.156255
v 8.500000 116.000000 -11.500000
v 8.500000 115.000000 -12.500000
v 7.500000 115.000000 -11.500000
v 8.500000 115.923882 -11.882684
v 8.500000 115.707108 -12.207107
v 8.117316 115.923882 -11.500000
v 8.107726 115.832008 -11.892274
v 8.127629 115.656258 -12.156255
v 7.922650 115.577347 -12.077351
v 8.117316 115.000000 -12.423880
v 7.792893 115.000000 -12.207107
v 8.500000 115.382683 -12.423880
v 8.107726 115.392273 -12.332011
v 7.843745 115.372368 -12.156255
v 7.576120 115.382683 -11.500000
v 7.792893 115.707108 -11.500000
v 7.576120 115.000000 -11.882684
v 7.667989 115.392273 -11.892274
v 7.843745 115.656258 -11.872371
v 31.500000 96.000000 11.500000
v 32.500000 97.000000 11.500000
v 31.500000 97.000000 12.500000
v 31.882683 96.076118 11.500000
v 32.207108 96.292892 11.500000
v 31.500000 96.076118 11.882684
v 31.892273 96.167992 11.892274
v 32.156254 96.343742 11.872371
v 32.077351 96.422653 12.077351
v 32.423882 97.000000 11.882684
v 32.207108 97.000000 12.207107
v 32.423882 96.617317 11.500000
v 32.332012 96.607727 11.892274
v 32.156254 96.627632 12.156255
v 31.500000 96.617317 12.423880
v 31.500000 96.292892 12.207107
v 31.882683 97.000000 12.423880
v 31.892273 96.607727 12.332011
v 31.872370 96.343742 12.156255
v 31.500000 116.000000 11.500000
v 31.500000 115.000000 12.500000
v 32.500000 115.000000 11.500000
v 31.500000 115.923882 11.882684
v 31.500000 115.707108 12.207107
v 31.882683 115.923882 11.500000
v 31.892273 115.832008 11.892274
v 31.872370 115.656258 12.156255
v 32.077351 115.577347 12.077351
v 31.882683 115.000000 12.423880
v 32.207108 115.000000 12.207107
v 31.500000 115.382683 12.423880
v 31.892273 115.392273 12.332011
v 32.156254 115.372368 12.156255
v 32.423882 115.382683 11.500000
v 32.207108 115.707108 11.500000
v 32.423882 115.000000 11.882684
v 32.332012 115.392273 11.892274
v 32.156254 115.656258 11.872371
v 31.500000 96.000000 -11.500000
v 31.500000 97.000000 -12.500000
v 32.500000 97.000000 -11.500000
v 31.500000 96.076118 -11.882684
v 31.500000 96.292892 -12.207107
v 31.882683 96.076118 -11.500000
v 31.892273 96.167992 -11.892274
v 31.872370 96.343742 -12.156255
v 32.077351 96.422653 -12.077351
v 31.882683 97.000000 -12.423880
v 32.207108 97.000000 -12.207107
v 31.500000 96.617317 -12.423880
v 31.892273 96.607727 -12.332011
v 32.156254 96.627632 -12.156255
v 32.423882 96.617317 -11.500000
v 32.207108 96.292892 -11.500000
v 32.423882 97.000000 -11.882684
v 32.332012 96.607727 -11.892274
v 32.156254 96.343742 -11.872371
v 31.500000 116.000000 -11.500000
v 32.500000 115.000000 -11.500000
v 31.500000 115.000000 -12.500000
v 31.882683 115.923882 -11.500000
v 32.207108 115.707108 -11.500000
v 31.500000 115.923882 -11.882684
v 31.892273 115.832008 -11.892274
v 32.156254 115.656258 -11.872371
v 32.077351 115.577347 -12.077351
v 32.423882 115.000000 -11.882684
v 32.207108 115.000000 -12.207107
v 32.423882 115.382683 -11.500000
v 32.332012 115.392273 -11.892274
v 32.156254 115.372368 -12.156255
v 31.500000 115.382683 -12.423880
v 31.500000 115.707108 -12.207107
v 31.882683 115.000000 -12.423880
v 31.892273 115.392273 -12.332011
v 31.872370 115.656258 -12.156255
vn -0.2049 -0.9571 0.2049
vn -0.1818 -0.8152 0.5499
vn -0.5499 -0.8152 0.1818
vn -0.4931 -0.7167 0.4931
vn -0.2049 -0.2049 0.9571
vn -0.5500 -0.1818 0.8152
vn -0.1818 -0.5499 0.8152
vn -0.4931 -0.4931 0.7167
vn -0.9571 -0.2049 0.2049
vn -0.8152 -0.5499 0.1818
vn -0.8152 -0.1818 0.5500
vn -0.7167 -0.4931 0.4931
vn -0.2049 0.2049 0.9571
vn -0.1818 0.5499 0.8152
vn -0.5500 0.1818 0.8152
vn -0.4931 0.4931 0.7167
vn -0.2049 0.9571 0.2049
vn -0.5499 0.8152 0.1818
vn -0.1818 0.8152 0.5499
vn -0.4931 0.7168 0.4931
vn -0.9571 0.2049 0.2049
vn -0.8152 0.1818 0.5499
vn -0.8152 0.5499 0.1818
vn -0.7167 0.4931 0.4931
vn -0.2049 -0.9571 -0.2049
vn -0.5499 -0.8152 -0.1818
vn -0.1818 -0.8152 -0.5499
vn -0.4931 -0.7167 -0.4931
vn -0.9571 -0.2049 -0.2049
vn -0.8152 -0.1818 -0.5500
vn -0.8152 -0.5499 -0.1818
vn -0.7167 -0.4931 -0.4931
vn -0.2049 -0.2049 -0.9571
vn -0.1818 -0.5499 -0.8152
vn -0.5500 -0.1818 -0.8152
vn -0.4931 -0.4931 -0.7167
vn -0.2049 0.9571 -0.2049
vn -0.1818 0.8152 -0.5499
vn -0.5499 0.8152 -0.1818
vn -0.4931 0.7168 -0.4931
vn -0.2049 0.2049 -0.9571
vn -0.5500 0.1818 -0.8152
vn -0.1818 0.5499 -0.8152
vn -0.4931 0.4931 -0.7167
vn -0.9571 0.2049 -0.2049
vn -0.8152 0.5499 -0.1818
vn -0.8152 0.1818 -0.5499
vn -0.7167 0.4931 -0.4931
vn 0.2049 -0.9571 0.2049
vn 0.5499 -0.8152 0.1818
vn 0.1818 -0.8152 0.5499
vn 0.4931 -0.7167 0.4931
vn 0.9571 -0.2049 0.2049
vn 0.8152 -0.1818 0.5500
vn 0.8152 -0.5499 0.1818
vn 0.7167 -0.4931 0.4931
vn 0.2049 -0.2049 0.9571
vn 0.1818 -0.5500 0.8152
vn 0.5500 -0.1818 0.8152
vn 0.4931 -0.4931 0.7167
vn 0.2049 0.9571 0.2049
vn 0.1818 0.8152 0.5499
vn 0.5499 0.8152 0.1818
vn 0.4931 0.7168 0.4931
vn 0.2049 0.2049 0.9571
vn 0.5500 0.1818 0.8152
vn 0.1818 0.5500 0.8152
vn 0.4931 0.4931 0.7167
vn 0.9571 0.2049 0.2049
vn 0.8152 0.5499 0.1818
vn 0.8152 0.1818 0.5499
vn 0.7167 0.4931 0.4931
vn 0.2049 -0.9571 -0.2049
vn 0.1818 -0.8152 -0.5499
vn 0.5499 -0.8152 -0.1818
vn 0.4931 -0.7167 -0.4931
vn 0.2049 -0.2049 -0.9571
vn 0.5500 -0.1818 -0.8152
vn 0.1818 -0.5500 -0.8152
vn 0.4931 -0.4931 -0.7167
vn 0.9571 -0.2049 -0.2049
vn 0.8152 -0.5499 -0.1818
vn 0.8152 -0.1818 -0.5499
vn 0.7167 -0.4931 -0.4931
vn 0.2049 0.9571 -0.2049
vn 0.5499 0.8152 -0.1818
vn 0.1818 0.8152 -0.5499
vn 0.4931 0.7168 -0.4931
vn 0.9571 0.2049 -0.2049
vn 0.8152 0.1818 -0.5499
vn 0.8152 0.5499 -0.1818
vn 0.7167 0.4931 -0.4931
vn 0.2049 0.2049 -0.9571
vn 0.1818 0.5500 -0.8152
vn 0.5500 0.1818 -0.8152
vn 0.4931 0.4931 -0.7167
vn -0.1951 -0.9808 -0.0000
vn -0.5556 -0.8315 -0.0000
vn -0.8315 -0.5556 -0.0000
vn -0.9808 -0.1951 -0.0000
vn -0.1951 -0.0000 0.9808
vn -0.5556 -0.0000 0.8315
vn -0.8315 -0.0000 0.5556
vn -0.9808 -0.0000 0.1951
vn -0.1951 0.9808 -0.0000
vn -0.5556 0.8315 -0.0000
vn -0.8315 0.5556 -0.0000
vn -0.9808 0.1951 -0.0000
vn -0.1951 -0.0000 -0.9808
vn -0.5556 -0.0000 -0.8315
vn -0.8315 -0.0000 -0.5556
vn -0.9808 -0.0000 -0.1951
vn -0.0000 -0.9808 -0.1951
vn -0.0000 -0.8315 -0.5556
vn -0.0000 -0.5556 -0.8315
vn -0.0000 -0.1951 -0.9808
vn -0.0000 0.9808 -0.1951
vn -0.0000 0.8315 -0.5556
vn -0.0000 0.5556 -0.8315
vn -0.0000 0.1951 -0.9808
vn 0.9808 -0.0000 -0.1951
vn 0.8315 -0.0000 -0.5556
vn 0.5556 -0.0000 -0.8315
vn 0.1951 -0.0000 -0.9808
vn 0.1951 -0.9808 -0.0000
vn 0.5556 -0.8315 -0.0000
vn 0.8315 -0.5556 -0.0000
vn 0.9808 -0.1951 -0.0000
vn 0.1951 0.9808 -0.0000
vn 0.5556 0.8315 -0.0000
vn 0.8315 0.5556 -0.0000
vn 0.9808 0.1951 -0.0000
vn 0.1951 -0.0000 0.9808
vn 0.5556 -0.0000 0.8315
vn 0.8315 -0.0000 0.5556
vn 0.9808 -0.0000 0.1951
vn -0.0000 -0.9808 0.1951
vn -0.0000 -0.8315 0.5556
vn -0.0000 -0.5556 0.8315
vn -0.0000 -0.1951 0.9808
vn -0.0000 0.9808 0.1951
vn -0.0000 0.8315 0.5556
vn -0.0000 0.5556 0.8315
vn -0.0000 0.1951 0.9808
vn -0.0000 -1.0000 -0.0000
vn -1.0000 -0.0000 -0.0000
vn -0.0000 -0.0000 1.0000
vn -0.0000 1.0000 -0.0000
vn -0.0000 -0.0000 -1.0000
vn 1.0000 -0.0000 -0.0000
vt 0.135000 0.740000
vt 0.135000 0.743827
vt 0.131077 0.743923
vt 0.131173 0.740000
vt 0.135000 0.750000
vt 0.131276 0.750000
vt 0.125000 0.743724
vt 0.125000 0.740000
vt 0.129226 0.750000
vt 0.387500 0.990000
vt 0.387500 0.993827
vt 0.382597 0.993923
vt 0.382716 0.990000
vt 0.387500 1.000000
vt 0.382845 1.000000
vt 0.375000 0.993724
vt 0.375000 0.990000
vt 0.380283 1.000000
vt 0.387500 0.010000
vt 0.382716 0.010000
vt 0.382597 0.006077
vt 0.387500 0.006173
vt 0.375000 0.010000
vt 0.375000 0.006276
vt 0.382845 0.000000
vt 0.387500 0.000000
vt 0.375000 0.004226
vt 0.612500 0.990000
vt 0.617284 0.990000
vt 0.617403 0.993923
vt 0.612500 0.993827
vt 0.625000 0.990000
vt 0.625000 0.993724
vt 0.617155 1.000000
vt 0.612500 1.000000
vt 0.625000 0.995773
vt 0.865000 0.740000
vt 0.868827 0.740000
vt 0.868923 0.743923
vt 0.865000 0.743827
vt 0.875000 0.740000
vt 0.875000 0.743724
vt 0.868724 0.750000
vt 0.865000 0.750000
vt 0.875000 0.745774
vt 0.612500 0.010000
vt 0.612500 0.006173
vt 0.617403 0.006077
vt 0.617284 0.010000
vt 0.612500 0.000000
vt 0.617155 0.000000
vt 0.625000 0.006276
vt 0.625000 0.010000
vt 0.619717 0.000000
vt 0.135000 0.510000
vt 0.131173 0.510000
vt 0.131077 0.506077
vt 0.135000 0.506173
vt 0.125000 0.510000
vt 0.125000 0.506276
vt 0.131276 0.500000
vt 0.135000 0.500000
vt 0.125000 0.504227
vt 0.387500 0.240000
vt 0.387500 0.243827
vt 0.382597 0.243923
vt 0.382716 0.240000
vt 0.387500 0.250000
vt 0.382845 0.250000
vt 0.375000 0.243724
vt 0.375000 0.240000
vt 0.377642 0.252113
vt 0.387500 0.260000
vt 0.382716 0.260000
vt 0.382597 0.256077
vt 0.387500 0.256173
vt 0.375000 0.260000
vt 0.375000 0.256276
vt 0.865000 0.510000
vt 0.865000 0.506173
vt 0.868923 0.506077
vt 0.868827 0.510000
vt 0.865000 0.500000
vt 0.868724 0.500000
vt 0.875000 0.506276
vt 0.875000 0.510000
vt 0.870773 0.500000
vt 0.612500 0.260000
vt 0.612500 0.256173
vt 0.617403 0.256077
vt 0.617284 0.260000
vt 0.612500 0.250000
vt 0.617155 0.250000
vt 0.625000 0.256276
vt 0.625000 0.260000
vt 0.622358 0.247887
vt 0.612500 0.240000
vt 0.617284 0.240000
vt 0.617403 0.243923
vt 0.612500 0.243827
vt 0.625000 0.240000
vt 0.625000 0.243724
vt 0.365000 0.740000
vt 0.368827 0.740000
vt 0.368923 0.743923
vt 0.365000 0.743827
vt 0.375000 0.740000
vt 0.375000 0.743724
vt 0.371862 0.753138
vt 0.370000 0.755000
vt 0.376761 0.750000
vt 0.387500 0.740000
vt 0.387500 0.743827
vt 0.382597 0.743923
vt 0.382716 0.740000
vt 0.387500 0.750000
vt 0.382845 0.750000
vt 0.387500 0.760000
vt 0.382716 0.760000
vt 0.382597 0.756077
vt 0.387500 0.756173
vt 0.635000 0.740000
vt 0.635000 0.743827
vt 0.631077 0.743923
vt 0.631173 0.740000
vt 0.630000 0.755000
vt 0.628138 0.753138
vt 0.625000 0.743724
vt 0.625000 0.740000
vt 0.624648 0.748591
vt 0.612500 0.760000
vt 0.612500 0.756173
vt 0.617403 0.756077
vt 0.617284 0.760000
vt 0.612500 0.750000
vt 0.617155 0.750000
vt 0.612500 0.740000
vt 0.617284 0.740000
vt 0.617403 0.743923
vt 0.612500 0.743827
vt 0.365000 0.510000
vt 0.365000 0.506173
vt 0.368923 0.506077
vt 0.368827 0.510000
vt 0.370000 0.495000
vt 0.371862 0.496862
vt 0.375000 0.506276
vt 0.375000 0.510000
vt 0.375352 0.501409
vt 0.387500 0.490000
vt 0.387500 0.493827
vt 0.382597 0.493923
vt 0.382716 0.490000
vt 0.387500 0.500000
vt 0.382845 0.500000
vt 0.387500 0.510000
vt 0.382716 0.510000
vt 0.382597 0.506077
vt 0.387500 0.506173
vt 0.635000 0.510000
vt 0.631173 0.510000
vt 0.631077 0.506077
vt 0.635000 0.506173
vt 0.625000 0.510000
vt 0.625000 0.506276
vt 0.628138 0.496862
vt 0.630000 0.495000
vt 0.623239 0.500000
vt 0.612500 0.510000
vt 0.612500 0.506173
vt 0.617403 0.506077
vt 0.617284 0.510000
vt 0.612500 0.500000
vt 0.617155 0.500000
vt 0.612500 0.490000
vt 0.617284 0.490000
vt 0.617403 0.493923
vt 0.612500 0.493827
s 0
usemtl Thermal_Housing
f 3297/5357/2057 3300/5358/2057 3303/5359/2057 3302/5360/2057
f 3300/5358/2058 3301/5361/2058 3304/5362/2058 3303/5359/2058
f 3302/5360/2059 3303/5359/2059 3315/5363/2059 3312/5364/2059
f 3303/5359/2060 3304/5362/2060 3305/5365/2060 3315/5363/2060
f 3298/5366/2061 3306/5367/2061 3309/5368/2061 3308/5369/2061
f 3306/5367/2062 3307/5370/2062 3310/5371/2062 3309/5368/2062
f 3308/5369/2063 3309/5368/2063 3304/5372/2063 3301/5373/2063
f 3309/5368/2064 3310/5371/2064 3305/5374/2064 3304/5372/2064
f 3299/5375/2065 3311/5376/2065 3314/5377/2065 3313/5378/2065
f 3311/5376/2066 3312/5379/2066 3315/5380/2066 3314/5377/2066
f 3313/5378/2067 3314/5377/2067 3310/5381/2067 3307/5382/2067
f 3314/5377/2068 3315/5380/2068 3305/5383/2068 3310/5381/2068
f 3316/5384/2069 3319/5385/2069 3322/5386/2069 3321/5387/2069
f 3319/5385/2070 3320/5388/2070 3323/5389/2070 3322/5386/2070
f 3321/5387/2071 3322/5386/2071 3334/5390/2071 3331/5391/2071
f 3322/5386/2072 3323/5389/2072 3324/5392/2072 3334/5390/2072
f 3317/5393/2073 3325/5394/2073 3328/5395/2073 3327/5396/2073
f 3325/5394/2074 3326/5397/2074 3329/5398/2074 3328/5395/2074
f 3327/5396/2075 3328/5395/2075 3323/5399/2075 3320/5400/2075
f 3328/5395/2076 3329/5398/2076 3324/5401/2076 3323/5399/2076
f 3318/5402/2077 3330/5403/2077 3333/5404/2077 3332/5405/2077
f 3330/5403/2078 3331/5406/2078 3334/5407/2078 3333/5404/2078
f 3332/5405/2079 3333/5404/2079 3329/5408/2079 3326/5409/2079
f 3333/5404/2080 3334/5407/2080 3324/5410/2080 3329/5408/2080
f 3335/5411/2081 3338/5412/2081 3341/5413/2081 3340/5414/2081
f 3338/5412/2082 3339/5415/2082 3342/5416/2082 3341/5413/2082
f 3340/5414/2083 3341/5413/2083 3353/5417/2083 3350/5418/2083
f 3341/5413/2084 3342/5416/2084 3343/5419/2084 3353/5417/2084
f 3336/5420/2085 3344/5421/2085 3347/5422/2085 3346/5423/2085
f 3344/5421/2086 3345/5424/2086 3348/5425/2086 3347/5422/2086
f 3346/5423/2087 3347/5422/2087 3342/5426/2087 3339/5427/2087
f 3347/5422/2088 3348/5425/2088 3343/5428/2088 3342/5426/2088
f 3337/5429/2089 3349/5430/2089 3352/5431/2089 3351/5432/2089
f 3349/5430/2090 3350/5433/2090 3353/5434/2090 3352/5431/2090
f 3351/5432/2091 3352/5431/2091 3348/5425/2091 3345/5424/2091
f 3352/5431/2092 3353/5434/2092 3343/5428/2092 3348/5425/2092
f 3354/5435/2093 3357/5436/2093 3360/5437/2093 3359/5438/2093
f 3357/5436/2094 3358/5439/2094 3361/5440/2094 3360/5437/2094
f 3359/5438/2095 3360/5437/2095 3372/5441/2095 3369/5442/2095
f 3360/5437/2096 3361/5440/2096 3362/5443/2096 3372/5441/2096
f 3355/5444/2097 3363/5445/2097 3366/5446/2097 3365/5447/2097
f 3363/5445/2098 3364/5448/2098 3367/5449/2098 3366/5446/2098
f 3365/5447/2099 3366/5446/2099 3361/5450/2099 3358/5451/2099
f 3366/5446/2100 3367/5449/2100 3362/5452/2100 3361/5450/2100
f 3356/5453/2101 3368/5454/2101 3371/5455/2101 3370/5456/2101
f 3368/5454/2102 3369/5457/2102 3372/5458/2102 3371/5455/2102
f 3370/5456/2103 3371/5455/2103 3367/5449/2103 3364/5448/2103
f 3371/5455/2104 3372/5458/2104 3362/5452/2104 3367/5449/2104
f 3373/5459/2105 3376/5460/2105 3379/5461/2105 3378/5462/2105
f 3376/5460/2106 3377/5463/2106 3380/5464/2106 3379/5461/2106
f 3378/5462/2107 3379/5461/2107 3391/5465/2107 3388/5466/2107
f 3379/5461/2108 3380/5464/2108 3381/5467/2108 3391/5465/2108
f 3374/5468/2109 3382/5469/2109 3385/5470/2109 3384/5471/2109
f 3382/5469/2110 3383/5472/2110 3386/5473/2110 3385/5470/2110
f 3384/5471/2111 3385/5470/2111 3380/5464/2111 3377/5463/2111
f 3385/5470/2112 3386/5473/2112 3381/5467/2112 3380/5464/2112
f 3375/5474/2113 3387/5475/2113 3390/5476/2113 3389/5477/2113
f 3387/5475/2114 3388/5466/2114 3391/5465/2114 3390/5476/2114
f 3389/5477/2115 3390/5476/2115 3386/5473/2115 3383/5472/2115
f 3390/5476/2116 3391/5465/2116 3381/5467/2116 3386/5473/2116
f 3392/5478/2117 3395/5479/2117 3398/5480/2117 3397/5481/2117
f 3395/5479/2118 3396/5482/2118 3399/5483/2118 3398/5480/2118
f 3397/5481/2119 3398/5480/2119 3410/5484/2119 3407/5485/2119
f 3398/5480/2120 3399/5483/2120 3400/5486/2120 3410/5484/2120
f 3393/5487/2121 3401/5488/2121 3404/5489/2121 3403/5490/2121
f 3401/5488/2122 3402/5491/2122 3405/5492/2122 3404/5489/2122
f 3403/5490/2123 3404/5489/2123 3399/5483/2123 3396/5482/2123
f 3404/5489/2124 3405/5492/2124 3400/5486/2124 3399/5483/2124
f 3394/5493/2125 3406/5494/2125 3409/5495/2125 3408/5496/2125
f 3406/5494/2126 3407/5485/2126 3410/5484/2126 3409/5495/2126
f 3408/5496/2127 3409/5495/2127 3405/5492/2127 3402/5491/2127
f 3409/5495/2128 3410/5484/2128 3400/5486/2128 3405/5492/2128
f 3411/5497/2129 3414/5498/2129 3417/5499/2129 3416/5500/2129
f 3414/5498/2130 3415/5501/2130 3418/5502/2130 3417/5499/2130
f 3416/5500/2131 3417/5499/2131 3429/5503/2131 3426/5504/2131
f 3417/5499/2132 3418/5502/2132 3419/5505/2132 3429/5503/2132
f 3412/5506/2133 3420/5507/2133 3423/5508/2133 3422/5509/2133
f 3420/5507/2134 3421/5510/2134 3424/5511/2134 3423/5508/2134
f 3422/5509/2135 3423/5508/2135 3418/5502/2135 3415/5501/2135
f 3423/5508/2136 3424/5511/2136 3419/5505/2136 3418/5502/2136
f 3413/5512/2137 3425/5513/2137 3428/5514/2137 3427/5515/2137
f 3425/5513/2138 3426/5504/2138 3429/5503/2138 3428/5514/2138
f 3427/5515/2139 3428/5514/2139 3424/5511/2139 3421/5510/2139
f 3428/5514/2140 3429/5503/2140 3419/5505/2140 3424/5511/2140
f 3430/5516/2141 3433/5517/2141 3436/5518/2141 3435/5519/2141
f 3433/5517/2142 3434/5520/2142 3437/5521/2142 3436/5518/2142
f 3435/5519/2143 3436/5518/2143 3448/5522/2143 3445/5523/2143
f 3436/5518/2144 3437/5521/2144 3438/5524/2144 3448/5522/2144
f 3431/5525/2145 3439/5526/2145 3442/5527/2145 3441/5528/2145
f 3439/5526/2146 3440/5529/2146 3443/5530/2146 3442/5527/2146
f 3441/5528/2147 3442/5527/2147 3437/5521/2147 3434/5520/2147
f 3442/5527/2148 3443/5530/2148 3438/5524/2148 3437/5521/2148
f 3432/5531/2149 3444/5532/2149 3447/5533/2149 3446/5534/2149
f 3444/5532/2150 3445/5523/2150 3448/5522/2150 3447/5533/2150
f 3446/5534/2151 3447/5533/2151 3443/5530/2151 3440/5529/2151
f 3447/5533/2152 3448/5522/2152 3438/5524/2152 3443/5530/2152
f 3335/5411/2153 3297/5357/2153 3302/5360/2153 3338/5412/2153
f 3338/5412/2154 3302/5360/2154 3312/5364/2154 3339/5415/2154
f 3339/5427/2155 3312/5379/2155 3311/5376/2155 3346/5423/2155
f 3346/5423/2156 3311/5376/2156 3299/5375/2156 3336/5420/2156
f 3298/5366/2157 3316/5384/2157 3321/5387/2157 3306/5367/2157
f 3306/5367/2158 3321/5387/2158 3331/5391/2158 3307/5370/2158
f 3307/5382/2159 3331/5406/2159 3330/5403/2159 3313/5378/2159
f 3313/5378/2160 3330/5403/2160 3318/5402/2160 3299/5375/2160
f 3317/5393/2161 3354/5435/2161 3359/5438/2161 3325/5394/2161
f 3325/5394/2162 3359/5438/2162 3369/5442/2162 3326/5397/2162
f 3326/5409/2163 3369/5457/2163 3368/5454/2163 3332/5405/2163
f 3332/5405/2164 3368/5454/2164 3356/5453/2164 3318/5402/2164
f 3355/5444/2165 3337/5429/2165 3351/5432/2165 3363/5445/2165
f 3363/5445/2166 3351/5432/2166 3345/5424/2166 3364/5448/2166
f 3364/5448/2167 3345/5424/2167 3344/5421/2167 3370/5456/2167
f 3370/5456/2168 3344/5421/2168 3336/5420/2168 3356/5453/2168
f 3411/5497/2169 3335/5411/2169 3340/5414/2169 3414/5498/2169
f 3414/5498/2170 3340/5414/2170 3350/5418/2170 3415/5501/2170
f 3415/5501/2171 3350/5433/2171 3349/5430/2171 3422/5509/2171
f 3422/5509/2172 3349/5430/2172 3337/5429/2172 3412/5506/2172
f 3354/5435/2173 3430/5516/2173 3435/5519/2173 3357/5436/2173
f 3357/5436/2174 3435/5519/2174 3445/5523/2174 3358/5439/2174
f 3358/5451/2175 3445/5523/2175 3444/5532/2175 3365/5447/2175
f 3365/5447/2176 3444/5532/2176 3432/5531/2176 3355/5444/2176
f 3431/5525/2177 3413/5512/2177 3427/5515/2177 3439/5526/2177
f 3439/5526/2178 3427/5515/2178 3421/5510/2178 3440/5529/2178
f 3440/5529/2179 3421/5510/2179 3420/5507/2179 3446/5534/2179
f 3446/5534/2180 3420/5507/2180 3412/5506/2180 3432/5531/2180
f 3373/5459/2181 3411/5497/2181 3416/5500/2181 3376/5460/2181
f 3376/5460/2182 3416/5500/2182 3426/5504/2182 3377/5463/2182
f 3377/5463/2183 3426/5504/2183 3425/5513/2183 3384/5471/2183
f 3384/5471/2184 3425/5513/2184 3413/5512/2184 3374/5468/2184
f 3430/5516/2185 3392/5478/2185 3397/5481/2185 3433/5517/2185
f 3433/5517/2186 3397/5481/2186 3407/5485/2186 3434/5520/2186
f 3434/5520/2187 3407/5485/2187 3406/5494/2187 3441/5528/2187
f 3441/5528/2188 3406/5494/2188 3394/5493/2188 3431/5525/2188
f 3393/5487/2189 3375/5474/2189 3389/5477/2189 3401/5488/2189
f 3401/5488/2190 3389/5477/2190 3383/5472/2190 3402/5491/2190
f 3402/5491/2191 3383/5472/2191 3382/5469/2191 3408/5496/2191
f 3408/5496/2192 3382/5469/2192 3374/5468/2192 3394/5493/2192
f 3297/5357/2193 3373/5459/2193 3378/5462/2193 3300/5358/2193
f 3300/5358/2194 3378/5462/2194 3388/5466/2194 3301/5361/2194
f 3301/5373/2195 3388/5466/2195 3387/5475/2195 3308/5369/2195
f 3308/5369/2196 3387/5475/2196 3375/5474/2196 3298/5366/2196
f 3392/5478/2197 3317/5393/2197 3327/5396/2197 3395/5479/2197
f 3395/5479/2198 3327/5396/2198 3320/5400/2198 3396/5482/2198
f 3396/5482/2199 3320/5388/2199 3319/5385/2199 3403/5490/2199
f 3403/5490/2200 3319/5385/2200 3316/5384/2200 3393/5487/2200
f 3335/5411/2201 3411/5497/2201 3373/5459/2201 3297/5357/2201
f 3299/5375/2202 3318/5402/2202 3356/5453/2202 3336/5420/2202
f 3375/5474/2203 3393/5487/2203 3316/5384/2203 3298/5366/2203
f 3430/5516/2204 3354/5435/2204 3317/5393/2204 3392/5478/2204
f 3337/5429/2205 3355/5444/2205 3432/5531/2205 3412/5506/2205
f 3413/5512/2206 3431/5525/2206 3394/5493/2206 3374/5468/2206
o Thermal_Lens
v 20.000000 114.000000 12.500000
v 20.000000 114.000000 20.500000
v 21.044210 113.931557 12.500000
v 21.044210 113.931557 20.500000
v 22.070553 113.727409 12.500000
v 22.070553 113.727409 20.500000
v 23.061468 113.391037 12.500000
v 23.061468 113.391037 20.500000
v 24.000000 112.928200 12.500000
v 24.000000 112.928200 20.500000
v 24.870090 112.346825 12.500000
v 24.870090 112.346825 20.500000
v 25.656855 111.656853 12.500000
v 25.656855 111.656853 20.500000
v 26.346827 110.870094 12.500000
v 26.346827 110.870094 20.500000
v 26.928204 110.000000 12.500000
v 26.928204 110.000000 20.500000
v 27.391037 109.061470 12.500000
v 27.391037 109.061470 20.500000
v 27.727406 108.070549 12.500000
v 27.727406 108.070549 20.500000
v 27.931559 107.044212 12.500000
v 27.931559 107.044212 20.500000
v 28.000000 106.000000 12.500000
v 28.000000 106.000000 20.500000
v 27.931559 104.955788 12.500000
v 27.931559 104.955788 20.500000
v 27.727406 103.929451 12.500000
v 27.727406 103.929451 20.500000
v 27.391037 102.938530 12.500000
v 27.391037 102.938530 20.500000
v 26.928204 102.000000 12.500000
v 26.928204 102.000000 20.500000
v 26.346827 101.129906 12.500000
v 26.346827 101.129906 20.500000
v 25.656855 100.343147 12.500000
v 25.656855 100.343147 20.500000
v 24.870090 99.653175 12.500000
v 24.870090 99.653175 20.500000
v 24.000000 99.071800 12.500000
v 24.000000 99.071800 20.500000
v 23.061468 98.608963 12.500000
v 23.061468 98.608963 20.500000
v 22.070553 98.272591 12.500000
v 22.070553 98.272591 20.500000
v 21.044210 98.068443 12.500000
v 21.044210 98.068443 20.500000
v 20.000000 98.000000 12.500000
v 20.000000 98.000000 20.500000
v 18.955790 98.068443 12.500000
v 18.955790 98.068443 20.500000
v 17.929447 98.272591 12.500000
v 17.929447 98.272591 20.500000
v 16.938532 98.608963 12.500000
v 16.938532 98.608963 20.500000
v 16.000000 99.071800 12.500000
v 16.000000 99.071800 20.500000
v 15.129909 99.653175 12.500000
v 15.129909 99.653175 20.500000
v 14.343145 100.343147 12.500000
v 14.343145 100.343147 20.500000
v 13.653173 101.129906 12.500000
v 13.653173 101.129906 20.500000
v 13.071796 102.000000 12.500000
v 13.071796 102.000000 20.500000
v 12.608964 102.938530 12.500000
v 12.608964 102.938530 20.500000
v 12.272593 103.929451 12.500000
v 12.272593 103.929451 20.500000
v 12.068441 104.955788 12.500000
v 12.068441 104.955788 20.500000
v 12.000000 106.000000 12.500000
v 12.000000 106.000000 20.500000
v 12.068441 107.044212 12.500000
v 12.068441 107.044212 20.500000
v 12.272593 108.070549 12.500000
v 12.272593 108.070549 20.500000
v 12.608964 109.061470 12.500000
v 12.608964 109.061470 20.500000
v 13.071796 110.000000 12.500000
v 13.071796 110.000000 20.500000
v 13.653173 110.870094 12.500000
v 13.653173 110.870094 20.500000
v 14.343145 111.656853 12.500000
v 14.343145 111.656853 20.500000
v 15.129909 112.346825 12.500000
v 15.129909 112.346825 20.500000
v 16.000000 112.928200 12.500000
v 16.000000 112.928200 20.500000
v 16.938532 113.391037 12.500000
v 16.938532 113.391037 20.500000
v 17.929447 113.727409 12.500000
v 17.929447 113.727409 20.500000
v 18.955790 113.931557 12.500000
v 18.955790 113.931557 20.500000
vn 0.0654 0.9979 -0.0000
vn 0.1951 0.9808 -0.0000
vn 0.3214 0.9469 -0.0000
vn 0.4423 0.8969 -0.0000
vn 0.5556 0.8315 -0.0000
vn 0.6593 0.7518 -0.0000
vn 0.7518 0.6593 -0.0000
vn 0.8315 0.5556 -0.0000
vn 0.8969 0.4423 -0.0000
vn 0.9469 0.3214 -0.0000
vn 0.9808 0.1951 -0.0000
vn 0.9979 0.0654 -0.0000
vn 0.9979 -0.0654 -0.0000
vn 0.9808 -0.1951 -0.0000
vn 0.9469 -0.3214 -0.0000
vn 0.8969 -0.4423 -0.0000
vn 0.8315 -0.5556 -0.0000
vn 0.7518 -0.6593 -0.0000
vn 0.6593 -0.7518 -0.0000
vn 0.5556 -0.8315 -0.0000
vn 0.4423 -0.8969 -0.0000
vn 0.3214 -0.9469 -0.0000
vn 0.1951 -0.9808 -0.0000
vn 0.0654 -0.9979 -0.0000
vn -0.0654 -0.9979 -0.0000
vn -0.1951 -0.9808 -0.0000
vn -0.3214 -0.9469 -0.0000
vn -0.4423 -0.8969 -0.0000
vn -0.5556 -0.8315 -0.0000
vn -0.6593 -0.7518 -0.0000
vn -0.7518 -0.6593 -0.0000
vn -0.8315 -0.5556 -0.0000
vn -0.8969 -0.4423 -0.0000
vn -0.9469 -0.3214 -0.0000
vn -0.9808 -0.1951 -0.0000
vn -0.9979 -0.0654 -0.0000
vn -0.9979 0.0654 -0.0000
vn -0.9808 0.1951 -0.0000
vn -0.9469 0.3214 -0.0000
vn -0.8969 0.4423 -0.0000
vn -0.8315 0.5556 -0.0000
vn -0.7518 0.6593 -0.0000
vn -0.6593 0.7518 -0.0000
vn -0.5556 0.8315 -0.0000
vn -0.4423 0.8969 -0.0000
vn -0.3214 0.9469 -0.0000
vn -0.0000 -0.0000 1.0000
vn -0.1951 0.9808 -0.0000
vn -0.0654 0.9979 -0.0000
vn -0.0000 -0.0000 -1.0000
vt 1.000000 0.500000
vt 1.000000 1.000000
vt 0.979167 1.000000
vt 0.979167 0.500000
vt 0.958333 1.000000
vt 0.958333 0.500000
vt 0.937500 1.000000
vt 0.937500 0.500000
vt 0.916667 1.000000
vt 0.916667 0.500000
vt 0.895833 1.000000
vt 0.895833 0.500000
vt 0.875000 1.000000
vt 0.875000 0.500000
vt 0.854167 1.000000
vt 0.854167 0.500000
vt 0.833333 1.000000
vt 0.833333 0.500000
vt 0.812500 1.000000
vt 0.812500 0.500000
vt 0.791667 1.000000
vt 0.791667 0.500000
vt 0.770834 1.000000
vt 0.770834 0.500000
vt 0.750000 1.000000
vt 0.750000 0.500000
vt 0.729167 1.000000
vt 0.729167 0.500000
vt 0.708334 1.000000
vt 0.708334 0.500000
vt 0.687500 1.000000
vt 0.687500 0.500000
vt 0.666667 1.000000
vt 0.666667 0.500000
vt 0.645834 1.000000
vt 0.645834 0.500000
vt 0.625000 1.000000
vt 0.625000 0.500000
vt 0.604167 1.000000
vt 0.604167 0.500000
vt 0.583334 1.000000
vt 0.583334 0.500000
vt 0.562500 1.000000
vt 0.562500 0.500000
vt 0.541667 1.000000
vt 0.541667 0.500000
vt 0.520834 1.000000
vt 0.520834 0.500000
vt 0.500000 1.000000
vt 0.500000 0.500000
vt 0.479167 1.000000
vt 0.479167 0.500000
vt 0.458334 1.000000
vt 0.458334 0.500000
vt 0.437500 1.000000
vt 0.437500 0.500000
vt 0.416667 1.000000
vt 0.416667 0.500000
vt 0.395834 1.000000
vt 0.395834 0.500000
vt 0.375000 1.000000
vt 0.375000 0.500000
vt 0.354167 1.000000
vt 0.354167 0.500000
vt 0.333334 1.000000
vt 0.333334 0.500000
vt 0.312500 1.000000
vt 0.312500 0.500000
vt 0.291667 1.000000
vt 0.291667 0.500000
vt 0.270834 1.000000
vt 0.270834 0.500000
vt 0.250000 1.000000
vt 0.250000 0.500000
vt 0.229167 1.000000
vt 0.229167 0.500000
vt 0.208334 1.000000
vt 0.208334 0.500000
vt 0.187500 1.000000
vt 0.187500 0.500000
vt 0.166667 1.000000
vt 0.166667 0.500000
vt 0.145834 1.000000
vt 0.145834 0.500000
vt 0.125000 1.000000
vt 0.125000 0.500000
vt 0.104167 1.000000
vt 0.104167 0.500000
vt 0.083334 1.000000
vt 0.083334 0.500000
vt 0.062500 1.000000
vt 0.062500 0.500000
vt 0.041667 1.000000
vt 0.041667 0.500000
vt 0.281326 0.487947
vt 0.250000 0.490000
vt 0.218674 0.487947
vt 0.187883 0.481822
vt 0.158156 0.471731
vt 0.130000 0.457846
vt 0.103897 0.440405
vt 0.080294 0.419706
vt 0.059595 0.396103
vt 0.042154 0.370000
vt 0.028269 0.341844
vt 0.018178 0.312117
vt 0.012053 0.281326
vt 0.010000 0.250000
vt 0.012053 0.218674
vt 0.018178 0.187883
vt 0.028269 0.158156
vt 0.042154 0.130000
vt 0.059595 0.103897
vt 0.080294 0.080294
vt 0.103897 0.059595
vt 0.130000 0.042154
vt 0.158156 0.028269
vt 0.187883 0.018178
vt 0.218674 0.012053
vt 0.250000 0.010000
vt 0.281326 0.012053
vt 0.312117 0.018178
vt 0.341844 0.028269
vt 0.370000 0.042154
vt 0.396103 0.059595
vt 0.419706 0.080294
vt 0.440405 0.103897
vt 0.457846 0.130000
vt 0.471731 0.158156
vt 0.481822 0.187883
vt 0.487947 0.218674
vt 0.490000 0.250000
vt 0.487947 0.281326
vt 0.481822 0.312117
vt 0.471731 0.341844
vt 0.457846 0.370000
vt 0.440405 0.396103
vt 0.419706 0.419706
vt 0.396103 0.440405
vt 0.370000 0.457846
vt 0.341844 0.471731
vt 0.312117 0.481822
vt 0.020834 1.000000
vt 0.020834 0.500000
vt 0.000000 1.000000
vt 0.000000 0.500000
vt 0.750000 0.490000
vt 0.781326 0.487947
vt 0.812117 0.481822
vt 0.841844 0.471731
vt 0.870000 0.457846
vt 0.896103 0.440405
vt 0.919706 0.419706
vt 0.940405 0.396103
vt 0.957846 0.370000
vt 0.971731 0.341844
vt 0.981822 0.312117
vt 0.987947 0.281326
vt 0.990000 0.250000
vt 0.987947 0.218674
vt 0.981822 0.187883
vt 0.971731 0.158156
vt 0.957846 0.130000
vt 0.940405 0.103897
vt 0.919706 0.080294
vt 0.896103 0.059595
vt 0.870000 0.042154
vt 0.841844 0.028269
vt 0.812117 0.018178
vt 0.781326 0.012053
vt 0.750000 0.010000
vt 0.718674 0.012053
vt 0.687883 0.018178
vt 0.658156 0.028269
vt 0.630000 0.042154
vt 0.603897 0.059595
vt 0.580294 0.080294
vt 0.559595 0.103897
vt 0.542154 0.130000
vt 0.528269 0.158156
vt 0.518178 0.187883
vt 0.512053 0.218674
vt 0.510000 0.250000
vt 0.512053 0.281326
vt 0.518178 0.312117
vt 0.528269 0.341844
vt 0.542154 0.370000
vt 0.559595 0.396103
vt 0.580294 0.419706
vt 0.603897 0.440405
vt 0.630000 0.457846
vt 0.658156 0.471731
vt 0.687883 0.481822
vt 0.718674 0.487947
s 0
usemtl IR_Lens
f 3449/5535/2207 3450/5536/2207 3452/5537/2207 3451/5538/2207
f 3451/5538/2208 3452/5537/2208 3454/5539/2208 3453/5540/2208
f 3453/5540/2209 3454/5539/2209 3456/5541/2209 3455/5542/2209
f 3455/5542/2210 3456/5541/2210 3458/5543/2210 3457/5544/2210
f 3457/5544/2211 3458/5543/2211 3460/5545/2211 3459/5546/2211
f 3459/5546/2212 3460/5545/2212 3462/5547/2212 3461/5548/2212
f 3461/5548/2213 3462/5547/2213 3464/5549/2213 3463/5550/2213
f 3463/5550/2214 3464/5549/2214 3466/5551/2214 3465/5552/2214
f 3465/5552/2215 3466/5551/2215 3468/5553/2215 3467/5554/2215
f 3467/5554/2216 3468/5553/2216 3470/5555/2216 3469/5556/2216
f 3469/5556/2217 3470/5555/2217 3472/5557/2217 3471/5558/2217
f 3471/5558/2218 3472/5557/2218 3474/5559/2218 3473/5560/2218
f 3473/5560/2219 3474/5559/2219 3476/5561/2219 3475/5562/2219
f 3475/5562/2220 3476/5561/2220 3478/5563/2220 3477/5564/2220
f 3477/5564/2221 3478/5563/2221 3480/5565/2221 3479/5566/2221
f 3479/5566/2222 3480/5565/2222 3482/5567/2222 3481/5568/2222
f 3481/5568/2223 3482/5567/2223 3484/5569/2223 3483/5570/2223
f 3483/5570/2224 3484/5569/2224 3486/5571/2224 3485/5572/2224
f 3485/5572/2225 3486/5571/2225 3488/5573/2225 3487/5574/2225
f 3487/5574/2226 3488/5573/2226 3490/5575/2226 3489/5576/2226
f 3489/5576/2227 3490/5575/2227 3492/5577/2227 3491/5578/2227
f 3491/5578/2228 3492/5577/2228 3494/5579/2228 3493/5580/2228
f 3493/5580/2229 3494/5579/2229 3496/5581/2229 3495/5582/2229
f 3495/5582/2230 3496/5581/2230 3498/5583/2230 3497/5584/2230
f 3497/5584/2231 3498/5583/2231 3500/5585/2231 3499/5586/2231
f 3499/5586/2232 3500/5585/2232 3502/5587/2232 3501/5588/2232
f 3501/5588/2233 3502/5587/2233 3504/5589/2233 3503/5590/2233
f 3503/5590/2234 3504/5589/2234 3506/5591/2234 3505/5592/2234
f 3505/5592/2235 3506/5591/2235 3508/5593/2235 3507/5594/2235
f 3507/5594/2236 3508/5593/2236 3510/5595/2236 3509/5596/2236
f 3509/5596/2237 3510/5595/2237 3512/5597/2237 3511/5598/2237
f 3511/5598/2238 3512/5597/2238 3514/5599/2238 3513/5600/2238
f 3513/5600/2239 3514/5599/2239 3516/5601/2239 3515/5602/2239
f 3515/5602/2240 3516/5601/2240 3518/5603/2240 3517/5604/2240
f 3517/5604/2241 3518/5603/2241 3520/5605/2241 3519/5606/2241
f 3519/5606/2242 3520/5605/2242 3522/5607/2242 3521/5608/2242
f 3521/5608/2243 3522/5607/2243 3524/5609/2243 3523/5610/2243
f 3523/5610/2244 3524/5609/2244 3526/5611/2244 3525/5612/2244
f 3525/5612/2245 3526/5611/2245 3528/5613/2245 3527/5614/2245
f 3527/5614/2246 3528/5613/2246 3530/5615/2246 3529/5616/2246
f 3529/5616/2247 3530/5615/2247 3532/5617/2247 3531/5618/2247
f 3531/5618/2248 3532/5617/2248 3534/5619/2248 3533/5620/2248
f 3533/5620/2249 3534/5619/2249 3536/5621/2249 3535/5622/2249
f 3535/5622/2250 3536/5621/2250 3538/5623/2250 3537/5624/2250
f 3537/5624/2251 3538/5623/2251 3540/5625/2251 3539/5626/2251
f 3539/5626/2252 3540/5625/2252 3542/5627/2252 3541/5628/2252
f 3452/5629/2253 3450/5630/2253 3544/5631/2253 3542/5632/2253 3540/5633/2253 3538/5634/2253 3536/5635/2253 3534/5636/2253 3532/5637/2253 3530/5638/2253 3528/5639/2253 3526/5640/2253 3524/5641/2253 3522/5642/2253 3520/5643/2253 3518/5644/2253 3516/5645/2253 3514/5646/2253 3512/5647/2253 3510/5648/2253 3508/5649/2253 3506/5650/2253 3504/5651/2253 3502/5652/2253 3500/5653/2253 3498/5654/2253 3496/5655/2253 3494/5656/2253 3492/5657/2253 3490/5658/2253 3488/5659/2253 3486/5660/2253 3484/5661/2253 3482/5662/2253 3480/5663/2253 3478/5664/2253 3476/5665/2253 3474/5666/2253 3472/5667/2253 3470/5668/2253 3468/5669/2253 3466/5670/2253 3464/5671/2253 3462/5672/2253 3460/5673/2253 3458/5674/2253 3456/5675/2253 3454/5676/2253
f 3541/5628/2254 3542/5627/2254 3544/5677/2254 3543/5678/2254
f 3543/5678/2255 3544/5677/2255 3450/5679/2255 3449/5680/2255
f 3449/5681/2256 3451/5682/2256 3453/5683/2256 3455/5684/2256 3457/5685/2256 3459/5686/2256 3461/5687/2256 3463/5688/2256 3465/5689/2256 3467/5690/2256 3469/5691/2256 3471/5692/2256 3473/5693/2256 3475/5694/2256 3477/5695/2256 3479/5696/2256 3481/5697/2256 3483/5698/2256 3485/5699/2256 3487/5700/2256 3489/5701/2256 3491/5702/2256 3493/5703/2256 3495/5704/2256 3497/5705/2256 3499/5706/2256 3501/5707/2256 3503/5708/2256 3505/5709/2256 3507/5710/2256 3509/5711/2256 3511/5712/2256 3513/5713/2256 3515/5714/2256 3517/5715/2256 3519/5716/2256 3521/5717/2256 3523/5718/2256 3525/5719/2256 3527/5720/2256 3529/5721/2256 3531/5722/2256 3533/5723/2256 3535/5724/2256 3537/5725/2256 3539/5726/2256 3541/5727/2256 3543/5728/2256
o IMU_Sensor
v -6.000000 96.000000 -9.000000
v -6.000000 100.000000 -9.000000
v -6.000000 96.000000 -21.000000
v -6.000000 100.000000 -21.000000
v 6.000000 96.000000 -9.000000
v 6.000000 100.000000 -9.000000
v 6.000000 96.000000 -21.000000
v 6.000000 100.000000 -21.000000
vn -1.0000 -0.0000 -0.0000
vn -0.0000 -0.0000 -1.0000
vn 1.0000 -0.0000 -0.0000
vn -0.0000 -0.0000 1.0000
vn -0.0000 -1.0000 -0.0000
vn -0.0000 1.0000 -0.0000
vt 0.375000 0.000000
vt 0.625000 0.000000
vt 0.625000 0.250000
vt 0.375000 0.250000
vt 0.625000 0.500000
vt 0.375000 0.500000
vt 0.625000 0.750000
vt 0.375000 0.750000
vt 0.625000 1.000000
vt 0.375000 1.000000
vt 0.125000 0.500000
vt 0.125000 0.750000
vt 0.875000 0.500000
vt 0.875000 0.750000
s 0
usemtl PCB_Green
f 3545/5729/2257 3546/5730/2257 3548/5731/2257 3547/5732/2257
f 3547/5732/2258 3548/5731/2258 3552/5733/2258 3551/5734/2258
f 3551/5734/2259 3552/5733/2259 3550/5735/2259 3549/5736/2259
f 3549/5736/2260 3550/5735/2260 3546/5737/2260 3545/5738/2260
f 3547/5739/2261 3551/5734/2261 3549/5736/2261 3545/5740/2261
f 3552/5733/2262 3548/5741/2262 3546/5742/2262 3550/5735/2262
o Antenna_Base
v -30.000000 96.000000 -8.000000
v -30.000000 101.000000 -8.000000
v -28.439278 96.000000 -7.846282
v -28.439278 101.000000 -7.846282
v -26.938532 96.000000 -7.391036
v -26.938532 101.000000 -7.391036
v -25.555439 96.000000 -6.651757
v -25.555439 101.000000 -6.651757
v -24.343145 96.000000 -5.656854
v -24.343145 101.000000 -5.656854
v -23.348244 96.000000 -4.444562
v -23.348244 101.000000 -4.444562
v -22.608963 96.000000 -3.061468
v -22.608963 101.000000 -3.061468
v -22.153717 96.000000 -1.560723
v -22.153717 101.000000 -1.560723
v -22.000000 96.000000 0.000000
v -22.000000 101.000000 0.000000
v -22.153717 96.000000 1.560723
v -22.153717 101.000000 1.560723
v -22.608963 96.000000 3.061468
v -22.608963 101.000000 3.061468
v -23.348244 96.000000 4.444562
v -23.348244 101.000000 4.444562
v -24.343145 96.000000 5.656854
v -24.343145 101.000000 5.656854
v -25.555439 96.000000 6.651757
v -25.555439 101.000000 6.651757
v -26.938532 96.000000 7.391036
v -26.938532 101.000000 7.391036
v -28.439278 96.000000 7.846282
v -28.439278 101.000000 7.846282
v -30.000000 96.000000 8.000000
v -30.000000 101.000000 8.000000
v -31.560722 96.000000 7.846282
v -31.560722 101.000000 7.846282
v -33.061466 96.000000 7.391036
v -33.061466 101.000000 7.391036
v -34.444561 96.000000 6.651757
v -34.444561 101.000000 6.651757
v -35.656853 96.000000 5.656854
v -35.656853 101.000000 5.656854
v -36.651756 96.000000 4.444562
v -36.651756 101.000000 4.444562
v -37.391037 96.000000 3.061468
v -37.391037 101.000000 3.061468
v -37.846283 96.000000 1.560723
v -37.846283 101.000000 1.560723
v -38.000000 96.000000 0.000000
v -38.000000 101.000000 0.000000
v -37.846283 96.000000 -1.560723
v -37.846283 101.000000 -1.560723
v -37.391037 96.000000 -3.061468
v -37.391037 101.000000 -3.061468
v -36.651756 96.000000 -4.444562
v -36.651756 101.000000 -4.444562
v -35.656853 96.000000 -5.656854
v -35.656853 101.000000 -5.656854
v -34.444561 96.000000 -6.651757
v -34.444561 101.000000 -6.651757
v -33.061466 96.000000 -7.391036
v -33.061466 101.000000 -7.391036
v -31.560722 96.000000 -7.846282
v -31.560722 101.000000 -7.846282
vn 0.0980 -0.0000 -0.9952
vn 0.2903 -0.0000 -0.9569
vn 0.4714 -0.0000 -0.8819
vn 0.6344 -0.0000 -0.7730
vn 0.7730 -0.0000 -0.6344
vn 0.8819 -0.0000 -0.4714
vn 0.9569 -0.0000 -0.2903
vn 0.9952 -0.0000 -0.0980
vn 0.9952 -0.0000 0.0980
vn 0.9569 -0.0000 0.2903
vn 0.8819 -0.0000 0.4714
vn 0.7730 -0.0000 0.6344
vn 0.6344 -0.0000 0.7730
vn 0.4714 -0.0000 0.8819
vn 0.2903 -0.0000 0.9569
vn 0.0980 -0.0000 0.9952
vn -0.0980 -0.0000 0.9952
vn -0.2903 -0.0000 0.9569
vn -0.4714 -0.0000 0.8819
vn -0.6344 -0.0000 0.7730
vn -0.7730 -0.0000 0.6344
vn -0.8819 -0.0000 0.4714
vn -0.9569 -0.0000 0.2903
vn -0.9952 -0.0000 0.0980
vn -0.9952 -0.0000 -0.0980
vn -0.9569 -0.0000 -0.2903
vn -0.8819 -0.0000 -0.4714
vn -0.7730 -0.0000 -0.6344
vn -0.6344 -0.0000 -0.7730
vn -0.4714 -0.0000 -0.8819
vn -0.0000 1.0000 -0.0000
vn -0.2903 -0.0000 -0.9569
vn -0.0980 -0.0000 -0.9952
vn -0.0000 -1.0000 -0.0000
vt 1.000000 0.500000
vt 1.000000 1.000000
vt 0.968750 1.000000
vt 0.968750 0.500000
vt 0.937500 1.000000
vt 0.937500 0.500000
vt 0.906250 1.000000
vt 0.906250 0.500000
vt 0.875000 1.000000
vt 0.875000 0.500000
vt 0.843750 1.000000
vt 0.843750 0.500000
vt 0.812500 1.000000
vt 0.812500 0.500000
vt 0.781250 1.000000
vt 0.781250 0.500000
vt 0.750000 1.000000
vt 0.750000 0.500000
vt 0.718750 1.000000
vt 0.718750 0.500000
vt 0.687500 1.000000
vt 0.687500 0.500000
vt 0.656250 1.000000
vt 0.656250 0.500000
vt 0.625000 1.000000
vt 0.625000 0.500000
vt 0.593750 1.000000
vt 0.593750 0.500000
vt 0.562500 1.000000
vt 0.562500 0.500000
vt 0.531250 1.000000
vt 0.531250 0.500000
vt 0.500000 1.000000
vt 0.500000 0.500000
vt 0.468750 1.000000
vt 0.468750 0.500000
vt 0.437500 1.000000
vt 0.437500 0.500000
vt 0.406250 1.000000
vt 0.406250 0.500000
vt 0.375000 1.000000
vt 0.375000 0.500000
vt 0.343750 1.000000
vt 0.343750 0.500000
vt 0.312500 1.000000
vt 0.312500 0.500000
vt 0.281250 1.000000
vt 0.281250 0.500000
vt 0.250000 1.000000
vt 0.250000 0.500000
vt 0.218750 1.000000
vt 0.218750 0.500000
vt 0.187500 1.000000
vt 0.187500 0.500000
vt 0.156250 1.000000
vt 0.156250 0.500000
vt 0.125000 1.000000
vt 0.125000 0.500000
vt 0.093750 1.000000
vt 0.093750 0.500000
vt 0.062500 1.000000
vt 0.062500 0.500000
vt 0.296822 0.485388
vt 0.250000 0.490000
vt 0.203178 0.485388
vt 0.158156 0.471731
vt 0.116663 0.449553
vt 0.080294 0.419706
vt 0.050447 0.383337
vt 0.028269 0.341844
vt 0.014612 0.296822
vt 0.010000 0.250000
vt 0.014612 0.203178
vt 0.028269 0.158156
vt 0.050447 0.116663
vt 0.080294 0.080294
vt 0.116663 0.050447
vt 0.158156 0.028269
vt 0.203178 0.014612
vt 0.250000 0.010000
vt 0.296822 0.014612
vt 0.341844 0.028269
vt 0.383337 0.050447
vt 0.419706 0.080294
vt 0.449553 0.116663
vt 0.471731 0.158156
vt 0.485388 0.203178
vt 0.490000 0.250000
vt 0.485388 0.296822
vt 0.471731 0.341844
vt 0.449553 0.383337
vt 0.419706 0.419706
vt 0.383337 0.449553
vt 0.341844 0.471731
vt 0.031250 1.000000
vt 0.031250 0.500000
vt 0.000000 1.000000
vt 0.000000 0.500000
vt 0.750000 0.490000
vt 0.796822 0.485388
vt 0.841844 0.471731
vt 0.883337 0.449553
vt 0.919706 0.419706
vt 0.949553 0.383337
vt 0.971731 0.341844
vt 0.985388 0.296822
vt 0.990000 0.250000
vt 0.985388 0.203178
vt 0.971731 0.158156
vt 0.949553 0.116663
vt 0.919706 0.080294
vt 0.883337 0.050447
vt 0.841844 0.028269
vt 0.796822 0.014612
vt 0.750000 0.010000
vt 0.703178 0.014612
vt 0.658156 0.028269
vt 0.616663 0.050447
vt 0.580294 0.080294
vt 0.550447 0.116663
vt 0.528269 0.158156
vt 0.514612 0.203178
vt 0.510000 0.250000
vt 0.514612 0.296822
vt 0.528269 0.341844
vt 0.550447 0.383337
vt 0.580294 0.419706
vt 0.616663 0.449553
vt 0.658156 0.471731
vt 0.703178 0.485388
s 0
usemtl Aluminum
f 3553/5743/2263 3554/5744/2263 3556/5745/2263 3555/5746/2263
f 3555/5746/2264 3556/5745/2264 3558/5747/2264 3557/5748/2264
f 3557/5748/2265 3558/5747/2265 3560/5749/2265 3559/5750/2265
f 3559/5750/2266 3560/5749/2266 3562/5751/2266 3561/5752/2266
f 3561/5752/2267 3562/5751/2267 3564/5753/2267 3563/5754/2267
f 3563/5754/2268 3564/5753/2268 3566/5755/2268 3565/5756/2268
f 3565/5756/2269 3566/5755/2269 3568/5757/2269 3567/5758/2269
f 3567/5758/2270 3568/5757/2270 3570/5759/2270 3569/5760/2270
f 3569/5760/2271 3570/5759/2271 3572/5761/2271 3571/5762/2271
f 3571/5762/2272 3572/5761/2272 3574/5763/2272 3573/5764/2272
f 3573/5764/2273 3574/5763/2273 3576/5765/2273 3575/5766/2273
f 3575/5766/2274 3576/5765/2274 3578/5767/2274 3577/5768/2274
f 3577/5768/2275 3578/5767/2275 3580/5769/2275 3579/5770/2275
f 3579/5770/2276 3580/5769/2276 3582/5771/2276 3581/5772/2276
f 3581/5772/2277 3582/5771/2277 3584/5773/2277 3583/5774/2277
f 3583/5774/2278 3584/5773/2278 3586/5775/2278 3585/5776/2278
f 3585/5776/2279 3586/5775/2279 3588/5777/2279 3587/5778/2279
f 3587/5778/2280 3588/5777/2280 3590/5779/2280 3589/5780/2280
f 3589/5780/2281 3590/5779/2281 3592/5781/2281 3591/5782/2281
f 3591/5782/2282 3592/5781/2282 3594/5783/2282 3593/5784/2282
f 3593/5784/2283 3594/5783/2283 3596/5785/2283 3595/5786/2283
f 3595/5786/2284 3596/5785/2284 3598/5787/2284 3597/5788/2284
f 3597/5788/2285 3598/5787/2285 3600/5789/2285 3599/5790/2285
f 3599/5790/2286 3600/5789/2286 3602/5791/2286 3601/5792/2286
f 3601/5792/2287 3602/5791/2287 3604/5793/2287 3603/5794/2287
f 3603/5794/2288 3604/5793/2288 3606/5795/2288 3605/5796/2288
f 3605/5796/2289 3606/5795/2289 3608/5797/2289 3607/5798/2289
f 3607/5798/2290 3608/5797/2290 3610/5799/2290 3609/5800/2290
f 3609/5800/2291 3610/5799/2291 3612/5801/2291 3611/5802/2291
f 3611/5802/2292 3612/5801/2292 3614/5803/2292 3613/5804/2292
f 3556/5805/2293 3554/5806/2293 3616/5807/2293 3614/5808/2293 3612/5809/2293 3610/5810/2293 3608/5811/2293 3606/5812/2293 3604/5813/2293 3602/5814/2293 3600/5815/2293 3598/5816/2293 3596/5817/2293 3594/5818/2293 3592/5819/2293 3590/5820/2293 3588/5821/2293 3586/5822/2293 3584/5823/2293 3582/5824/2293 3580/5825/2293 3578/5826/2293 3576/5827/2293 3574/5828/2293 3572/5829/2293 3570/5830/2293 3568/5831/2293 3566/5832/2293 3564/5833/2293 3562/5834/2293 3560/5835/2293 3558/5836/2293
f 3613/5804/2294 3614/5803/2294 3616/5837/2294 3615/5838/2294
f 3615/5838/2295 3616/5837/2295 3554/5839/2295 3553/5840/2295
f 3553/5841/2296 3555/5842/2296 3557/5843/2296 3559/5844/2296 3561/5845/2296 3563/5846/2296 3565/5847/2296 3567/5848/2296 3569/5849/2296 3571/5850/2296 3573/5851/2296 3575/5852/2296 3577/5853/2296 3579/5854/2296 3581/5855/2296 3583/5856/2296 3585/5857/2296 3587/5858/2296 3589/5859/2296 3591/5860/2296 3593/5861/2296 3595/5862/2296 3597/5863/2296 3599/5864/2296 3601/5865/2296 3603/5866/2296 3605/5867/2296 3607/5868/2296 3609/5869/2296 3611/5870/2296 3613/5871/2296 3615/5872/2296
o Antenna_Pole
v -30.000000 101.000000 -3.000000
v -30.000000 161.000000 -3.000000
v -28.851950 101.000000 -2.771638
v -28.851950 161.000000 -2.771638
v -27.878679 101.000000 -2.121320
v -27.878679 161.000000 -2.121320
v -27.228361 101.000000 -1.148050
v -27.228361 161.000000 -1.148050
v -27.000000 101.000000 0.000000
v -27.000000 161.000000 0.000000
v -27.228361 101.000000 1.148050
v -27.228361 161.000000 1.148050
v -27.878679 101.000000 2.121320
v -27.878679 161.000000 2.121320
v -28.851950 101.000000 2.771638
v -28.851950 161.000000 2.771638
v -30.000000 101.000000 3.000000
v -30.000000 161.000000 3.000000
v -31.148050 101.000000 2.771638
v -31.148050 161.000000 2.771638
v -32.121319 101.000000 2.121320
v -32.121319 161.000000 2.121320
v -32.771637 101.000000 1.148050
v -32.771637 161.000000 1.148050
v -33.000000 101.000000 0.000000
v -33.000000 161.000000 0.000000
v -32.771637 101.000000 -1.148050
v -32.771637 161.000000 -1.148050
v -32.121319 101.000000 -2.121320
v -32.121319 161.000000 -2.121320
v -31.148050 101.000000 -2.771638
v -31.148050 161.000000 -2.771638
vn 0.1951 -0.0000 -0.9808
vn 0.5556 -0.0000 -0.8315
vn 0.8315 -0.0000 -0.5556
vn 0.9808 -0.0000 -0.1951
vn 0.9808 -0.0000 0.1951
vn 0.8315 -0.0000 0.5556
vn 0.5556 -0.0000 0.8315
vn 0.1951 -0.0000 0.9808
vn -0.1951 -0.0000 0.9808
vn -0.5556 -0.0000 0.8315
vn -0.8315 -0.0000 0.5556
vn -0.9808 -0.0000 0.1951
vn -0.9808 -0.0000 -0.1951
vn -0.8315 -0.0000 -0.5556
vn -0.0000 1.0000 -0.0000
vn -0.5556 -0.0000 -0.8315
vn -0.1951 -0.0000 -0.9808
vn -0.0000 -1.0000 -0.0000
vt 1.000000 0.500000
vt 1.000000 1.000000
vt 0.937500 1.000000
vt 0.937500 0.500000
vt 0.875000 1.000000
vt 0.875000 0.500000
vt 0.812500 1.000000
vt 0.812500 0.500000
vt 0.750000 1.000000
vt 0.750000 0.500000
vt 0.687500 1.000000
vt 0.687500 0.500000
vt 0.625000 1.000000
vt 0.625000 0.500000
vt 0.562500 1.000000
vt 0.562500 0.500000
vt 0.500000 1.000000
vt 0.500000 0.500000
vt 0.437500 1.000000
vt 0.437500 0.500000
vt 0.375000 1.000000
vt 0.375000 0.500000
vt 0.312500 1.000000
vt 0.312500 0.500000
vt 0.250000 1.000000
vt 0.250000 0.500000
vt 0.187500 1.000000
vt 0.187500 0.500000
vt 0.125000 1.000000
vt 0.125000 0.500000
vt 0.341844 0.471731
vt 0.250000 0.490000
vt 0.158156 0.471731
vt 0.080294 0.419706
vt 0.028269 0.341844
vt 0.010000 0.250000
vt 0.028269 0.158156
vt 0.080294 0.080294
vt 0.158156 0.028269
vt 0.250000 0.010000
vt 0.341844 0.028269
vt 0.419706 0.080294
vt 0.471731 0.158156
vt 0.490000 0.250000
vt 0.471731 0.341844
vt 0.419706 0.419706
vt 0.062500 1.000000
vt 0.062500 0.500000
vt 0.000000 1.000000
vt 0.000000 0.500000
vt 0.750000 0.490000
vt 0.841844 0.471731
vt 0.919706 0.419706
vt 0.971731 0.341844
vt 0.990000 0.250000
vt 0.971731 0.158156
vt 0.919706 0.080294
vt 0.841844 0.028269
vt 0.750000 0.010000
vt 0.658156 0.028269
vt 0.580294 0.080294
vt 0.528269 0.158156
vt 0.510000 0.250000
vt 0.528269 0.341844
vt 0.580294 0.419706
vt 0.658156 0.471731
s 0
usemtl Antenna
f 3617/5873/2297 3618/5874/2297 3620/5875/2297 3619/5876/2297
f 3619/5876/2298 3620/5875/2298 3622/5877/2298 3621/5878/2298
f 3621/5878/2299 3622/5877/2299 3624/5879/2299 3623/5880/2299
f 3623/5880/2300 3624/5879/2300 3626/5881/2300 3625/5882/2300
f 3625/5882/2301 3626/5881/2301 3628/5883/2301 3627/5884/2301
f 3627/5884/2302 3628/5883/2302 3630/5885/2302 3629/5886/2302
f 3629/5886/2303 3630/5885/2303 3632/5887/2303 3631/5888/2303
f 3631/5888/2304 3632/5887/2304 3634/5889/2304 3633/5890/2304
f 3633/5890/2305 3634/5889/2305 3636/5891/2305 3635/5892/2305
f 3635/5892/2306 3636/5891/2306 3638/5893/2306 3637/5894/2306
f 3637/5894/2307 3638/5893/2307 3640/5895/2307 3639/5896/2307
f 3639/5896/2308 3640/5895/2308 3642/5897/2308 3641/5898/2308
f 3641/5898/2309 3642/5897/2309 3644/5899/2309 3643/5900/2309
f 3643/5900/2310 3644/5899/2310 3646/5901/2310 3645/5902/2310
f 3620/5903/2311 3618/5904/2311 3648/5905/2311 3646/5906/2311 3644/5907/2311 3642/5908/2311 3640/5909/2311 3638/5910/2311 3636/5911/2311 3634/5912/2311 3632/5913/2311 3630/5914/2311 3628/5915/2311 3626/5916/2311 3624/5917/2311 3622/5918/2311
f 3645/5902/2312 3646/5901/2312 3648/5919/2312 3647/5920/2312
f 3647/5920/2313 3648/5919/2313 3618/5921/2313 3617/5922/2313
f 3617/5923/2314 3619/5924/2314 3621/5925/2314 3623/5926/2314 3625/5927/2314 3627/5928/2314 3629/5929/2314 3631/5930/2314 3633/5931/2314 3635/5932/2314 3637/5933/2314 3639/5934/2314 3641/5935/2314 3643/5936/2314 3645/5937/2314 3647/5938/2314
o Electronics_Enclosure
v -47.000000 -34.000000 37.000000
v -47.000000 -37.000000 37.000000
v -47.000000 -34.000000 40.000000
v -47.000000 -34.000000 -37.000000
v -50.000000 -34.000000 37.000000
v -47.000000 -36.771637 38.148052
v -47.000000 -36.121319 39.121319
v 47.000000 -34.000000 37.000000
v -48.148052 -36.771637 37.000000
v 47.000000 -34.000000 -37.000000
v -48.176823 -36.496033 38.176823
v -48.117111 -35.968765 38.968765
v -48.732052 -35.732052 38.732052
v -48.148052 -34.000000 39.771637
v -49.121319 -34.000000 39.121319
v -47.000000 -35.148052 39.771637
v -48.176823 -35.176823 39.496033
v -48.968765 -35.117111 38.968765
v -49.771637 -35.148052 37.000000
v -49.121319 -36.121319 37.000000
v -49.771637 -34.000000 38.148052
v -49.496033 -35.176823 38.176823
v -48.968765 -35.968765 38.117111
v -47.000000 -5.000000 40.000000
v -47.000000 -2.000000 37.000000
v -50.000000 -5.000000 37.000000
v -47.000000 -3.851950 39.771637
v -47.000000 -2.878680 39.121319
v -48.148052 -5.000000 39.771637
v -48.176823 -3.823179 39.496033
v -48.117111 -3.031236 38.968765
v -48.732052 -3.267949 38.732052
v -48.148052 -2.228361 37.000000
v -49.121319 -2.878680 37.000000
v -47.000000 -2.228361 38.148052
v -48.176823 -2.503967 38.176823
v -48.968765 -3.031236 38.117111
v -49.771637 -5.000000 38.148052
v -49.121319 -5.000000 39.121319
v -49.771637 -3.851950 37.000000
v -49.496033 -3.823179 38.176823
v -48.968765 -3.882888 38.968765
v -47.000000 -37.000000 -37.000000
v -50.000000 -34.000000 -37.000000
v -47.000000 -34.000000 -40.000000
v -48.148052 -36.771637 -37.000000
v -49.121319 -36.121319 -37.000000
v -47.000000 -36.771637 -38.148052
v -48.176823 -36.496033 -38.176823
v -48.968765 -35.968765 -38.117111
v -48.732052 -35.732052 -38.732052
v -49.771637 -34.000000 -38.148052
v -49.121319 -34.000000 -39.121319
v -49.771637 -35.148052 -37.000000
v -49.496033 -35.176823 -38.176823
v -48.968765 -35.117111 -38.968765
v -47.000000 -35.148052 -39.771637
v -47.000000 -36.121319 -39.121319
v -48.148052 -34.000000 -39.771637
v -48.176823 -35.176823 -39.496033
v -48.117111 -35.968765 -38.968765
v -47.000000 -2.000000 -37.000000
v -47.000000 -5.000000 -40.000000
v -50.000000 -5.000000 -37.000000
v -47.000000 -2.228361 -38.148052
v -47.000000 -2.878680 -39.121319
v -48.148052 -2.228361 -37.000000
v -48.176823 -2.503967 -38.176823
v -48.117111 -3.031236 -38.968765
v -48.732052 -3.267949 -38.732052
v -48.148052 -5.000000 -39.771637
v -49.121319 -5.000000 -39.121319
v -47.000000 -3.851950 -39.771637
v -48.176823 -3.823179 -39.496033
v -48.968765 -3.882888 -38.968765
v -49.771637 -3.851950 -37.000000
v -49.121319 -2.878680 -37.000000
v -49.771637 -5.000000 -38.148052
v -49.496033 -3.823179 -38.176823
v -48.968765 -3.031236 -38.117111
v 47.000000 -37.000000 37.000000
v 50.000000 -34.000000 37.000000
v 47.000000 -34.000000 40.000000
v 48.148052 -36.771637 37.000000
v 49.121319 -36.121319 37.000000
v 47.000000 -36.771637 38.148052
v 48.176823 -36.496033 38.176823
v 48.968765 -35.968765 38.117111
v 48.732052 -35.732052 38.732052
v 49.771637 -34.000000 38.148052
v 49.121319 -34.000000 39.121319
v 49.771637 -35.148052 37.000000
v 49.496033 -35.176823 38.176823
v 48.968765 -35.117111 38.968765
v 47.000000 -35.148052 39.771637
v 47.000000 -36.121319 39.121319
v 48.148052 -34.000000 39.771637
v 48.176823 -35.176823 39.496033
v 48.117111 -35.968765 38.968765
v 47.000000 -2.000000 37.000000
v 47.000000 -5.000000 40.000000
v 50.000000 -5.000000 37.000000
v 47.000000 -2.228361 38.148052
v 47.000000 -2.878680 39.121319
v 48.148052 -2.228361 37.000000
v 48.176823 -2.503967 38.176823
v 48.117111 -3.031236 38.968765
v 48.732052 -3.267949 38.732052
v 48.148052 -5.000000 39.771637
v 49.121319 -5.000000 39.121319
v 47.000000 -3.851950 39.771637
v 48.176823 -3.823179 39.496033
v 48.968765 -3.882888 38.968765
v 49.771637 -3.851950 37.000000
v 49.121319 -2.878680 37.000000
v 49.771637 -5.000000 38.148052
v 49.496033 -3.823179 38.176823
v 48.968765 -3.031236 38.117111
v 47.000000 -37.000000 -37.000000
v 47.000000 -34.000000 -40.000000
v 50.000000 -34.000000 -37.000000
v 47.000000 -36.771637 -38.148052
v 47.000000 -36.121319 -39.121319
v 48.148052 -36.771637 -37.000000
v 48.176823 -36.496033 -38.176823
v 48.117111 -35.968765 -38.968765
v 48.732052 -35.732052 -38.732052
v 48.148052 -34.000000 -39.771637
v 49.121319 -34.000000 -39.121319
v 47.000000 -35.148052 -39.771637
v 48.176823 -35.176823 -39.496033
v 48.968765 -35.117111 -38.968765
v 49.771637 -35.148052 -37.000000
v 49.121319 -36.121319 -37.000000
v 49.771637 -34.000000 -38.148052
v 49.496033 -35.176823 -38.176823
v 48.968765 -35.968765 -38.117111
v 47.000000 -2.000000 -37.000000
v 50.000000 -5.000000 -37.000000
v 47.000000 -5.000000 -40.000000
v 48.148052 -2.228361 -37.000000
v 49.121319 -2.878680 -37.000000
v 47.000000 -2.228361 -38.148052
v 48.176823 -2.503967 -38.176823
v 48.968765 -3.031236 -38.117111
v 48.732052 -3.267949 -38.732052
v 49.771637 -5.000000 -38.148052
v 49.121319 -5.000000 -39.121319
v 49.771637 -3.851950 -37.000000
v 49.496033 -3.823179 -38.176823
v 48.968765 -3.882888 -38.968765
v 47.000000 -3.851950 -39.771637
v 47.000000 -2.878680 -39.121319
v 48.148052 -5.000000 -39.771637
v 48.176823 -3.823179 -39.496033
v 48.117111 -3.031236 -38.968765
vn -0.2049 -0.9571 0.2049
vn -0.1818 -0.8152 0.5499
vn -0.5500 -0.8152 0.1818
vn -0.4931 -0.7167 0.4931
vn -0.2049 -0.2049 0.9571
vn -0.5499 -0.1818 0.8152
vn -0.1818 -0.5500 0.8152
vn -0.4931 -0.4931 0.7167
vn -0.9571 -0.2049 0.2049
vn -0.8152 -0.5499 0.1818
vn -0.8152 -0.1818 0.5500
vn -0.7167 -0.4931 0.4931
vn -0.2049 0.2049 0.9571
vn -0.1818 0.5500 0.8152
vn -0.5500 0.1818 0.8152
vn -0.4931 0.4931 0.7167
vn -0.2049 0.9571 0.2049
vn -0.5500 0.8152 0.1818
vn -0.1818 0.8152 0.5500
vn -0.4931 0.7167 0.4931
vn -0.9571 0.2049 0.2049
vn -0.8152 0.1818 0.5500
vn -0.8152 0.5500 0.1818
vn -0.7167 0.4931 0.4931
vn -0.2049 -0.9571 -0.2049
vn -0.5500 -0.8152 -0.1818
vn -0.1818 -0.8152 -0.5500
vn -0.4931 -0.7167 -0.4931
vn -0.9571 -0.2049 -0.2049
vn -0.8152 -0.1818 -0.5500
vn -0.8152 -0.5500 -0.1818
vn -0.7167 -0.4931 -0.4931
vn -0.2049 -0.2049 -0.9571
vn -0.1818 -0.5500 -0.8152
vn -0.5500 -0.1818 -0.8152
vn -0.4931 -0.4931 -0.7167
vn -0.2049 0.9571 -0.2049
vn -0.1818 0.8152 -0.5499
vn -0.5500 0.8152 -0.1818
vn -0.4931 0.7167 -0.4931
vn -0.2049 0.2049 -0.9571
vn -0.5500 0.1818 -0.8152
vn -0.1818 0.5500 -0.8152
vn -0.4931 0.4931 -0.7167
vn -0.9571 0.2049 -0.2049
vn -0.8152 0.5500 -0.1818
vn -0.8152 0.1818 -0.5500
vn -0.7167 0.4931 -0.4931
vn 0.2049 -0.9571 0.2049
vn 0.5500 -0.8152 0.1818
vn 0.1818 -0.8152 0.5500
vn 0.4931 -0.7167 0.4931
vn 0.9571 -0.2049 0.2049
vn 0.8152 -0.1818 0.5500
vn 0.8152 -0.5500 0.1818
vn 0.7167 -0.4931 0.4931
vn 0.2049 -0.2049 0.9571
vn 0.1818 -0.5500 0.8152
vn 0.5500 -0.1818 0.8152
vn 0.4931 -0.4931 0.7167
vn 0.2049 0.9571 0.2049
vn 0.1818 0.8152 0.5499
vn 0.5500 0.8152 0.1818
vn 0.4931 0.7167 0.4931
vn 0.2049 0.2049 0.9571
vn 0.5500 0.1818 0.8152
vn 0.1818 0.5500 0.8152
vn 0.4931 0.4931 0.7167
vn 0.9571 0.2049 0.2049
vn 0.8152 0.5500 0.1818
vn 0.8152 0.1818 0.5500
vn 0.7167 0.4931 0.4931
vn 0.2049 -0.9571 -0.2049
vn 0.1818 -0.8152 -0.5499
vn 0.5500 -0.8152 -0.1818
vn 0.4931 -0.7167 -0.4931
vn 0.2049 -0.2049 -0.9571
vn 0.5499 -0.1818 -0.8152
vn 0.1818 -0.5500 -0.8152
vn 0.4931 -0.4931 -0.7167
vn 0.9571 -0.2049 -0.2049
vn 0.8152 -0.5499 -0.1818
vn 0.8152 -0.1818 -0.5500
vn 0.7167 -0.4931 -0.4931
vn 0.2049 0.9571 -0.2049
vn 0.5500 0.8152 -0.1818
vn 0.1818 0.8152 -0.5500
vn 0.4931 0.7167 -0.4931
vn 0.9571 0.2049 -0.2049
vn 0.8152 0.1818 -0.5500
vn 0.8152 0.5500 -0.1818
vn 0.7167 0.4931 -0.4931
vn 0.2049 0.2049 -0.9571
vn 0.1818 0.5500 -0.8152
vn 0.5500 0.1818 -0.8152
vn 0.4931 0.4931 -0.7167
vn -0.1951 -0.9808 -0.0000
vn -0.5556 -0.8315 -0.0000
vn -0.8315 -0.5556 -0.0000
vn -0.9808 -0.1951 -0.0000
vn -0.1951 -0.0000 0.9808
vn -0.5556 -0.0000 0.8315
vn -0.8315 -0.0000 0.5556
vn -0.9808 -0.0000 0.1951
vn -0.1951 0.9808 -0.0000
vn -0.5556 0.8315 -0.0000
vn -0.8315 0.5556 -0.0000
vn -0.9808 0.1951 -0.0000
vn -0.1951 -0.0000 -0.9808
vn -0.5556 -0.0000 -0.8315
vn -0.8315 -0.0000 -0.5556
vn -0.9808 -0.0000 -0.1951
vn -0.0000 -0.9808 -0.1951
vn -0.0000 -0.8315 -0.5556
vn -0.0000 -0.5556 -0.8315
vn -0.0000 -0.1951 -0.9808
vn -0.0000 0.9808 -0.1951
vn -0.0000 0.8315 -0.5556
vn -0.0000 0.5556 -0.8315
vn -0.0000 0.1951 -0.9808
vn 0.9808 -0.0000 -0.1951
vn 0.8315 -0.0000 -0.5556
vn 0.5556 -0.0000 -0.8315
vn 0.1951 -0.0000 -0.9808
vn 0.1951 -0.9808 -0.0000
vn 0.5556 -0.8315 -0.0000
vn 0.8315 -0.5556 -0.0000
vn 0.9808 -0.1951 -0.0000
vn 0.1951 0.9808 -0.0000
vn 0.5556 0.8315 -0.0000
vn 0.8315 0.5556 -0.0000
vn 0.9808 0.1951 -0.0000
vn 0.1951 -0.0000 0.9808
vn 0.5556 -0.0000 0.8315
vn 0.8315 -0.0000 0.5556
vn 0.9808 -0.0000 0.1951
vn -0.0000 -0.9808 0.1951
vn -0.0000 -0.8315 0.5556
vn -0.0000 -0.5556 0.8315
vn -0.0000 -0.1951 0.9808
vn -0.0000 0.9808 0.1951
vn -0.0000 0.8315 0.5556
vn -0.0000 0.5556 0.8315
vn -0.0000 0.1951 0.9808
vn -0.0000 -1.0000 -0.0000
vn -1.0000 -0.0000 -0.0000
vn -0.0000 -0.0000 1.0000
vn -0.0000 -0.0000 -1.0000
vn 1.0000 -0.0000 -0.0000
vn -0.0000 1.0000 -0.0000
vt 0.132500 0.740625
vt 0.132500 0.744213
vt 0.129558 0.744303
vt 0.129630 0.740625
vt 0.132500 0.750000
vt 0.129707 0.750000
vt 0.125000 0.744116
vt 0.125000 0.740625
vt 0.128170 0.750000
vt 0.396429 0.992500
vt 0.396429 0.995370
vt 0.388023 0.995442
vt 0.388228 0.992500
vt 0.396429 1.000000
vt 0.388449 1.000000
vt 0.375000 0.995293
vt 0.375000 0.992500
vt 0.384057 1.000000
vt 0.396429 0.009375
vt 0.388228 0.009375
vt 0.388023 0.005697
vt 0.396429 0.005787
vt 0.375000 0.009375
vt 0.375000 0.005884
vt 0.388449 0.000000
vt 0.396429 0.000000
vt 0.375000 0.003962
vt 0.603571 0.992500
vt 0.611772 0.992500
vt 0.611977 0.995442
vt 0.603571 0.995370
vt 0.625000 0.992500
vt 0.625000 0.995293
vt 0.611551 1.000000
vt 0.603571 1.000000
vt 0.625000 0.996830
vt 0.867500 0.740625
vt 0.870370 0.740625
vt 0.870442 0.744303
vt 0.867500 0.744213
vt 0.875000 0.740625
vt 0.875000 0.744116
vt 0.870293 0.750000
vt 0.867500 0.750000
vt 0.875000 0.746038
vt 0.603571 0.009375
vt 0.603571 0.005787
vt 0.611977 0.005697
vt 0.611772 0.009375
vt 0.603571 0.000000
vt 0.611551 0.000000
vt 0.625000 0.005884
vt 0.625000 0.009375
vt 0.615943 0.000000
vt 0.132500 0.509375
vt 0.129630 0.509375
vt 0.129558 0.505697
vt 0.132500 0.505787
vt 0.125000 0.509375
vt 0.125000 0.505884
vt 0.129707 0.500000
vt 0.132500 0.500000
vt 0.125000 0.503962
vt 0.396429 0.240625
vt 0.396429 0.244213
vt 0.388023 0.244303
vt 0.388228 0.240625
vt 0.396429 0.250000
vt 0.388449 0.250000
vt 0.375000 0.244116
vt 0.375000 0.240625
vt 0.379528 0.251585
vt 0.396429 0.257500
vt 0.388228 0.257500
vt 0.388023 0.254558
vt 0.396429 0.254630
vt 0.375000 0.257500
vt 0.375000 0.254707
vt 0.867500 0.509375
vt 0.867500 0.505787
vt 0.870442 0.505697
vt 0.870370 0.509375
vt 0.867500 0.500000
vt 0.870293 0.500000
vt 0.875000 0.505884
vt 0.875000 0.509375
vt 0.871830 0.500000
vt 0.603571 0.257500
vt 0.603571 0.254630
vt 0.611977 0.254558
vt 0.611772 0.257500
vt 0.603571 0.250000
vt 0.611551 0.250000
vt 0.625000 0.254707
vt 0.625000 0.257500
vt 0.620472 0.248019
vt 0.603571 0.240625
vt 0.611772 0.240625
vt 0.611977 0.244303
vt 0.603571 0.244213
vt 0.625000 0.240625
vt 0.625000 0.244116
vt 0.367500 0.740625
vt 0.370370 0.740625
vt 0.370442 0.744303
vt 0.367500 0.744213
vt 0.375000 0.740625
vt 0.375000 0.744116
vt 0.372646 0.752354
vt 0.371250 0.753750
vt 0.378019 0.749736
vt 0.396429 0.740625
vt 0.396429 0.744213
vt 0.388023 0.744303
vt 0.388228 0.740625
vt 0.396429 0.750000
vt 0.388449 0.750000
vt 0.396429 0.757500
vt 0.388228 0.757500
vt 0.388023 0.754558
vt 0.396429 0.754630
vt 0.632500 0.740625
vt 0.632500 0.744213
vt 0.629558 0.744303
vt 0.629630 0.740625
vt 0.628750 0.753750
vt 0.627354 0.752354
vt 0.625000 0.744116
vt 0.625000 0.740625
vt 0.623038 0.748679
vt 0.603571 0.757500
vt 0.603571 0.754630
vt 0.611977 0.754558
vt 0.611772 0.757500
vt 0.603571 0.750000
vt 0.611551 0.750000
vt 0.603571 0.740625
vt 0.611772 0.740625
vt 0.611977 0.744303
vt 0.603571 0.744213
vt 0.367500 0.509375
vt 0.367500 0.505787
vt 0.370442 0.505697
vt 0.370370 0.509375
vt 0.371250 0.496250
vt 0.372646 0.497646
vt 0.375000 0.505884
vt 0.375000 0.509375
vt 0.376962 0.501321
vt 0.396429 0.492500
vt 0.396429 0.495370
vt 0.388023 0.495442
vt 0.388228 0.492500
vt 0.396429 0.500000
vt 0.388449 0.500000
vt 0.396429 0.509375
vt 0.388228 0.509375
vt 0.388023 0.505697
vt 0.396429 0.505787
vt 0.632500 0.509375
vt 0.629630 0.509375
vt 0.629558 0.505697
vt 0.632500 0.505787
vt 0.625000 0.509375
vt 0.625000 0.505884
vt 0.627354 0.497646
vt 0.628750 0.496250
vt 0.621981 0.500264
vt 0.603571 0.509375
vt 0.603571 0.505787
vt 0.611977 0.505697
vt 0.611772 0.509375
vt 0.603571 0.500000
vt 0.611551 0.500000
vt 0.603571 0.492500
vt 0.611772 0.492500
vt 0.611977 0.495442
vt 0.603571 0.495370
vt 0.375000 0.000000
vt 0.375000 0.250000
vt 0.625000 0.250000
vt 0.625000 0.000000
vt 0.375000 0.500000
vt 0.625000 0.500000
vt 0.625000 0.750000
vt 0.375000 0.750000
vt 0.625000 1.000000
vt 0.375000 1.000000
vt 0.125000 0.500000
vt 0.125000 0.750000
s 0
usemtl Enclosure
f 3650/5939/2315 3654/5940/2315 3659/5941/2315 3657/5942/2315
f 3654/5940/2316 3655/5943/2316 3660/5944/2316 3659/5941/2316
f 3657/5942/2317 3659/5941/2317 3671/5945/2317 3668/5946/2317
f 3659/5941/2318 3660/5944/2318 3661/5947/2318 3671/5945/2318
f 3651/5948/2319 3662/5949/2319 3665/5950/2319 3664/5951/2319
f 3662/5949/2320 3663/5952/2320 3666/5953/2320 3665/5950/2320
f 3664/5951/2321 3665/5950/2321 3660/5954/2321 3655/5955/2321
f 3665/5950/2322 3666/5953/2322 3661/5956/2322 3660/5954/2322
f 3653/5957/2323 3667/5958/2323 3670/5959/2323 3669/5960/2323
f 3667/5958/2324 3668/5961/2324 3671/5962/2324 3670/5959/2324
f 3669/5960/2325 3670/5959/2325 3666/5963/2325 3663/5964/2325
f 3670/5959/2326 3671/5962/2326 3661/5965/2326 3666/5963/2326
f 3672/5966/2327 3675/5967/2327 3678/5968/2327 3677/5969/2327
f 3675/5967/2328 3676/5970/2328 3679/5971/2328 3678/5968/2328
f 3677/5969/2329 3678/5968/2329 3690/5972/2329 3687/5973/2329
f 3678/5968/2330 3679/5971/2330 3680/5974/2330 3690/5972/2330
f 3673/5975/2331 3681/5976/2331 3684/5977/2331 3683/5978/2331
f 3681/5976/2332 3682/5979/2332 3685/5980/2332 3684/5977/2332
f 3683/5978/2333 3684/5977/2333 3679/5981/2333 3676/5982/2333
f 3684/5977/2334 3685/5980/2334 3680/5983/2334 3679/5981/2334
f 3674/5984/2335 3686/5985/2335 3689/5986/2335 3688/5987/2335
f 3686/5985/2336 3687/5988/2336 3690/5989/2336 3689/5986/2336
f 3688/5987/2337 3689/5986/2337 3685/5990/2337 3682/5991/2337
f 3689/5986/2338 3690/5989/2338 3680/5992/2338 3685/5990/2338
f 3691/5993/2339 3694/5994/2339 3697/5995/2339 3696/5996/2339
f 3694/5994/2340 3695/5997/2340 3698/5998/2340 3697/5995/2340
f 3696/5996/2341 3697/5995/2341 3709/5999/2341 3706/6000/2341
f 3697/5995/2342 3698/5998/2342 3699/6001/2342 3709/5999/2342
f 3692/6002/2343 3700/6003/2343 3703/6004/2343 3702/6005/2343
f 3700/6003/2344 3701/6006/2344 3704/6007/2344 3703/6004/2344
f 3702/6005/2345 3703/6004/2345 3698/6008/2345 3695/6009/2345
f 3703/6004/2346 3704/6007/2346 3699/6010/2346 3698/6008/2346
f 3693/6011/2347 3705/6012/2347 3708/6013/2347 3707/6014/2347
f 3705/6012/2348 3706/6015/2348 3709/6016/2348 3708/6013/2348
f 3707/6014/2349 3708/6013/2349 3704/6007/2349 3701/6006/2349
f 3708/6013/2350 3709/6016/2350 3699/6010/2350 3704/6007/2350
f 3710/6017/2351 3713/6018/2351 3716/6019/2351 3715/6020/2351
f 3713/6018/2352 3714/6021/2352 3717/6022/2352 3716/6019/2352
f 3715/6020/2353 3716/6019/2353 3728/6023/2353 3725/6024/2353
f 3716/6019/2354 3717/6022/2354 3718/6025/2354 3728/6023/2354
f 3711/6026/2355 3719/6027/2355 3722/6028/2355 3721/6029/2355
f 3719/6027/2356 3720/6030/2356 3723/6031/2356 3722/6028/2356
f 3721/6029/2357 3722/6028/2357 3717/6032/2357 3714/6033/2357
f 3722/6028/2358 3723/6031/2358 3718/6034/2358 3717/6032/2358
f 3712/6035/2359 3724/6036/2359 3727/6037/2359 3726/6038/2359
f 3724/6036/2360 3725/6039/2360 3728/6040/2360 3727/6037/2360
f 3726/6038/2361 3727/6037/2361 3723/6031/2361 3720/6030/2361
f 3727/6037/2362 3728/6040/2362 3718/6034/2362 3723/6031/2362
f 3729/6041/2363 3732/6042/2363 3735/6043/2363 3734/6044/2363
f 3732/6042/2364 3733/6045/2364 3736/6046/2364 3735/6043/2364
f 3734/6044/2365 3735/6043/2365 3747/6047/2365 3744/6048/2365
f 3735/6043/2366 3736/6046/2366 3737/6049/2366 3747/6047/2366
f 3730/6050/2367 3738/6051/2367 3741/6052/2367 3740/6053/2367
f 3738/6051/2368 3739/6054/2368 3742/6055/2368 3741/6052/2368
f 3740/6053/2369 3741/6052/2369 3736/6046/2369 3733/6045/2369
f 3741/6052/2370 3742/6055/2370 3737/6049/2370 3736/6046/2370
f 3731/6056/2371 3743/6057/2371 3746/6058/2371 3745/6059/2371
f 3743/6057/2372 3744/6048/2372 3747/6047/2372 3746/6058/2372
f 3745/6059/2373 3746/6058/2373 3742/6055/2373 3739/6054/2373
f 3746/6058/2374 3747/6047/2374 3737/6049/2374 3742/6055/2374
f 3748/6060/2375 3751/6061/2375 3754/6062/2375 3753/6063/2375
f 3751/6061/2376 3752/6064/2376 3755/6065/2376 3754/6062/2376
f 3753/6063/2377 3754/6062/2377 3766/6066/2377 3763/6067/2377
f 3754/6062/2378 3755/6065/2378 3756/6068/2378 3766/6066/2378
f 3749/6069/2379 3757/6070/2379 3760/6071/2379 3759/6072/2379
f 3757/6070/2380 3758/6073/2380 3761/6074/2380 3760/6071/2380
f 3759/6072/2381 3760/6071/2381 3755/6065/2381 3752/6064/2381
f 3760/6071/2382 3761/6074/2382 3756/6068/2382 3755/6065/2382
f 3750/6075/2383 3762/6076/2383 3765/6077/2383 3764/6078/2383
f 3762/6076/2384 3763/6067/2384 3766/6066/2384 3765/6077/2384
f 3764/6078/2385 3765/6077/2385 3761/6074/2385 3758/6073/2385
f 3765/6077/2386 3766/6066/2386 3756/6068/2386 3761/6074/2386
f 3767/6079/2387 3770/6080/2387 3773/6081/2387 3772/6082/2387
f 3770/6080/2388 3771/6083/2388 3774/6084/2388 3773/6081/2388
f 3772/6082/2389 3773/6081/2389 3785/6085/2389 3782/6086/2389
f 3773/6081/2390 3774/6084/2390 3775/6087/2390 3785/6085/2390
f 3768/6088/2391 3776/6089/2391 3779/6090/2391 3778/6091/2391
f 3776/6089/2392 3777/6092/2392 3780/6093/2392 3779/6090/2392
f 3778/6091/2393 3779/6090/2393 3774/6084/2393 3771/6083/2393
f 3779/6090/2394 3780/6093/2394 3775/6087/2394 3774/6084/2394
f 3769/6094/2395 3781/6095/2395 3784/6096/2395 3783/6097/2395
f 3781/6095/2396 3782/6086/2396 3785/6085/2396 3784/6096/2396
f 3783/6097/2397 3784/6096/2397 3780/6093/2397 3777/6092/2397
f 3784/6096/2398 3785/6085/2398 3775/6087/2398 3780/6093/2398
f 3786/6098/2399 3789/6099/2399 3792/6100/2399 3791/6101/2399
f 3789/6099/2400 3790/6102/2400 3793/6103/2400 3792/6100/2400
f 3791/6101/2401 3792/6100/2401 3804/6104/2401 3801/6105/2401
f 3792/6100/2402 3793/6103/2402 3794/6106/2402 3804/6104/2402
f 3787/6107/2403 3795/6108/2403 3798/6109/2403 3797/6110/2403
f 3795/6108/2404 3796/6111/2404 3799/6112/2404 3798/6109/2404
f 3797/6110/2405 3798/6109/2405 3793/6103/2405 3790/6102/2405
f 3798/6109/2406 3799/6112/2406 3794/6106/2406 3793/6103/2406
f 3788/6113/2407 3800/6114/2407 3803/6115/2407 3802/6116/2407
f 3800/6114/2408 3801/6105/2408 3804/6104/2408 3803/6115/2408
f 3802/6116/2409 3803/6115/2409 3799/6112/2409 3796/6111/2409
f 3803/6115/2410 3804/6104/2410 3794/6106/2410 3799/6112/2410
f 3691/5993/2411 3650/5939/2411 3657/5942/2411 3694/5994/2411
f 3694/5994/2412 3657/5942/2412 3668/5946/2412 3695/5997/2412
f 3695/6009/2413 3668/5961/2413 3667/5958/2413 3702/6005/2413
f 3702/6005/2414 3667/5958/2414 3653/5957/2414 3692/6002/2414
f 3651/5948/2415 3672/5966/2415 3677/5969/2415 3662/5949/2415
f 3662/5949/2416 3677/5969/2416 3687/5973/2416 3663/5952/2416
f 3663/5964/2417 3687/5988/2417 3686/5985/2417 3669/5960/2417
f 3669/5960/2418 3686/5985/2418 3674/5984/2418 3653/5957/2418
f 3673/5975/2419 3710/6017/2419 3715/6020/2419 3681/5976/2419
f 3681/5976/2420 3715/6020/2420 3725/6024/2420 3682/5979/2420
f 3682/5991/2421 3725/6039/2421 3724/6036/2421 3688/5987/2421
f 3688/5987/2422 3724/6036/2422 3712/6035/2422 3674/5984/2422
f 3711/6026/2423 3693/6011/2423 3707/6014/2423 3719/6027/2423
f 3719/6027/2424 3707/6014/2424 3701/6006/2424 3720/6030/2424
f 3720/6030/2425 3701/6006/2425 3700/6003/2425 3726/6038/2425
f 3726/6038/2426 3700/6003/2426 3692/6002/2426 3712/6035/2426
f 3767/6079/2427 3691/5993/2427 3696/5996/2427 3770/6080/2427
f 3770/6080/2428 3696/5996/2428 3706/6000/2428 3771/6083/2428
f 3771/6083/2429 3706/6015/2429 3705/6012/2429 3778/6091/2429
f 3778/6091/2430 3705/6012/2430 3693/6011/2430 3768/6088/2430
f 3710/6017/2431 3786/6098/2431 3791/6101/2431 3713/6018/2431
f 3713/6018/2432 3791/6101/2432 3801/6105/2432 3714/6021/2432
f 3714/6033/2433 3801/6105/2433 3800/6114/2433 3721/6029/2433
f 3721/6029/2434 3800/6114/2434 3788/6113/2434 3711/6026/2434
f 3787/6107/2435 3769/6094/2435 3783/6097/2435 3795/6108/2435
f 3795/6108/2436 3783/6097/2436 3777/6092/2436 3796/6111/2436
f 3796/6111/2437 3777/6092/2437 3776/6089/2437 3802/6116/2437
f 3802/6116/2438 3776/6089/2438 3768/6088/2438 3788/6113/2438
f 3729/6041/2439 3767/6079/2439 3772/6082/2439 3732/6042/2439
f 3732/6042/2440 3772/6082/2440 3782/6086/2440 3733/6045/2440
f 3733/6045/2441 3782/6086/2441 3781/6095/2441 3740/6053/2441
f 3740/6053/2442 3781/6095/2442 3769/6094/2442 3730/6050/2442
f 3786/6098/2443 3748/6060/2443 3753/6063/2443 3789/6099/2443
f 3789/6099/2444 3753/6063/2444 3763/6067/2444 3790/6102/2444
f 3790/6102/2445 3763/6067/2445 3762/6076/2445 3797/6110/2445
f 3797/6110/2446 3762/6076/2446 3750/6075/2446 3787/6107/2446
f 3749/6069/2447 3731/6056/2447 3745/6059/2447 3757/6070/2447
f 3757/6070/2448 3745/6059/2448 3739/6054/2448 3758/6073/2448
f 3758/6073/2449 3739/6054/2449 3738/6051/2449 3764/6078/2449
f 3764/6078/2450 3738/6051/2450 3730/6050/2450 3750/6075/2450
f 3650/5939/2451 3729/6041/2451 3734/6044/2451 3654/5940/2451
f 3654/5940/2452 3734/6044/2452 3744/6048/2452 3655/5943/2452
f 3655/5955/2453 3744/6048/2453 3743/6057/2453 3664/5951/2453
f 3664/5951/2454 3743/6057/2454 3731/6056/2454 3651/5948/2454
f 3748/6060/2455 3673/5975/2455 3683/5978/2455 3751/6061/2455
f 3751/6061/2456 3683/5978/2456 3676/5982/2456 3752/6064/2456
f 3752/6064/2457 3676/5970/2457 3675/5967/2457 3759/6072/2457
f 3759/6072/2458 3675/5967/2458 3672/5966/2458 3749/6069/2458
f 3691/5993/2459 3767/6079/2459 3729/6041/2459 3650/5939/2459
f 3653/5957/2460 3674/5984/2460 3712/6035/2460 3692/6002/2460
f 3731/6056/2461 3749/6069/2461 3672/5966/2461 3651/5948/2461
f 3693/6011/2462 3711/6026/2462 3788/6113/2462 3768/6088/2462
f 3769/6094/2463 3787/6107/2463 3750/6075/2463 3730/6050/2463
f 3649/6117/2463 3652/6118/2463 3710/6119/2463 3673/6120/2463
f 3652/6118/2461 3658/6121/2461 3786/6122/2461 3710/6119/2461
f 3748/6123/2460 3786/6122/2460 3658/6121/2460 3656/6124/2460
f 3673/6125/2462 3748/6123/2462 3656/6124/2462 3649/6126/2462
f 3652/6127/2464 3649/6128/2464 3656/6124/2464 3658/6121/2464
o PCB_Compute
v -41.500000 -30.000000 27.000000
v -41.500000 -29.000000 28.000000
v -42.500000 -29.000000 27.000000
v -41.500000 -29.923880 27.382683
v -41.500000 -29.707108 27.707108
v -41.882683 -29.923880 27.000000
v -41.892273 -29.832010 27.392273
v -41.872372 -29.656254 27.656254
v -42.077351 -29.577351 27.577351
v -41.882683 -29.000000 27.923880
v -42.207108 -29.000000 27.707108
v -41.500000 -29.382683 27.923880
v -41.892273 -29.392273 27.832010
v -42.156254 -29.372370 27.656254
v -42.423882 -29.382683 27.000000
v -42.207108 -29.707108 27.000000
v -42.423882 -29.000000 27.382683
v -42.332012 -29.392273 27.392273
v -42.156254 -29.656254 27.372370
v -41.500000 -29.000000 28.000000
v -41.500000 -28.000000 27.000000
v -42.500000 -29.000000 27.000000
v -41.500000 -28.617317 27.923880
v -41.500000 -28.292892 27.707108
v -41.882683 -29.000000 27.923880
v -41.892273 -28.607727 27.832010
v -41.872372 -28.343746 27.656254
v -42.077351 -28.422649 27.577351
v -41.882683 -28.076120 27.000000
v -42.207108 -28.292892 27.000000
v -41.500000 -28.076120 27.382683
v -41.892273 -28.167990 27.392273
v -42.156254 -28.343746 27.372370
v -42.423882 -29.000000 27.382683
v -42.207108 -29.000000 27.707108
v -42.423882 -28.617317 27.000000
v -42.332012 -28.607727 27.392273
v -42.156254 -28.627630 27.656254
v -41.500000 -30.000000 -27.000000
v -42.500000 -29.000000 -27.000000
v -41.500000 -29.000000 -28.000000
v -41.882683 -29.923880 -27.000000
v -42.207108 -29.707108 -27.000000
v -41.500000 -29.923880 -27.382683
v -41.892273 -29.832010 -27.392273
v -42.156254 -29.656254 -27.372370
v -42.077351 -29.577351 -27.577351
v -42.423882 -29.000000 -27.382683
v -42.207108 -29.000000 -27.707108
v -42.423882 -29.382683 -27.000000
v -42.332012 -29.392273 -27.392273
v -42.156254 -29.372370 -27.656254
v -41.500000 -29.382683 -27.923880
v -41.500000 -29.707108 -27.707108
v -41.882683 -29.000000 -27.923880
v -41.892273 -29.392273 -27.832010
v -41.872372 -29.656254 -27.656254
v -41.500000 -28.000000 -27.000000
v -41.500000 -29.000000 -28.000000
v -42.500000 -29.000000 -27.000000
v -41.500000 -28.076120 -27.382683
v -41.500000 -28.292892 -27.707108
v -41.882683 -28.076120 -27.000000
v -41.892273 -28.167990 -27.392273
v -41.872372 -28.343746 -27.656254
v -42.077351 -28.422649 -27.577351
v -41.882683 -29.000000 -27.923880
v -42.207108 -29.000000 -27.707108
v -41.500000 -28.617317 -27.923880
v -41.892273 -28.607727 -27.832010
v -42.156254 -28.627630 -27.656254
v -42.423882 -28.617317 -27.000000
v -42.207108 -28.292892 -27.000000
v -42.423882 -29.000000 -27.382683
v -42.332012 -28.607727 -27.392273
v -42.156254 -28.343746 -27.372370
v 41.500000 -30.000000 27.000000
v 42.500000 -29.000000 27.000000
v 41.500000 -29.000000 28.000000
v 41.882683 -29.923880 27.000000
v 42.207108 -29.707108 27.000000
v 41.500000 -29.923880 27.382683
v 41.892273 -29.832010 27.392273
v 42.156254 -29.656254 27.372370
v 42.077351 -29.577351 27.577351
v 42.423882 -29.000000 27.382683
v 42.207108 -29.000000 27.707108
v 42.423882 -29.382683 27.000000
v 42.332012 -29.392273 27.392273
v 42.156254 -29.372370 27.656254
v 41.500000 -29.382683 27.923880
v 41.500000 -29.707108 27.707108
v 41.882683 -29.000000 27.923880
v 41.892273 -29.392273 27.832010
v 41.872372 -29.656254 27.656254
v 41.500000 -28.000000 27.000000
v 41.500000 -29.000000 28.000000
v 42.500000 -29.000000 27.000000
v 41.500000 -28.076120 27.382683
v 41.500000 -28.292892 27.707108
v 41.882683 -28.076120 27.000000
v 41.892273 -28.167990 27.392273
v 41.872372 -28.343746 27.656254
v 42.077351 -28.422649 27.577351
v 41.882683 -29.000000 27.923880
v 42.207108 -29.000000 27.707108
v 41.500000 -28.617317 27.923880
v 41.892273 -28.607727 27.832010
v 42.156254 -28.627630 27.656254
v 42.423882 -28.617317 27.000000
v 42.207108 -28.292892 27.000000
v 42.423882 -29.000000 27.382683
v 42.332012 -28.607727 27.392273
v 42.156254 -28.343746 27.372370
v 41.500000 -30.000000 -27.000000
v 41.500000 -29.000000 -28.000000
v 42.500000 -29.000000 -27.000000
v 41.500000 -29.923880 -27.382683
v 41.500000 -29.707108 -27.707108
v 41.882683 -29.923880 -27.000000
v 41.892273 -29.832010 -27.392273
v 41.872372 -29.656254 -27.656254
v 42.077351 -29.577351 -27.577351
v 41.882683 -29.000000 -27.923880
v 42.207108 -29.000000 -27.707108
v 41.500000 -29.382683 -27.923880
v 41.892273 -29.392273 -27.832010
v 42.156254 -29.372370 -27.656254
v 42.423882 -29.382683 -27.000000
v 42.207108 -29.707108 -27.000000
v 42.423882 -29.000000 -27.382683
v 42.332012 -29.392273 -27.392273
v 42.156254 -29.656254 -27.372370
v 41.500000 -28.000000 -27.000000
v 42.500000 -29.000000 -27.000000
v 41.500000 -29.000000 -28.000000
v 41.882683 -28.076120 -27.000000
v 42.207108 -28.292892 -27.000000
v 41.500000 -28.076120 -27.382683
v 41.892273 -28.167990 -27.392273
v 42.156254 -28.343746 -27.372370
v 42.077351 -28.422649 -27.577351
v 42.423882 -29.000000 -27.382683
v 42.207108 -29.000000 -27.707108
v 42.423882 -28.617317 -27.000000
v 42.332012 -28.607727 -27.392273
v 42.156254 -28.627630 -27.656254
v 41.500000 -28.617317 -27.923880
v 41.500000 -28.292892 -27.707108
v 41.882683 -29.000000 -27.923880
v 41.892273 -28.607727 -27.832010
v 41.872372 -28.343746 -27.656254
vn -0.2049 -0.9571 0.2049
vn -0.1818 -0.8152 0.5500
vn -0.5499 -0.8152 0.1818
vn -0.4931 -0.7167 0.4931
vn -0.2049 -0.2049 0.9571
vn -0.5500 -0.1818 0.8152
vn -0.1818 -0.5499 0.8152
vn -0.4931 -0.4931 0.7167
vn -0.9571 -0.2049 0.2049
vn -0.8152 -0.5500 0.1818
vn -0.8152 -0.1818 0.5500
vn -0.7167 -0.4931 0.4931
vn -0.2049 0.2049 0.9571
vn -0.1818 0.5499 0.8152
vn -0.5500 0.1818 0.8152
vn -0.4931 0.4931 0.7167
vn -0.2049 0.9571 0.2049
vn -0.5499 0.8152 0.1818
vn -0.1818 0.8152 0.5500
vn -0.4931 0.7167 0.4931
vn -0.9571 0.2049 0.2049
vn -0.8152 0.1818 0.5500
vn -0.8152 0.5500 0.1818
vn -0.7167 0.4931 0.4931
vn -0.2049 -0.9571 -0.2049
vn -0.5499 -0.8152 -0.1818
vn -0.1818 -0.8152 -0.5500
vn -0.4931 -0.7167 -0.4931
vn -0.9571 -0.2049 -0.2049
vn -0.8152 -0.1818 -0.5500
vn -0.8152 -0.5500 -0.1818
vn -0.7167 -0.4931 -0.4931
vn -0.2049 -0.2049 -0.9571
vn -0.1818 -0.5499 -0.8152
vn -0.5500 -0.1818 -0.8152
vn -0.4931 -0.4931 -0.7167
vn -0.2049 0.9571 -0.2049
vn -0.1818 0.8152 -0.5500
vn -0.5499 0.8152 -0.1818
vn -0.4931 0.7167 -0.4931
vn -0.2049 0.2049 -0.9571
vn -0.5500 0.1818 -0.8152
vn -0.1818 0.5499 -0.8152
vn -0.4931 0.4931 -0.7167
vn -0.9571 0.2049 -0.2049
vn -0.8152 0.5500 -0.1818
vn -0.8152 0.1818 -0.5500
vn -0.7167 0.4931 -0.4931
vn 0.2049 -0.9571 0.2049
vn 0.5499 -0.8152 0.1818
vn 0.1818 -0.8152 0.5500
vn 0.4931 -0.7167 0.4931
vn 0.9571 -0.2049 0.2049
vn 0.8152 -0.1818 0.5500
vn 0.8152 -0.5500 0.1818
vn 0.7167 -0.4931 0.4931
vn 0.2049 -0.2049 0.9571
vn 0.1818 -0.5499 0.8152
vn 0.5500 -0.1818 0.8152
vn 0.4931 -0.4931 0.7167
vn 0.2049 0.9571 0.2049
vn 0.1818 0.8152 0.5500
vn 0.5499 0.8152 0.1818
vn 0.4931 0.7167 0.4931
vn 0.2049 0.2049 0.9571
vn 0.5500 0.1818 0.8152
vn 0.1818 0.5499 0.8152
vn 0.4931 0.4931 0.7167
vn 0.9571 0.2049 0.2049
vn 0.8152 0.5500 0.1818
vn 0.8152 0.1818 0.5500
vn 0.7167 0.4931 0.4931
vn 0.2049 -0.9571 -0.2049
vn 0.1818 -0.8152 -0.5500
vn 0.5499 -0.8152 -0.1818
vn 0.4931 -0.7167 -0.4931
vn 0.2049 -0.2049 -0.9571
vn 0.5500 -0.1818 -0.8152
vn 0.1818 -0.5499 -0.8152
vn 0.4931 -0.4931 -0.7167
vn 0.9571 -0.2049 -0.2049
vn 0.8152 -0.5500 -0.1818
vn 0.8152 -0.1818 -0.5500
vn 0.7167 -0.4931 -0.4931
vn 0.2049 0.9571 -0.2049
vn 0.5499 0.8152 -0.1818
vn 0.1818 0.8152 -0.5500
vn 0.4931 0.7167 -0.4931
vn 0.9571 0.2049 -0.2049
vn 0.8152 0.1818 -0.5500
vn 0.8152 0.5500 -0.1818
vn 0.7167 0.4931 -0.4931
vn 0.2049 0.2049 -0.9571
vn 0.1818 0.5499 -0.8152
vn 0.5500 0.1818 -0.8152
vn 0.4931 0.4931 -0.7167
vn -0.1951 -0.9808 -0.0000
vn -0.5556 -0.8315 -0.0000
vn -0.8315 -0.5556 -0.0000
vn -0.9808 -0.1951 -0.0000
vn -0.0000 1.0000 -0.0000
vn -0.1951 0.9808 -0.0000
vn -0.5556 0.8315 -0.0000
vn -0.8315 0.5556 -0.0000
vn -0.9808 0.1951 -0.0000
vn -0.0000 -0.9808 -0.1951
vn -0.0000 -0.8315 -0.5556
vn -0.0000 -0.5556 -0.8315
vn -0.0000 -0.1951 -0.9808
vn -0.0000 0.9808 -0.1951
vn -0.0000 0.8315 -0.5556
vn -0.0000 0.5556 -0.8315
vn -0.0000 0.1951 -0.9808
vn 0.1951 -0.9808 -0.0000
vn 0.5556 -0.8315 -0.0000
vn 0.8315 -0.5556 -0.0000
vn 0.9808 -0.1951 -0.0000
vn 0.1951 0.9808 -0.0000
vn 0.5556 0.8315 -0.0000
vn 0.8315 0.5556 -0.0000
vn 0.9808 0.1951 -0.0000
vn -0.0000 -0.9808 0.1951
vn -0.0000 -0.8315 0.5556
vn -0.0000 -0.5556 0.8315
vn -0.0000 -0.1951 0.9808
vn -0.0000 0.9808 0.1951
vn -0.0000 0.8315 0.5556
vn -0.0000 0.5556 0.8315
vn -0.0000 0.1951 0.9808
vn -0.0000 -1.0000 -0.0000
vt 0.127941 0.745536
vt 0.127941 0.747244
vt 0.126787 0.747287
vt 0.126816 0.745536
vt 0.127941 0.750000
vt 0.126846 0.750000
vt 0.125000 0.747198
vt 0.125000 0.745536
vt 0.126243 0.750000
vt 0.500000 0.997059
vt 0.500000 0.998184
vt 0.450966 0.998212
vt 0.452165 0.997059
vt 0.500000 1.000000
vt 0.453454 1.000000
vt 0.375000 0.998154
vt 0.375000 0.997059
vt 0.427831 1.000000
vt 0.500000 0.004464
vt 0.452165 0.004464
vt 0.450966 0.002713
vt 0.500000 0.002756
vt 0.375000 0.004464
vt 0.375000 0.002802
vt 0.453454 0.000000
vt 0.500000 0.000000
vt 0.375000 0.001887
vt 0.547835 0.997059
vt 0.549034 0.998213
vt 0.625000 0.997059
vt 0.625000 0.998154
vt 0.546546 1.000000
vt 0.625000 0.998757
vt 0.872059 0.745536
vt 0.873184 0.745536
vt 0.873213 0.747287
vt 0.872059 0.747244
vt 0.875000 0.745536
vt 0.875000 0.747198
vt 0.873154 0.750000
vt 0.872059 0.750000
vt 0.875000 0.748113
vt 0.549034 0.002713
vt 0.547835 0.004464
vt 0.546546 0.000000
vt 0.625000 0.002802
vt 0.625000 0.004464
vt 0.572169 0.000000
vt 0.127941 0.504464
vt 0.126816 0.504464
vt 0.126787 0.502713
vt 0.127941 0.502756
vt 0.125000 0.504464
vt 0.125000 0.502802
vt 0.126846 0.500000
vt 0.127941 0.500000
vt 0.125000 0.501887
vt 0.500000 0.245536
vt 0.500000 0.247244
vt 0.450966 0.247287
vt 0.452165 0.245536
vt 0.500000 0.250000
vt 0.453454 0.250000
vt 0.375000 0.247198
vt 0.375000 0.245536
vt 0.401416 0.250622
vt 0.500000 0.252941
vt 0.452165 0.252941
vt 0.450966 0.251787
vt 0.500000 0.251816
vt 0.375000 0.252941
vt 0.375000 0.251846
vt 0.872059 0.504464
vt 0.872059 0.502756
vt 0.873213 0.502713
vt 0.873184 0.504464
vt 0.872059 0.500000
vt 0.873154 0.500000
vt 0.875000 0.502802
vt 0.875000 0.504464
vt 0.873757 0.500000
vt 0.549034 0.251787
vt 0.547835 0.252941
vt 0.546546 0.250000
vt 0.625000 0.251846
vt 0.625000 0.252941
vt 0.598584 0.249057
vt 0.547835 0.245536
vt 0.549034 0.247287
vt 0.625000 0.245536
vt 0.625000 0.247198
vt 0.372059 0.745536
vt 0.373184 0.745536
vt 0.373213 0.747287
vt 0.372059 0.747244
vt 0.375000 0.745536
vt 0.375000 0.747198
vt 0.374077 0.750923
vt 0.373529 0.751471
vt 0.392610 0.749785
vt 0.500000 0.745536
vt 0.500000 0.747244
vt 0.450966 0.747287
vt 0.452165 0.745536
vt 0.500000 0.750000
vt 0.453454 0.750000
vt 0.500000 0.752941
vt 0.452165 0.752941
vt 0.450966 0.751787
vt 0.500000 0.751816
vt 0.627941 0.745536
vt 0.627941 0.747244
vt 0.626787 0.747287
vt 0.626816 0.745536
vt 0.626471 0.751471
vt 0.625923 0.750923
vt 0.625000 0.747198
vt 0.625000 0.745536
vt 0.607804 0.749371
vt 0.549034 0.751787
vt 0.547835 0.752941
vt 0.546546 0.750000
vt 0.547835 0.745536
vt 0.549034 0.747287
vt 0.372059 0.504464
vt 0.372059 0.502756
vt 0.373213 0.502713
vt 0.373184 0.504464
vt 0.373529 0.498529
vt 0.374077 0.499077
vt 0.375000 0.502802
vt 0.375000 0.504464
vt 0.392196 0.500629
vt 0.500000 0.497059
vt 0.500000 0.498184
vt 0.450966 0.498213
vt 0.452165 0.497059
vt 0.500000 0.500000
vt 0.453454 0.500000
vt 0.500000 0.504464
vt 0.452165 0.504464
vt 0.450966 0.502713
vt 0.500000 0.502756
vt 0.627941 0.504464
vt 0.626816 0.504464
vt 0.626787 0.502713
vt 0.627941 0.502756
vt 0.625000 0.504464
vt 0.625000 0.502802
vt 0.625923 0.499077
vt 0.626471 0.498529
vt 0.607390 0.500215
vt 0.549034 0.502713
vt 0.547835 0.504464
vt 0.546546 0.500000
vt 0.547835 0.497059
vt 0.549034 0.498213
s 0
usemtl PCB_Green
f 3805/6129/2465 3808/6130/2465 3811/6131/2465 3810/6132/2465
f 3808/6130/2466 3809/6133/2466 3812/6134/2466 3811/6131/2466
f 3810/6132/2467 3811/6131/2467 3823/6135/2467 3820/6136/2467
f 3811/6131/2468 3812/6134/2468 3813/6137/2468 3823/6135/2468
f 3806/6138/2469 3814/6139/2469 3817/6140/2469 3816/6141/2469
f 3814/6139/2470 3815/6142/2470 3818/6143/2470 3817/6140/2470
f 3816/6141/2471 3817/6140/2471 3812/6144/2471 3809/6145/2471
f 3817/6140/2472 3818/6143/2472 3813/6146/2472 3812/6144/2472
f 3807/6147/2473 3819/6148/2473 3822/6149/2473 3821/6150/2473
f 3819/6148/2474 3820/6151/2474 3823/6152/2474 3822/6149/2474
f 3821/6150/2475 3822/6149/2475 3818/6153/2475 3815/6154/2475
f 3822/6149/2476 3823/6152/2476 3813/6155/2476 3818/6153/2476
f 3824/6138/2477 3827/6156/2477 3830/6157/2477 3829/6139/2477
f 3827/6156/2478 3828/6158/2478 3831/6159/2478 3830/6157/2478
f 3829/6139/2479 3830/6157/2479 3842/6160/2479 3839/6142/2479
f 3830/6157/2480 3831/6159/2480 3832/6161/2480 3842/6160/2480
f 3825/6162/2481 3833/6163/2481 3836/6164/2481 3835/6165/2481
f 3833/6163/2482 3834/6166/2482 3837/6167/2482 3836/6164/2482
f 3835/6165/2483 3836/6164/2483 3831/6168/2483 3828/6169/2483
f 3836/6164/2484 3837/6167/2484 3832/6170/2484 3831/6168/2484
f 3826/6147/2485 3838/6150/2485 3841/6171/2485 3840/6172/2485
f 3838/6150/2486 3839/6154/2486 3842/6173/2486 3841/6171/2486
f 3840/6172/2487 3841/6171/2487 3837/6174/2487 3834/6175/2487
f 3841/6171/2488 3842/6173/2488 3832/6176/2488 3837/6174/2488
f 3843/6177/2489 3846/6178/2489 3849/6179/2489 3848/6180/2489
f 3846/6178/2490 3847/6181/2490 3850/6182/2490 3849/6179/2490
f 3848/6180/2491 3849/6179/2491 3861/6183/2491 3858/6184/2491
f 3849/6179/2492 3850/6182/2492 3851/6185/2492 3861/6183/2492
f 3844/6186/2493 3852/6187/2493 3855/6188/2493 3854/6189/2493
f 3852/6187/2494 3853/6190/2494 3856/6191/2494 3855/6188/2494
f 3854/6189/2495 3855/6188/2495 3850/6192/2495 3847/6193/2495
f 3855/6188/2496 3856/6191/2496 3851/6194/2496 3850/6192/2496
f 3845/6195/2497 3857/6196/2497 3860/6197/2497 3859/6198/2497
f 3857/6196/2498 3858/6199/2498 3861/6200/2498 3860/6197/2498
f 3859/6198/2499 3860/6197/2499 3856/6191/2499 3853/6190/2499
f 3860/6197/2500 3861/6200/2500 3851/6194/2500 3856/6191/2500
f 3862/6201/2501 3865/6202/2501 3868/6203/2501 3867/6204/2501
f 3865/6202/2502 3866/6205/2502 3869/6206/2502 3868/6203/2502
f 3867/6204/2503 3868/6203/2503 3880/6207/2503 3877/6208/2503
f 3868/6203/2504 3869/6206/2504 3870/6209/2504 3880/6207/2504
f 3863/6195/2505 3871/6198/2505 3874/6210/2505 3873/6211/2505
f 3871/6198/2506 3872/6190/2506 3875/6212/2506 3874/6210/2506
f 3873/6211/2507 3874/6210/2507 3869/6213/2507 3866/6214/2507
f 3874/6210/2508 3875/6212/2508 3870/6215/2508 3869/6213/2508
f 3864/6186/2509 3876/6216/2509 3879/6217/2509 3878/6187/2509
f 3876/6216/2510 3877/6218/2510 3880/6219/2510 3879/6217/2510
f 3878/6187/2511 3879/6217/2511 3875/6212/2511 3872/6190/2511
f 3879/6217/2512 3880/6219/2512 3870/6215/2512 3875/6212/2512
f 3881/6220/2513 3884/6221/2513 3887/6222/2513 3886/6223/2513
f 3884/6221/2514 3885/6224/2514 3888/6225/2514 3887/6222/2514
f 3886/6223/2515 3887/6222/2515 3899/6226/2515 3896/6227/2515
f 3887/6222/2516 3888/6225/2516 3889/6228/2516 3899/6226/2516
f 3882/6229/2517 3890/6230/2517 3893/6231/2517 3892/6232/2517
f 3890/6230/2518 3891/6233/2518 3894/6234/2518 3893/6231/2518
f 3892/6232/2519 3893/6231/2519 3888/6225/2519 3885/6224/2519
f 3893/6231/2520 3894/6234/2520 3889/6228/2520 3888/6225/2520
f 3883/6235/2521 3895/6236/2521 3898/6237/2521 3897/6238/2521
f 3895/6236/2522 3896/6227/2522 3899/6226/2522 3898/6237/2522
f 3897/6238/2523 3898/6237/2523 3894/6234/2523 3891/6233/2523
f 3898/6237/2524 3899/6226/2524 3889/6228/2524 3894/6234/2524
f 3900/6239/2525 3903/6240/2525 3906/6241/2525 3905/6242/2525
f 3903/6240/2526 3904/6243/2526 3907/6244/2526 3906/6241/2526
f 3905/6242/2527 3906/6241/2527 3918/6245/2527 3915/6246/2527
f 3906/6241/2528 3907/6244/2528 3908/6247/2528 3918/6245/2528
f 3901/6235/2529 3909/6238/2529 3912/6248/2529 3911/6249/2529
f 3909/6238/2530 3910/6233/2530 3913/6250/2530 3912/6248/2530
f 3911/6249/2531 3912/6248/2531 3907/6244/2531 3904/6243/2531
f 3912/6248/2532 3913/6250/2532 3908/6247/2532 3907/6244/2532
f 3902/6229/2533 3914/6251/2533 3917/6252/2533 3916/6230/2533
f 3914/6251/2534 3915/6246/2534 3918/6245/2534 3917/6252/2534
f 3916/6230/2535 3917/6252/2535 3913/6250/2535 3910/6233/2535
f 3917/6252/2536 3918/6245/2536 3908/6247/2536 3913/6250/2536
f 3919/6253/2537 3922/6254/2537 3925/6255/2537 3924/6256/2537
f 3922/6254/2538 3923/6257/2538 3926/6258/2538 3925/6255/2538
f 3924/6256/2539 3925/6255/2539 3937/6259/2539 3934/6260/2539
f 3925/6255/2540 3926/6258/2540 3927/6261/2540 3937/6259/2540
f 3920/6262/2541 3928/6263/2541 3931/6264/2541 3930/6265/2541
f 3928/6263/2542 3929/6266/2542 3932/6267/2542 3931/6264/2542
f 3930/6265/2543 3931/6264/2543 3926/6258/2543 3923/6257/2543
f 3931/6264/2544 3932/6267/2544 3927/6261/2544 3926/6258/2544
f 3921/6268/2545 3933/6269/2545 3936/6270/2545 3935/6271/2545
f 3933/6269/2546 3934/6260/2546 3937/6259/2546 3936/6270/2546
f 3935/6271/2547 3936/6270/2547 3932/6267/2547 3929/6266/2547
f 3936/6270/2548 3937/6259/2548 3927/6261/2548 3932/6267/2548
f 3938/6272/2549 3941/6273/2549 3944/6274/2549 3943/6275/2549
f 3941/6273/2550 3942/6276/2550 3945/6277/2550 3944/6274/2550
f 3943/6275/2551 3944/6274/2551 3956/6278/2551 3953/6279/2551
f 3944/6274/2552 3945/6277/2552 3946/6280/2552 3956/6278/2552
f 3939/6268/2553 3947/6271/2553 3950/6281/2553 3949/6282/2553
f 3947/6271/2554 3948/6266/2554 3951/6283/2554 3950/6281/2554
f 3949/6282/2555 3950/6281/2555 3945/6277/2555 3942/6276/2555
f 3950/6281/2556 3951/6283/2556 3946/6280/2556 3945/6277/2556
f 3940/6262/2557 3952/6284/2557 3955/6285/2557 3954/6263/2557
f 3952/6284/2558 3953/6279/2558 3956/6278/2558 3955/6285/2558
f 3954/6263/2559 3955/6285/2559 3951/6283/2559 3948/6266/2559
f 3955/6285/2560 3956/6278/2560 3946/6280/2560 3951/6283/2560
f 3843/6177/2561 3805/6129/2561 3810/6132/2561 3846/6178/2561
f 3846/6178/2562 3810/6132/2562 3820/6136/2562 3847/6181/2562
f 3847/6193/2563 3820/6151/2563 3819/6148/2563 3854/6189/2563
f 3854/6189/2564 3819/6148/2564 3807/6147/2564 3844/6186/2564
f 3806/6138/2565 3824/6138/2565 3829/6139/2565 3814/6139/2565
f 3814/6139/2565 3829/6139/2565 3839/6142/2565 3815/6142/2565
f 3815/6154/2565 3839/6154/2565 3838/6150/2565 3821/6150/2565
f 3821/6150/2565 3838/6150/2565 3826/6147/2565 3807/6147/2565
f 3825/6162/2566 3862/6201/2566 3867/6204/2566 3833/6163/2566
f 3833/6163/2567 3867/6204/2567 3877/6208/2567 3834/6166/2567
f 3834/6175/2568 3877/6218/2568 3876/6216/2568 3840/6172/2568
f 3840/6172/2569 3876/6216/2569 3864/6186/2569 3826/6147/2569
f 3863/6195/2565 3845/6195/2565 3859/6198/2565 3871/6198/2565
f 3871/6198/2565 3859/6198/2565 3853/6190/2565 3872/6190/2565
f 3872/6190/2565 3853/6190/2565 3852/6187/2565 3878/6187/2565
f 3878/6187/2565 3852/6187/2565 3844/6186/2565 3864/6186/2565
f 3919/6253/2570 3843/6177/2570 3848/6180/2570 3922/6254/2570
f 3922/6254/2571 3848/6180/2571 3858/6184/2571 3923/6257/2571
f 3923/6257/2572 3858/6199/2572 3857/6196/2572 3930/6265/2572
f 3930/6265/2573 3857/6196/2573 3845/6195/2573 3920/6262/2573
f 3862/6201/2574 3938/6272/2574 3943/6275/2574 3865/6202/2574
f 3865/6202/2575 3943/6275/2575 3953/6279/2575 3866/6205/2575
f 3866/6214/2576 3953/6279/2576 3952/6284/2576 3873/6211/2576
f 3873/6211/2577 3952/6284/2577 3940/6262/2577 3863/6195/2577
f 3939/6268/2565 3921/6268/2565 3935/6271/2565 3947/6271/2565
f 3947/6271/2565 3935/6271/2565 3929/6266/2565 3948/6266/2565
f 3948/6266/2565 3929/6266/2565 3928/6263/2565 3954/6263/2565
f 3954/6263/2565 3928/6263/2565 3920/6262/2565 3940/6262/2565
f 3881/6220/2578 3919/6253/2578 3924/6256/2578 3884/6221/2578
f 3884/6221/2579 3924/6256/2579 3934/6260/2579 3885/6224/2579
f 3885/6224/2580 3934/6260/2580 3933/6269/2580 3892/6232/2580
f 3892/6232/2581 3933/6269/2581 3921/6268/2581 3882/6229/2581
f 3938/6272/2582 3900/6239/2582 3905/6242/2582 3941/6273/2582
f 3941/6273/2583 3905/6242/2583 3915/6246/2583 3942/6276/2583
f 3942/6276/2584 3915/6246/2584 3914/6251/2584 3949/6282/2584
f 3949/6282/2585 3914/6251/2585 3902/6229/2585 3939/6268/2585
f 3901/6235/2565 3883/6235/2565 3897/6238/2565 3909/6238/2565
f 3909/6238/2565 3897/6238/2565 3891/6233/2565 3910/6233/2565
f 3910/6233/2565 3891/6233/2565 3890/6230/2565 3916/6230/2565
f 3916/6230/2565 3890/6230/2565 3882/6229/2565 3902/6229/2565
f 3805/6129/2586 3881/6220/2586 3886/6223/2586 3808/6130/2586
f 3808/6130/2587 3886/6223/2587 3896/6227/2587 3809/6133/2587
f 3809/6145/2588 3896/6227/2588 3895/6236/2588 3816/6141/2588
f 3816/6141/2589 3895/6236/2589 3883/6235/2589 3806/6138/2589
f 3900/6239/2590 3825/6162/2590 3835/6165/2590 3903/6240/2590
f 3903/6240/2591 3835/6165/2591 3828/6169/2591 3904/6243/2591
f 3904/6243/2592 3828/6158/2592 3827/6156/2592 3911/6249/2592
f 3911/6249/2593 3827/6156/2593 3824/6138/2593 3901/6235/2593
f 3843/6177/2594 3919/6253/2594 3881/6220/2594 3805/6129/2594
f 3807/6147/2565 3826/6147/2565 3864/6186/2565 3844/6186/2565
f 3883/6235/2565 3901/6235/2565 3824/6138/2565 3806/6138/2565
f 3938/6272/2565 3862/6201/2565 3825/6162/2565 3900/6239/2565
f 3845/6195/2565 3863/6195/2565 3940/6262/2565 3920/6262/2565
f 3921/6268/2565 3939/6268/2565 3902/6229/2565 3882/6229/2565
o Battery_Pack
v -94.500000 -6.000000 27.000000
v -94.500000 -3.000000 30.000000
v -97.500000 -3.000000 27.000000
v -94.500000 -5.771639 28.148050
v -94.500000 -5.121321 29.121321
v -95.648048 -5.771639 27.000000
v -95.676819 -5.496033 28.176821
v -95.617111 -4.968763 28.968763
v -96.232048 -4.732051 28.732050
v -95.648048 -3.000000 29.771639
v -96.621323 -3.000000 29.121321
v -94.500000 -4.148050 29.771639
v -95.676819 -4.176822 29.496033
v -96.468765 -4.117112 28.968763
v -97.271637 -4.148050 27.000000
v -96.621323 -5.121321 27.000000
v -97.271637 -3.000000 28.148050
v -96.996033 -4.176822 28.176821
v -96.468765 -4.968763 28.117111
v -94.500000 11.000000 30.000000
v -94.500000 14.000000 27.000000
v -97.500000 11.000000 27.000000
v -94.500000 12.148050 29.771639
v -94.500000 13.121321 29.121321
v -95.648048 11.000000 29.771639
v -95.676819 12.176822 29.496033
v -95.617111 12.968763 28.968763
v -96.232048 12.732051 28.732052
v -95.648048 13.771639 27.000000
v -96.621323 13.121321 27.000000
v -94.500000 13.771639 28.148050
v -95.676819 13.496033 28.176821
v -96.468765 12.968763 28.117111
v -97.271637 11.000000 28.148050
v -96.621323 11.000000 29.121321
v -97.271637 12.148050 27.000000
v -96.996033 12.176822 28.176821
v -96.468765 12.117111 28.968763
v -94.500000 -6.000000 -27.000000
v -97.500000 -3.000000 -27.000000
v -94.500000 -3.000000 -30.000000
v -95.648048 -5.771639 -27.000000
v -96.621323 -5.121321 -27.000000
v -94.500000 -5.771639 -28.148050
v -95.676819 -5.496033 -28.176821
v -96.468765 -4.968763 -28.117111
v -96.232048 -4.732051 -28.732050
v -97.271637 -3.000000 -28.148050
v -96.621323 -3.000000 -29.121321
v -97.271637 -4.148050 -27.000000
v -96.996033 -4.176822 -28.176821
v -96.468765 -4.117112 -28.968763
v -94.500000 -4.148050 -29.771639
v -94.500000 -5.121321 -29.121321
v -95.648048 -3.000000 -29.771639
v -95.676819 -4.176822 -29.496033
v -95.617111 -4.968763 -28.968763
v -94.500000 14.000000 -27.000000
v -94.500000 11.000000 -30.000000
v -97.500000 11.000000 -27.000000
v -94.500000 13.771639 -28.148050
v -94.500000 13.121321 -29.121321
v -95.648048 13.771639 -27.000000
v -95.676819 13.496033 -28.176821
v -95.617111 12.968763 -28.968763
v -96.232048 12.732051 -28.732050
v -95.648048 11.000000 -29.771639
v -96.621323 11.000000 -29.121321
v -94.500000 12.148050 -29.771639
v -95.676819 12.176822 -29.496033
v -96.468765 12.117111 -28.968763
v -97.271637 12.148050 -27.000000
v -96.621323 13.121321 -27.000000
v -97.271637 11.000000 -28.148050
v -96.996033 12.176822 -28.176821
v -96.468765 12.968763 -28.117111
v -65.500000 -6.000000 27.000000
v -62.500000 -3.000000 27.000000
v -65.500000 -3.000000 30.000000
v -64.351952 -5.771639 27.000000
v -63.378681 -5.121321 27.000000
v -65.500000 -5.771639 28.148050
v -64.323181 -5.496033 28.176821
v -63.531235 -4.968763 28.117111
v -63.767948 -4.732051 28.732050
v -62.728363 -3.000000 28.148050
v -63.378681 -3.000000 29.121321
v -62.728363 -4.148050 27.000000
v -63.003967 -4.176822 28.176821
v -63.531235 -4.117112 28.968763
v -65.500000 -4.148050 29.771639
v -65.500000 -5.121321 29.121321
v -64.351952 -3.000000 29.771639
v -64.323181 -4.176822 29.496033
v -64.382889 -4.968763 28.968763
v -65.500000 14.000000 27.000000
v -65.500000 11.000000 30.000000
v -62.500000 11.000000 27.000000
v -65.500000 13.771639 28.148050
v -65.500000 13.121321 29.121321
v -64.351952 13.771639 27.000000
v -64.323181 13.496033 28.176821
v -64.382889 12.968763 28.968763
v -63.767948 12.732051 28.732050
v -64.351952 11.000000 29.771639
v -63.378681 11.000000 29.121321
v -65.500000 12.148050 29.771639
v -64.323181 12.176822 29.496033
v -63.531235 12.117111 28.968763
v -62.728363 12.148050 27.000000
v -63.378681 13.121321 27.000000
v -62.728363 11.000000 28.148050
v -63.003967 12.176822 28.176821
v -63.531235 12.968763 28.117111
v -65.500000 -6.000000 -27.000000
v -65.500000 -3.000000 -30.000000
v -62.500000 -3.000000 -27.000000
v -65.500000 -5.771639 -28.148050
v -65.500000 -5.121321 -29.121321
v -64.351952 -5.771639 -27.000000
v -64.323181 -5.496033 -28.176821
v -64.382889 -4.968763 -28.968763
v -63.767948 -4.732051 -28.732050
v -64.351952 -3.000000 -29.771639
v -63.378681 -3.000000 -29.121321
v -65.500000 -4.148050 -29.771639
v -64.323181 -4.176822 -29.496033
v -63.531235 -4.117112 -28.968763
v -62.728363 -4.148050 -27.000000
v -63.378681 -5.121321 -27.000000
v -62.728363 -3.000000 -28.148050
v -63.003967 -4.176822 -28.176821
v -63.531235 -4.968763 -28.117111
v -65.500000 14.000000 -27.000000
v -62.500000 11.000000 -27.000000
v -65.500000 11.000000 -30.000000
v -64.351952 13.771639 -27.000000
v -63.378681 13.121321 -27.000000
v -65.500000 13.771639 -28.148050
v -64.323181 13.496033 -28.176821
v -63.531235 12.968763 -28.117111
v -63.767948 12.732051 -28.732050
v -62.728363 11.000000 -28.148050
v -63.378681 11.000000 -29.121321
v -62.728363 12.148050 -27.000000
v -63.003967 12.176822 -28.176821
v -63.531235 12.117111 -28.968763
v -65.500000 12.148050 -29.771639
v -65.500000 13.121321 -29.121321
v -64.351952 11.000000 -29.771639
v -64.323181 12.176822 -29.496033
v -64.382889 12.968763 -28.968763
vn -0.2049 -0.9571 0.2049
vn -0.1818 -0.8152 0.5500
vn -0.5500 -0.8152 0.1818
vn -0.4931 -0.7167 0.4931
vn -0.2049 -0.2049 0.9571
vn -0.5499 -0.1818 0.8152
vn -0.1818 -0.5500 0.8152
vn -0.4931 -0.4931 0.7167
vn -0.9571 -0.2049 0.2049
vn -0.8152 -0.5500 0.1818
vn -0.8152 -0.1818 0.5500
vn -0.7167 -0.4931 0.4931
vn -0.2049 0.2049 0.9571
vn -0.1818 0.5500 0.8152
vn -0.5499 0.1818 0.8152
vn -0.4931 0.4931 0.7167
vn -0.2049 0.9571 0.2049
vn -0.5499 0.8152 0.1818
vn -0.1818 0.8152 0.5500
vn -0.4931 0.7167 0.4931
vn -0.9571 0.2049 0.2049
vn -0.8152 0.1818 0.5500
vn -0.8152 0.5500 0.1818
vn -0.7167 0.4931 0.4931
vn -0.2049 -0.9571 -0.2049
vn -0.5500 -0.8152 -0.1818
vn -0.1818 -0.8152 -0.5500
vn -0.4931 -0.7167 -0.4931
vn -0.9571 -0.2049 -0.2049
vn -0.8152 -0.1818 -0.5500
vn -0.8152 -0.5500 -0.1818
vn -0.7167 -0.4931 -0.4931
vn -0.2049 -0.2049 -0.9571
vn -0.1818 -0.5500 -0.8152
vn -0.5499 -0.1818 -0.8152
vn -0.4931 -0.4931 -0.7167
vn -0.2049 0.9571 -0.2049
vn -0.1818 0.8152 -0.5500
vn -0.5500 0.8152 -0.1818
vn -0.4931 0.7167 -0.4931
vn -0.2049 0.2049 -0.9571
vn -0.5499 0.1818 -0.8152
vn -0.1818 0.5500 -0.8152
vn -0.4931 0.4931 -0.7167
vn -0.9571 0.2049 -0.2049
vn -0.8152 0.5500 -0.1818
vn -0.8152 0.1818 -0.5500
vn -0.7167 0.4931 -0.4931
vn 0.2049 -0.9571 0.2049
vn 0.5500 -0.8152 0.1818
vn 0.1818 -0.8152 0.5500
vn 0.4931 -0.7167 0.4931
vn 0.9571 -0.2049 0.2049
vn 0.8152 -0.1818 0.5500
vn 0.8152 -0.5500 0.1818
vn 0.7167 -0.4931 0.4931
vn 0.2049 -0.2049 0.9571
vn 0.1818 -0.5500 0.8152
vn 0.5499 -0.1818 0.8152
vn 0.4931 -0.4931 0.7167
vn 0.2049 0.9571 0.2049
vn 0.1818 0.8152 0.5500
vn 0.5500 0.8152 0.1818
vn 0.4931 0.7167 0.4931
vn 0.2049 0.2049 0.9571
vn 0.5499 0.1818 0.8152
vn 0.1818 0.5500 0.8152
vn 0.4931 0.4931 0.7167
vn 0.9571 0.2049 0.2049
vn 0.8152 0.5500 0.1818
vn 0.8152 0.1818 0.5500
vn 0.7167 0.4931 0.4931
vn 0.2049 -0.9571 -0.2049
vn 0.1818 -0.8152 -0.5500
vn 0.5500 -0.8152 -0.1818
vn 0.4931 -0.7167 -0.4931
vn 0.2049 -0.2049 -0.9571
vn 0.5499 -0.1818 -0.8152
vn 0.1818 -0.5500 -0.8152
vn 0.4931 -0.4931 -0.7167
vn 0.9571 -0.2049 -0.2049
vn 0.8152 -0.5500 -0.1818
vn 0.8152 -0.1818 -0.5500
vn 0.7167 -0.4931 -0.4931
vn 0.2049 0.9571 -0.2049
vn 0.5500 0.8152 -0.1818
vn 0.1818 0.8152 -0.5500
vn 0.4931 0.7167 -0.4931
vn 0.9571 0.2049 -0.2049
vn 0.8152 0.1818 -0.5500
vn 0.8152 0.5500 -0.1818
vn 0.7167 0.4931 -0.4931
vn 0.2049 0.2049 -0.9571
vn 0.1818 0.5500 -0.8152
vn 0.5499 0.1818 -0.8152
vn 0.4931 0.4931 -0.7167
vn -0.1951 -0.9808 -0.0000
vn -0.5556 -0.8315 -0.0000
vn -0.8315 -0.5556 -0.0000
vn -0.9808 -0.1951 -0.0000
vn -0.1951 -0.0000 0.9808
vn -0.5556 -0.0000 0.8315
vn -0.8315 -0.0000 0.5556
vn -0.9808 -0.0000 0.1951
vn -0.1951 0.9808 -0.0000
vn -0.5556 0.8315 -0.0000
vn -0.8315 0.5556 -0.0000
vn -0.9808 0.1951 -0.0000
vn -0.1951 -0.0000 -0.9808
vn -0.5556 -0.0000 -0.8315
vn -0.8315 -0.0000 -0.5556
vn -0.9808 -0.0000 -0.1951
vn -0.0000 -0.9808 -0.1951
vn -0.0000 -0.8315 -0.5556
vn -0.0000 -0.5556 -0.8315
vn -0.0000 -0.1951 -0.9808
vn -0.0000 0.9808 -0.1951
vn -0.0000 0.8315 -0.5556
vn -0.0000 0.5556 -0.8315
vn -0.0000 0.1951 -0.9808
vn 0.9808 -0.0000 -0.1951
vn 0.8315 -0.0000 -0.5556
vn 0.5556 -0.0000 -0.8315
vn 0.1951 -0.0000 -0.9808
vn 0.1951 -0.9808 -0.0000
vn 0.5556 -0.8315 -0.0000
vn 0.8315 -0.5556 -0.0000
vn 0.9808 -0.1951 -0.0000
vn 0.1951 0.9808 -0.0000
vn 0.5556 0.8315 -0.0000
vn 0.8315 0.5556 -0.0000
vn 0.9808 0.1951 -0.0000
vn 0.1951 -0.0000 0.9808
vn 0.5556 -0.0000 0.8315
vn 0.8315 -0.0000 0.5556
vn 0.9808 -0.0000 0.1951
vn -0.0000 -0.9808 0.1951
vn -0.0000 -0.8315 0.5556
vn -0.0000 -0.5556 0.8315
vn -0.0000 -0.1951 0.9808
vn -0.0000 0.9808 0.1951
vn -0.0000 0.8315 0.5556
vn -0.0000 0.5556 0.8315
vn -0.0000 0.1951 0.9808
vn -0.0000 -1.0000 -0.0000
vn -1.0000 -0.0000 -0.0000
vn -0.0000 -0.0000 1.0000
vn -0.0000 1.0000 -0.0000
vn -0.0000 -0.0000 -1.0000
vn 1.0000 -0.0000 -0.0000
vt 0.146429 0.737500
vt 0.146429 0.742284
vt 0.138023 0.742403
vt 0.138228 0.737500
vt 0.146429 0.750000
vt 0.138449 0.750000
vt 0.125000 0.742155
vt 0.125000 0.737500
vt 0.134057 0.750000
vt 0.412500 0.978571
vt 0.412500 0.986772
vt 0.397790 0.986977
vt 0.398149 0.978571
vt 0.412500 1.000000
vt 0.398536 1.000000
vt 0.375000 0.986551
vt 0.375000 0.978571
vt 0.390849 1.000000
vt 0.412500 0.012500
vt 0.398149 0.012500
vt 0.397790 0.007597
vt 0.412500 0.007716
vt 0.375000 0.012500
vt 0.375000 0.007845
vt 0.398536 0.000000
vt 0.412500 0.000000
vt 0.375000 0.005283
vt 0.587500 0.978571
vt 0.601851 0.978571
vt 0.602210 0.986977
vt 0.587500 0.986772
vt 0.625000 0.978571
vt 0.625000 0.986551
vt 0.601464 1.000000
vt 0.587500 1.000000
vt 0.625000 0.990943
vt 0.853571 0.737500
vt 0.861772 0.737500
vt 0.861977 0.742403
vt 0.853571 0.742284
vt 0.875000 0.737500
vt 0.875000 0.742155
vt 0.861551 0.750000
vt 0.853571 0.750000
vt 0.875000 0.744717
vt 0.587500 0.012500
vt 0.587500 0.007716
vt 0.602210 0.007597
vt 0.601851 0.012500
vt 0.587500 0.000000
vt 0.601464 0.000000
vt 0.625000 0.007845
vt 0.625000 0.012500
vt 0.609151 0.000000
vt 0.146429 0.512500
vt 0.138228 0.512500
vt 0.138023 0.507597
vt 0.146429 0.507716
vt 0.125000 0.512500
vt 0.125000 0.507845
vt 0.138449 0.500000
vt 0.146429 0.500000
vt 0.125000 0.505283
vt 0.412500 0.237500
vt 0.412500 0.242284
vt 0.397790 0.242403
vt 0.398149 0.237500
vt 0.412500 0.250000
vt 0.398536 0.250000
vt 0.375000 0.242155
vt 0.375000 0.237500
vt 0.382925 0.254528
vt 0.412500 0.271429
vt 0.398149 0.271429
vt 0.397790 0.263023
vt 0.412500 0.263228
vt 0.375000 0.271429
vt 0.375000 0.263449
vt 0.853571 0.512500
vt 0.853571 0.507716
vt 0.861977 0.507597
vt 0.861772 0.512500
vt 0.853571 0.500000
vt 0.861551 0.500000
vt 0.875000 0.507845
vt 0.875000 0.512500
vt 0.865943 0.500000
vt 0.587500 0.271429
vt 0.587500 0.263228
vt 0.602210 0.263023
vt 0.601851 0.271429
vt 0.587500 0.250000
vt 0.601464 0.250000
vt 0.625000 0.263449
vt 0.625000 0.271429
vt 0.617075 0.247358
vt 0.587500 0.237500
vt 0.601851 0.237500
vt 0.602210 0.242403
vt 0.587500 0.242284
vt 0.625000 0.237500
vt 0.625000 0.242155
vt 0.353571 0.737500
vt 0.361772 0.737500
vt 0.361977 0.742403
vt 0.353571 0.742284
vt 0.375000 0.737500
vt 0.375000 0.742155
vt 0.368275 0.756725
vt 0.364286 0.760714
vt 0.380283 0.751258
vt 0.412500 0.737500
vt 0.412500 0.742284
vt 0.397790 0.742403
vt 0.398149 0.737500
vt 0.412500 0.750000
vt 0.398536 0.750000
vt 0.412500 0.771429
vt 0.398149 0.771429
vt 0.397790 0.763023
vt 0.412500 0.763228
vt 0.646429 0.737500
vt 0.646429 0.742284
vt 0.638023 0.742403
vt 0.638228 0.737500
vt 0.635714 0.760714
vt 0.631725 0.756725
vt 0.625000 0.742155
vt 0.625000 0.737500
vt 0.622736 0.748239
vt 0.587500 0.771429
vt 0.587500 0.763228
vt 0.602210 0.763023
vt 0.601851 0.771429
vt 0.587500 0.750000
vt 0.601464 0.750000
vt 0.587500 0.737500
vt 0.601851 0.737500
vt 0.602210 0.742403
vt 0.587500 0.742284
vt 0.353571 0.512500
vt 0.353571 0.507716
vt 0.361977 0.507597
vt 0.361772 0.512500
vt 0.364286 0.489286
vt 0.368275 0.493275
vt 0.375000 0.507845
vt 0.375000 0.512500
vt 0.377264 0.501761
vt 0.412500 0.478571
vt 0.412500 0.486772
vt 0.397790 0.486977
vt 0.398149 0.478571
vt 0.412500 0.500000
vt 0.398536 0.500000
vt 0.412500 0.512500
vt 0.398149 0.512500
vt 0.397790 0.507597
vt 0.412500 0.507716
vt 0.646429 0.512500
vt 0.638228 0.512500
vt 0.638023 0.507597
vt 0.646429 0.507716
vt 0.625000 0.512500
vt 0.625000 0.507845
vt 0.631725 0.493275
vt 0.635714 0.489286
vt 0.619717 0.498742
vt 0.587500 0.512500
vt 0.587500 0.507716
vt 0.602210 0.507597
vt 0.601851 0.512500
vt 0.587500 0.500000
vt 0.601464 0.500000
vt 0.587500 0.478571
vt 0.601851 0.478571
vt 0.602210 0.486977
vt 0.587500 0.486772
s 0
usemtl Battery
f 3957/6286/2595 3960/6287/2595 3963/6288/2595 3962/6289/2595
f 3960/6287/2596 3961/6290/2596 3964/6291/2596 3963/6288/2596
f 3962/6289/2597 3963/6288/2597 3975/6292/2597 3972/6293/2597
f 3963/6288/2598 3964/6291/2598 3965/6294/2598 3975/6292/2598
f 3958/6295/2599 3966/6296/2599 3969/6297/2599 3968/6298/2599
f 3966/6296/2600 3967/6299/2600 3970/6300/2600 3969/6297/2600
f 3968/6298/2601 3969/6297/2601 3964/6301/2601 3961/6302/2601
f 3969/6297/2602 3970/6300/2602 3965/6303/2602 3964/6301/2602
f 3959/6304/2603 3971/6305/2603 3974/6306/2603 3973/6307/2603
f 3971/6305/2604 3972/6308/2604 3975/6309/2604 3974/6306/2604
f 3973/6307/2605 3974/6306/2605 3970/6310/2605 3967/6311/2605
f 3974/6306/2606 3975/6309/2606 3965/6312/2606 3970/6310/2606
f 3976/6313/2607 3979/6314/2607 3982/6315/2607 3981/6316/2607
f 3979/6314/2608 3980/6317/2608 3983/6318/2608 3982/6315/2608
f 3981/6316/2609 3982/6315/2609 3994/6319/2609 3991/6320/2609
f 3982/6315/2610 3983/6318/2610 3984/6321/2610 3994/6319/2610
f 3977/6322/2611 3985/6323/2611 3988/6324/2611 3987/6325/2611
f 3985/6323/2612 3986/6326/2612 3989/6327/2612 3988/6324/2612
f 3987/6325/2613 3988/6324/2613 3983/6328/2613 3980/6329/2613
f 3988/6324/2614 3989/6327/2614 3984/6330/2614 3983/6328/2614
f 3978/6331/2615 3990/6332/2615 3993/6333/2615 3992/6334/2615
f 3990/6332/2616 3991/6335/2616 3994/6336/2616 3993/6333/2616
f 3992/6334/2617 3993/6333/2617 3989/6337/2617 3986/6338/2617
f 3993/6333/2618 3994/6336/2618 3984/6339/2618 3989/6337/2618
f 3995/6340/2619 3998/6341/2619 4001/6342/2619 4000/6343/2619
f 3998/6341/2620 3999/6344/2620 4002/6345/2620 4001/6342/2620
f 4000/6343/2621 4001/6342/2621 4013/6346/2621 4010/6347/2621
f 4001/6342/2622 4002/6345/2622 4003/6348/2622 4013/6346/2622
f 3996/6349/2623 4004/6350/2623 4007/6351/2623 4006/6352/2623
f 4004/6350/2624 4005/6353/2624 4008/6354/2624 4007/6351/2624
f 4006/6352/2625 4007/6351/2625 4002/6355/2625 3999/6356/2625
f 4007/6351/2626 4008/6354/2626 4003/6357/2626 4002/6355/2626
f 3997/6358/2627 4009/6359/2627 4012/6360/2627 4011/6361/2627
f 4009/6359/2628 4010/6362/2628 4013/6363/2628 4012/6360/2628
f 4011/6361/2629 4012/6360/2629 4008/6354/2629 4005/6353/2629
f 4012/6360/2630 4013/6363/2630 4003/6357/2630 4008/6354/2630
f 4014/6364/2631 4017/6365/2631 4020/6366/2631 4019/6367/2631
f 4017/6365/2632 4018/6368/2632 4021/6369/2632 4020/6366/2632
f 4019/6367/2633 4020/6366/2633 4032/6370/2633 4029/6371/2633
f 4020/6366/2634 4021/6369/2634 4022/6372/2634 4032/6370/2634
f 4015/6373/2635 4023/6374/2635 4026/6375/2635 4025/6376/2635
f 4023/6374/2636 4024/6377/2636 4027/6378/2636 4026/6375/2636
f 4025/6376/2637 4026/6375/2637 4021/6379/2637 4018/6380/2637
f 4026/6375/2638 4027/6378/2638 4022/6381/2638 4021/6379/2638
f 4016/6382/2639 4028/6383/2639 4031/6384/2639 4030/6385/2639
f 4028/6383/2640 4029/6386/2640 4032/6387/2640 4031/6384/2640
f 4030/6385/2641 4031/6384/2641 4027/6378/2641 4024/6377/2641
f 4031/6384/2642 4032/6387/2642 4022/6381/2642 4027/6378/2642
f 4033/6388/2643 4036/6389/2643 4039/6390/2643 4038/6391/2643
f 4036/6389/2644 4037/6392/2644 4040/6393/2644 4039/6390/2644
f 4038/6391/2645 4039/6390/2645 4051/6394/2645 4048/6395/2645
f 4039/6390/2646 4040/6393/2646 4041/6396/2646 4051/6394/2646
f 4034/6397/2647 4042/6398/2647 4045/6399/2647 4044/6400/2647
f 4042/6398/2648 4043/6401/2648 4046/6402/2648 4045/6399/2648
f 4044/6400/2649 4045/6399/2649 4040/6393/2649 4037/6392/2649
f 4045/6399/2650 4046/6402/2650 4041/6396/2650 4040/6393/2650
f 4035/6403/2651 4047/6404/2651 4050/6405/2651 4049/6406/2651
f 4047/6404/2652 4048/6395/2652 4051/6394/2652 4050/6405/2652
f 4049/6406/2653 4050/6405/2653 4046/6402/2653 4043/6401/2653
f 4050/6405/2654 4051/6394/2654 4041/6396/2654 4046/6402/2654
f 4052/6407/2655 4055/6408/2655 4058/6409/2655 4057/6410/2655
f 4055/6408/2656 4056/6411/2656 4059/6412/2656 4058/6409/2656
f 4057/6410/2657 4058/6409/2657 4070/6413/2657 4067/6414/2657
f 4058/6409/2658 4059/6412/2658 4060/6415/2658 4070/6413/2658
f 4053/6416/2659 4061/6417/2659 4064/6418/2659 4063/6419/2659
f 4061/6417/2660 4062/6420/2660 4065/6421/2660 4064/6418/2660
f 4063/6419/2661 4064/6418/2661 4059/6412/2661 4056/6411/2661
f 4064/6418/2662 4065/6421/2662 4060/6415/2662 4059/6412/2662
f 4054/6422/2663 4066/6423/2663 4069/6424/2663 4068/6425/2663
f 4066/6423/2664 4067/6414/2664 4070/6413/2664 4069/6424/2664
f 4068/6425/2665 4069/6424/2665 4065/6421/2665 4062/6420/2665
f 4069/6424/2666 4070/6413/2666 4060/6415/2666 4065/6421/2666
f 4071/6426/2667 4074/6427/2667 4077/6428/2667 4076/6429/2667
f 4074/6427/2668 4075/6430/2668 4078/6431/2668 4077/6428/2668
f 4076/6429/2669 4077/6428/2669 4089/6432/2669 4086/6433/2669
f 4077/6428/2670 4078/6431/2670 4079/6434/2670 4089/6432/2670
f 4072/6435/2671 4080/6436/2671 4083/6437/2671 4082/6438/2671
f 4080/6436/2672 4081/6439/2672 4084/6440/2672 4083/6437/2672
f 4082/6438/2673 4083/6437/2673 4078/6431/2673 4075/6430/2673
f 4083/6437/2674 4084/6440/2674 4079/6434/2674 4078/6431/2674
f 4073/6441/2675 4085/6442/2675 4088/6443/2675 4087/6444/2675
f 4085/6442/2676 4086/6433/2676 4089/6432/2676 4088/6443/2676
f 4087/6444/2677 4088/6443/2677 4084/6440/2677 4081/6439/2677
f 4088/6443/2678 4089/6432/2678 4079/6434/2678 4084/6440/2678
f 4090/6445/2679 4093/6446/2679 4096/6447/2679 4095/6448/2679
f 4093/6446/2680 4094/6449/2680 4097/6450/2680 4096/6447/2680
f 4095/6448/2681 4096/6447/2681 4108/6451/2681 4105/6452/2681
f 4096/6447/2682 4097/6450/2682 4098/6453/2682 4108/6451/2682
f 4091/6454/2683 4099/6455/2683 4102/6456/2683 4101/6457/2683
f 4099/6455/2684 4100/6458/2684 4103/6459/2684 4102/6456/2684
f 4101/6457/2685 4102/6456/2685 4097/6450/2685 4094/6449/2685
f 4102/6456/2686 4103/6459/2686 4098/6453/2686 4097/6450/2686
f 4092/6460/2687 4104/6461/2687 4107/6462/2687 4106/6463/2687
f 4104/6461/2688 4105/6452/2688 4108/6451/2688 4107/6462/2688
f 4106/6463/2689 4107/6462/2689 4103/6459/2689 4100/6458/2689
f 4107/6462/2690 4108/6451/2690 4098/6453/2690 4103/6459/2690
f 3995/6340/2691 3957/6286/2691 3962/6289/2691 3998/6341/2691
f 3998/6341/2692 3962/6289/2692 3972/6293/2692 3999/6344/2692
f 3999/6356/2693 3972/6308/2693 3971/6305/2693 4006/6352/2693
f 4006/6352/2694 3971/6305/2694 3959/6304/2694 3996/6349/2694
f 3958/6295/2695 3976/6313/2695 3981/6316/2695 3966/6296/2695
f 3966/6296/2696 3981/6316/2696 3991/6320/2696 3967/6299/2696
f 3967/6311/2697 3991/6335/2697 3990/6332/2697 3973/6307/2697
f 3973/6307/2698 3990/6332/2698 3978/6331/2698 3959/6304/2698
f 3977/6322/2699 4014/6364/2699 4019/6367/2699 3985/6323/2699
f 3985/6323/2700 4019/6367/2700 4029/6371/2700 3986/6326/2700
f 3986/6338/2701 4029/6386/2701 4028/6383/2701 3992/6334/2701
f 3992/6334/2702 4028/6383/2702 4016/6382/2702 3978/6331/2702
f 4015/6373/2703 3997/6358/2703 4011/6361/2703 4023/6374/2703
f 4023/6374/2704 4011/6361/2704 4005/6353/2704 4024/6377/2704
f 4024/6377/2705 4005/6353/2705 4004/6350/2705 4030/6385/2705
f 4030/6385/2706 4004/6350/2706 3996/6349/2706 4016/6382/2706
f 4071/6426/2707 3995/6340/2707 4000/6343/2707 4074/6427/2707
f 4074/6427/2708 4000/6343/2708 4010/6347/2708 4075/6430/2708
f 4075/6430/2709 4010/6362/2709 4009/6359/2709 4082/6438/2709
f 4082/6438/2710 4009/6359/2710 3997/6358/2710 4072/6435/2710
f 4014/6364/2711 4090/6445/2711 4095/6448/2711 4017/6365/2711
f 4017/6365/2712 4095/6448/2712 4105/6452/2712 4018/6368/2712
f 4018/6380/2713 4105/6452/2713 4104/6461/2713 4025/6376/2713
f 4025/6376/2714 4104/6461/2714 4092/6460/2714 4015/6373/2714
f 4091/6454/2715 4073/6441/2715 4087/6444/2715 4099/6455/2715
f 4099/6455/2716 4087/6444/2716 4081/6439/2716 4100/6458/2716
f 4100/6458/2717 4081/6439/2717 4080/6436/2717 4106/6463/2717
f 4106/6463/2718 4080/6436/2718 4072/6435/2718 4092/6460/2718
f 4033/6388/2719 4071/6426/2719 4076/6429/2719 4036/6389/2719
f 4036/6389/2720 4076/6429/2720 4086/6433/2720 4037/6392/2720
f 4037/6392/2721 4086/6433/2721 4085/6442/2721 4044/6400/2721
f 4044/6400/2722 4085/6442/2722 4073/6441/2722 4034/6397/2722
f 4090/6445/2723 4052/6407/2723 4057/6410/2723 4093/6446/2723
f 4093/6446/2724 4057/6410/2724 4067/6414/2724 4094/6449/2724
f 4094/6449/2725 4067/6414/2725 4066/6423/2725 4101/6457/2725
f 4101/6457/2726 4066/6423/2726 4054/6422/2726 4091/6454/2726
f 4053/6416/2727 4035/6403/2727 4049/6406/2727 4061/6417/2727
f 4061/6417/2728 4049/6406/2728 4043/6401/2728 4062/6420/2728
f 4062/6420/2729 4043/6401/2729 4042/6398/2729 4068/6425/2729
f 4068/6425/2730 4042/6398/2730 4034/6397/2730 4054/6422/2730
f 3957/6286/2731 4033/6388/2731 4038/6391/2731 3960/6287/2731
f 3960/6287/2732 4038/6391/2732 4048/6395/2732 3961/6290/2732
f 3961/6302/2733 4048/6395/2733 4047/6404/2733 3968/6298/2733
f 3968/6298/2734 4047/6404/2734 4035/6403/2734 3958/6295/2734
f 4052/6407/2735 3977/6322/2735 3987/6325/2735 4055/6408/2735
f 4055/6408/2736 3987/6325/2736 3980/6329/2736 4056/6411/2736
f 4056/6411/2737 3980/6317/2737 3979/6314/2737 4063/6419/2737
f 4063/6419/2738 3979/6314/2738 3976/6313/2738 4053/6416/2738
f 3995/6340/2739 4071/6426/2739 4033/6388/2739 3957/6286/2739
f 3959/6304/2740 3978/6331/2740 4016/6382/2740 3996/6349/2740
f 4035/6403/2741 4053/6416/2741 3976/6313/2741 3958/6295/2741
f 4090/6445/2742 4014/6364/2742 3977/6322/2742 4052/6407/2742
f 3997/6358/2743 4015/6373/2743 4092/6460/2743 4072/6435/2743
f 4073/6441/2744 4091/6454/2744 4054/6422/2744 4034/6397/2744
o Battery_Label
v -113.000000 3.750000 25.000000
v -113.000000 4.250000 25.000000
v -113.000000 3.750000 -25.000000
v -113.000000 4.250000 -25.000000
v -83.000000 3.750000 25.000000
v -83.000000 4.250000 25.000000
v -83.000000 3.750000 -25.000000
v -83.000000 4.250000 -25.000000
vn -1.0000 -0.0000 -0.0000
vn -0.0000 -0.0000 -1.0000
vn 1.0000 -0.0000 -0.0000
vn -0.0000 -0.0000 1.0000
vn -0.0000 -1.0000 -0.0000
vn -0.0000 1.0000 -0.0000
vt 0.375000 0.000000
vt 0.625000 0.000000
vt 0.625000 0.250000
vt 0.375000 0.250000
vt 0.625000 0.500000
vt 0.375000 0.500000
vt 0.625000 0.750000
vt 0.375000 0.750000
vt 0.625000 1.000000
vt 0.375000 1.000000
vt 0.125000 0.500000
vt 0.125000 0.750000
vt 0.875000 0.500000
vt 0.875000 0.750000
s 0
usemtl Label
f 4109/6464/2745 4110/6465/2745 4112/6466/2745 4111/6467/2745
f 4111/6467/2746 4112/6466/2746 4116/6468/2746 4115/6469/2746
f 4115/6469/2747 4116/6468/2747 4114/6470/2747 4113/6471/2747
f 4113/6471/2748 4114/6470/2748 4110/6472/2748 4109/6473/2748
f 4111/6474/2749 4115/6469/2749 4113/6471/2749 4109/6475/2749
f 4116/6468/2750 4112/6476/2750 4110/6477/2750 4114/6470/2750
o Environmental_Dome
v 0.000000 163.000000 0.000000
v 0.000000 162.529465 -7.178941
v 0.000000 161.125916 -14.235047
v 0.000000 158.813370 -21.047590
v 0.000000 155.631393 -27.500000
v 0.000000 151.634430 -33.481880
v 0.000000 146.890869 -38.890873
v 0.000000 141.481873 -43.634434
v 0.000000 129.047592 -50.813374
v 0.000000 122.235046 -53.125919
v 0.000000 108.000000 -55.000000
v 0.937040 162.529465 -7.117524
v 1.858047 161.125916 -14.113265
v 2.747262 158.813370 -20.867525
v 3.589470 155.631393 -27.264734
v 4.370263 151.634430 -33.195438
v 5.076278 146.890869 -38.558159
v 5.695437 141.481873 -43.261135
v 6.217145 135.500000 -47.223904
v 6.632476 129.047592 -50.378658
v 6.934324 122.235046 -52.671421
v 7.117524 115.178940 -54.062962
v 7.178941 108.000000 -54.529469
v 1.858047 162.529465 -6.934325
v 3.684302 161.125916 -13.750000
v 5.447517 158.813370 -20.330412
v 7.117524 155.631393 -26.562962
v 8.665749 151.634430 -32.341015
v 10.065700 146.890869 -37.565704
v 11.293423 141.481873 -42.147625
v 12.327913 135.500000 -46.008396
v 13.151469 129.047592 -49.081951
v 13.750001 122.235046 -51.315701
v 14.113266 115.178940 -52.671425
v 14.235048 108.000000 -53.125923
v 2.747262 162.529465 -6.632477
v 5.447517 161.125916 -13.151469
v 8.054564 158.813370 -19.445438
v 10.523795 155.631393 -25.406689
v 12.812962 151.634430 -30.933228
v 14.882895 146.890869 -35.930485
v 16.698175 141.481873 -40.312962
v 18.227747 135.500000 -44.005672
v 19.445438 129.047592 -46.945438
v 20.330412 122.235046 -49.081955
v 20.867527 115.178940 -50.378662
v 21.047590 108.000000 -50.813377
v 3.589471 162.529465 -6.217146
v 7.117525 161.125916 -12.327913
v 10.523796 158.813370 -18.227749
v 13.750001 155.631393 -23.815701
v 16.740942 151.634430 -28.996162
v 19.445440 146.890869 -33.680489
v 21.817219 141.481873 -37.788528
v 23.815699 135.500000 -41.250000
v 25.406691 129.047592 -44.005676
v 26.562963 122.235046 -46.008400
v 27.264738 115.178940 -47.223907
v 27.500002 108.000000 -47.631401
v 4.370263 162.529465 -5.695437
v 8.665750 161.125916 -11.293423
v 12.812963 158.813370 -16.698177
v 16.740940 155.631393 -21.817219
v 20.382481 151.634430 -26.562965
v 23.675270 146.890869 -30.854210
v 26.562962 141.481873 -34.617527
v 28.996159 135.500000 -37.788528
v 30.933228 129.047592 -40.312965
v 32.341015 122.235046 -42.147629
v 33.195442 115.178940 -43.261139
v 33.481880 108.000000 -43.634438
v 5.076279 162.529465 -5.076279
v 10.065701 161.125916 -10.065699
v 14.882896 158.813370 -14.882895
v 19.445438 155.631393 -19.445438
v 23.675270 151.634430 -23.675268
v 27.500008 146.890869 -27.500006
v 30.854206 141.481873 -30.854206
v 33.680485 135.500000 -33.680485
v 35.930489 129.047592 -35.930485
v 37.565704 122.235046 -37.565704
v 38.558167 115.178940 -38.558159
v 38.890877 108.000000 -38.890877
v 5.695438 162.529465 -4.370264
v 11.293425 161.125916 -8.665748
v 16.698179 158.813370 -12.812963
v 21.817221 155.631393 -16.740942
v 26.562967 151.634430 -20.382481
v 30.854214 146.890869 -23.675268
v 34.617527 141.481873 -26.562962
v 37.788532 135.500000 -28.996159
v 40.312969 129.047592 -30.933226
v 42.147633 122.235046 -32.341015
v 43.261147 115.178940 -33.195438
v 43.634441 108.000000 -33.481884
v 6.217147 162.529465 -3.589471
v 12.327915 161.125916 -7.117523
v 18.227753 158.813370 -10.523796
v 23.815702 155.631393 -13.750002
v 28.996166 151.634430 -16.740944
v 33.680496 146.890869 -19.445440
v 37.788532 141.481873 -21.817219
v 41.250008 135.500000 -23.815699
v 44.005684 129.047592 -25.406691
v 46.008408 122.235046 -26.562965
v 47.223915 115.178940 -27.264736
v 47.631405 108.000000 -27.500004
v 6.632479 162.529465 -2.747262
v 13.151472 161.125916 -5.447516
v 19.445442 158.813370 -8.054564
v 25.406691 155.631393 -10.523796
v 30.933231 151.634430 -12.812963
v 35.930496 146.890869 -14.882896
v 40.312965 141.481873 -16.698175
v 44.005684 135.500000 -18.227745
v 46.945450 129.047592 -19.445438
v 49.081963 122.235046 -20.330414
v 50.378670 115.178940 -20.867525
v 50.813381 108.000000 -21.047592
v 6.934327 162.529465 -1.858047
v 13.750003 161.125916 -3.684300
v 20.330418 158.813370 -5.447517
v 26.562963 155.631393 -7.117525
v 32.341022 151.634430 -8.665751
v 37.565716 146.890869 -10.065701
v 42.147633 141.481873 -11.293423
v 46.008411 135.500000 -12.327909
v 49.081966 129.047592 -13.151470
v 51.315712 122.235046 -13.750002
v 52.671432 115.178940 -14.113264
v 53.125927 108.000000 -14.235049
v 7.117527 162.529465 -0.937040
v 14.113268 161.125916 -1.858045
v 20.867533 158.813370 -2.747261
v 27.264738 155.631393 -3.589471
v 33.195450 151.634430 -4.370263
v 38.558174 146.890869 -5.076277
v 43.261143 141.481873 -5.695436
v 47.223919 135.500000 -6.217140
v 50.378674 129.047592 -6.632475
v 52.671436 122.235046 -6.934324
v 54.062973 115.178940 -7.117521
v 54.529476 108.000000 -7.178942
v 7.178944 162.529465 0.000000
v 14.235050 161.125916 0.000002
v 21.047598 158.813370 0.000002
v 27.500004 155.631393 0.000000
v 33.481892 151.634430 0.000001
v 38.890892 146.890869 0.000003
v 43.634441 141.481873 0.000002
v 47.631413 135.500000 0.000007
v 50.813389 129.047592 0.000004
v 53.125935 122.235046 0.000002
v 54.529480 115.178940 0.000004
v 55.000008 108.000000 0.000000
v 7.117527 162.529465 0.937040
v 14.113268 161.125916 1.858049
v 20.867533 158.813370 2.747265
v 27.264738 155.631393 3.589471
v 33.195450 151.634430 4.370265
v 38.558174 146.890869 5.076283
v 43.261143 141.481873 5.695440
v 47.223919 135.500000 6.217155
v 50.378674 129.047592 6.632483
v 52.671436 122.235046 6.934328
v 54.062973 115.178940 7.117530
v 54.529476 108.000000 7.178942
v 6.934328 162.529465 1.858047
v 13.750003 161.125916 3.684305
v 20.330420 158.813370 5.447521
v 26.562965 155.631393 7.117525
v 32.341022 151.634430 8.665752
v 37.565720 146.890869 10.065707
v 42.147633 141.481873 11.293428
v 46.008411 135.500000 12.327925
v 49.081966 129.047592 13.151478
v 51.315712 122.235046 13.750007
v 52.671432 115.178940 14.113274
v 53.125931 108.000000 14.235050
v 6.632480 162.529465 2.747263
v 13.151472 161.125916 5.447521
v 19.445446 158.813370 8.054569
v 25.406693 155.631393 10.523797
v 30.933235 151.634430 12.812966
v 35.930500 146.890869 14.882905
v 40.312969 141.481873 16.698181
v 44.005688 135.500000 18.227760
v 46.945450 129.047592 19.445448
v 49.081966 122.235046 20.330418
v 50.378670 115.178940 20.867535
v 50.813385 108.000000 21.047594
v 6.217149 162.529465 3.589472
v 12.327915 161.125916 7.117528
v 18.227755 158.813370 10.523802
v 23.815704 155.631393 13.750004
v 28.996170 151.634430 16.740948
v 33.680504 146.890869 19.445452
v 37.788536 141.481873 21.817225
v 41.250015 135.500000 23.815714
v 44.005688 129.047592 25.406700
v 46.008411 122.235046 26.562971
v 47.223915 115.178940 27.264748
v 47.631409 108.000000 27.500008
v 5.695440 162.529465 4.370265
v 11.293425 161.125916 8.665752
v 16.698181 158.813370 12.812969
v 21.817223 155.631393 16.740944
v 26.562971 151.634430 20.382486
v 30.854223 146.890869 23.675282
v 34.617531 141.481873 26.562969
v 37.788544 135.500000 28.996174
v 40.312977 129.047592 30.933237
v 42.147640 122.235046 32.341026
v 43.261143 115.178940 33.195454
v 43.634445 108.000000 33.481888
v 5.076281 162.529465 5.076281
v 10.065701 161.125916 10.065703
v 14.882898 158.813370 14.882903
v 19.445442 155.631393 19.445442
v 23.675274 151.634430 23.675276
v 27.500017 146.890869 27.500021
v 30.854210 141.481873 30.854214
v 33.680500 135.500000 33.680504
v 35.930496 129.047592 35.930500
v 37.565712 122.235046 37.565720
v 38.558159 115.178940 38.558174
v 38.890884 108.000000 38.890884
v 4.370265 162.529465 5.695440
v 8.665750 161.125916 11.293428
v 12.812964 158.813370 16.698187
v 16.740946 155.631393 21.817225
v 20.382484 151.634430 26.562975
v 23.675278 146.890869 30.854229
v 26.562965 141.481873 34.617535
v 28.996172 135.500000 37.788551
v 30.933235 129.047592 40.312984
v 32.341019 122.235046 42.147648
v 33.195438 115.178940 43.261154
v 33.481892 108.000000 43.634449
v 3.589473 162.529465 6.217149
v 7.117525 161.125916 12.327919
v 10.523797 158.813370 18.227760
v 13.750006 155.631393 23.815708
v 16.740946 151.634430 28.996174
v 19.445448 146.890869 33.680511
v 21.817221 141.481873 37.788540
v 23.815710 135.500000 41.250027
v 25.406696 129.047592 44.005699
v 26.562965 122.235046 46.008423
v 27.264736 115.178940 47.223923
v 27.500011 108.000000 47.631416
v 2.747264 162.529465 6.632481
v 5.447517 161.125916 13.151476
v 8.054564 158.813370 19.445450
v 10.523799 155.631393 25.406698
v 12.812964 151.634430 30.933239
v 14.882900 146.890869 35.930511
v 16.698177 141.481873 40.312973
v 18.227755 135.500000 44.005703
v 19.445442 129.047592 46.945465
v 20.330412 122.235046 49.081978
v 20.867523 115.178940 50.378677
v 21.047598 108.000000 50.813396
v 1.858048 162.529465 6.934330
v 3.684300 161.125916 13.750007
v 5.447516 158.813370 20.330423
v 7.117527 155.631393 26.562973
v 8.665751 151.634430 32.341030
v 10.065702 146.890869 37.565731
v 11.293424 141.481873 42.147640
v 12.327917 135.500000 46.008430
v 13.151472 129.047592 49.081982
v 13.749998 122.235046 51.315727
v 14.113262 115.178940 52.671440
v 14.235053 108.000000 53.125946
v 0.937041 162.529465 7.117530
v 1.858045 161.125916 14.113272
v 2.747259 158.813370 20.867538
v 3.589471 155.631393 27.264748
v 4.370262 151.634430 33.195457
v 5.076277 146.890869 38.558189
v 5.695436 141.481873 43.261150
v 6.217144 135.500000 47.223938
v 6.632475 129.047592 50.378689
v 6.934319 122.235046 52.671452
v 7.117518 115.178940 54.062981
v 7.178943 108.000000 54.529495
v 0.000000 162.529465 7.178947
v -0.000003 161.125916 14.235054
v -0.000005 158.813370 21.047604
v -0.000001 155.631393 27.500013
v -0.000003 151.634430 33.481899
v -0.000005 146.890869 38.890907
v -0.000003 141.481873 43.634449
v -0.000005 135.500000 47.631432
v -0.000006 129.047592 50.813404
v -0.000010 122.235046 53.125950
v -0.000008 115.178940 54.529488
v -0.000002 108.000000 55.000027
v -0.937041 162.529465 7.117530
v -1.858050 161.125916 14.113272
v -2.747268 158.813370 20.867538
v -3.589473 155.631393 27.264748
v -4.370268 151.634430 33.195457
v -5.076287 146.890869 38.558189
v -5.695442 141.481873 43.261150
v -6.217155 135.500000 47.223938
v -6.632486 129.047592 50.378689
v -6.934338 122.235046 52.671452
v -7.117535 115.178940 54.062981
v -7.178946 108.000000 54.529495
v -1.858048 162.529465 6.934331
v -3.684306 161.125916 13.750007
v -5.447526 158.813370 20.330423
v -7.117529 155.631393 26.562973
v -8.665756 151.634430 32.341030
v -10.065713 146.890869 37.565731
v -11.293430 141.481873 42.147640
v -12.327927 135.500000 46.008430
v -13.151484 129.047592 49.081978
v -13.750018 122.235046 51.315727
v -14.113279 115.178940 52.671440
v -14.235058 108.000000 53.125946
v -2.747264 162.529465 6.632483
v -5.447523 161.125916 13.151475
v -8.054575 158.813370 19.445450
v -10.523802 155.631393 25.406700
v -12.812971 151.634430 30.933243
v -14.882912 146.890869 35.930511
v -16.698185 141.481873 40.312977
v -18.227766 135.500000 44.005707
v -19.445456 129.047592 46.945461
v -20.330433 122.235046 49.081978
v -20.867542 115.178940 50.378677
v -21.047604 108.000000 50.813400
v -3.589474 162.529465 6.217151
v -7.117531 161.125916 12.327918
v -10.523808 158.813370 18.227758
v -13.750010 155.631393 23.815710
v -16.740953 151.634430 28.996178
v -19.445459 146.890869 33.680511
v -21.817230 141.481873 37.788544
v -23.815723 135.500000 41.250034
v -25.406710 129.047592 44.005695
v -26.562988 122.235046 46.008423
v -27.264755 115.178940 47.223919
v -27.500019 108.000000 47.631420
v -4.370267 162.529465 5.695442
v -8.665756 161.125916 11.293427
v -12.812975 158.813370 16.698185
v -16.740952 155.631393 21.817226
v -20.382494 151.634430 26.562979
v -23.675289 146.890869 30.854231
v -26.562977 141.481873 34.617538
v -28.996187 135.500000 37.788559
v -30.933249 129.047592 40.312981
v -32.341045 122.235046 42.147648
v -33.195461 115.178940 43.261147
v -33.481903 108.000000 43.634453
v -5.076283 162.529465 5.076283
v -10.065707 161.125916 10.065701
v -14.882910 158.813370 14.882901
v -19.445450 155.631393 19.445444
v -23.675285 151.634430 23.675280
v -27.500031 146.890869 27.500023
v -30.854223 141.481873 30.854216
v -33.680519 135.500000 33.680511
v -35.930511 129.047592 35.930496
v -37.565739 122.235046 37.565720
v -38.558182 115.178940 38.558163
v -38.890900 108.000000 38.890888
v -5.695443 162.529465 4.370266
v -11.293432 161.125916 8.665751
v -16.698193 158.813370 12.812966
v -21.817230 155.631393 16.740944
v -26.562984 151.634430 20.382490
v -30.854239 146.890869 23.675283
v -34.617546 141.481873 26.562969
v -37.788570 135.500000 28.996181
v -40.312996 129.047592 30.933235
v -42.147667 122.235046 32.341026
v -43.261162 115.178940 33.195442
v -43.634460 108.000000 33.481888
v -6.217152 162.529465 3.589473
v -12.327923 161.125916 7.117525
v -18.227766 158.813370 10.523798
v -23.815712 155.631393 13.750003
v -28.996185 151.634430 16.740952
v -33.680523 146.890869 19.445452
v -37.788551 141.481873 21.817223
v -41.250046 135.500000 23.815718
v -44.005711 129.047592 25.406696
v -46.008442 122.235046 26.562971
v -47.223930 115.178940 27.264738
v -47.631424 108.000000 27.500006
v -6.632484 162.529465 2.747264
v -13.151480 161.125916 5.447517
v -19.445456 158.813370 8.054564
v -25.406700 155.631393 10.523796
v -30.933252 151.634430 12.812969
v -35.930523 146.890869 14.882902
v -40.312988 141.481873 16.698177
v -44.005722 135.500000 18.227760
v -46.945477 129.047592 19.445440
v -49.081997 122.235046 20.330414
v -50.378685 115.178940 20.867525
v -50.813400 108.000000 21.047592
v -6.934332 162.529465 1.858048
v -13.750010 161.125916 3.684300
v -20.330429 158.813370 5.447515
v -26.562973 155.631393 7.117523
v -32.341042 151.634430 8.665752
v -37.565742 146.890869 10.065702
v -42.147655 141.481873 11.293421
v -46.008450 135.500000 12.327919
v -49.081993 129.047592 13.151468
v -51.315746 122.235046 13.749998
v -52.671448 115.178940 14.113262
v -53.125946 108.000000 14.235046
v -7.117533 162.529465 0.937040
v -14.113276 161.125916 1.858044
v -20.867544 158.813370 2.747258
v -27.264748 155.631393 3.589468
v -33.195469 151.634430 4.370263
v -38.558201 146.890869 5.076276
v -43.261166 141.481873 5.695431
v -47.223957 135.500000 6.217144
v -50.378700 129.047592 6.632470
v -52.671471 122.235046 6.934316
v -54.062988 115.178940 7.117517
v -54.529495 108.000000 7.178936
v -7.178950 162.529465 -0.000001
v -14.235058 161.125916 -0.000004
v -21.047609 158.813370 -0.000007
v -27.500013 155.631393 -0.000004
v -33.481911 151.634430 -0.000004
v -38.890919 146.890869 -0.000008
v -43.634464 141.481873 -0.000010
v -47.631451 135.500000 -0.000008
v -50.813416 129.047592 -0.000012
v -53.125969 122.235046 -0.000015
v -54.529495 115.178940 -0.000010
v -55.000027 108.000000 -0.000009
v -7.117533 162.529465 -0.937042
v -14.113275 161.125916 -1.858052
v -20.867544 158.813370 -2.747271
v -27.264748 155.631393 -3.589477
v -33.195469 151.634430 -4.370271
v -38.558201 146.890869 -5.076292
v -43.261166 141.481873 -5.695451
v -47.223957 135.500000 -6.217160
v -50.378700 129.047592 -6.632494
v -52.671467 122.235046 -6.934346
v -54.062988 115.178940 -7.117538
v -54.529495 108.000000 -7.178953
v -6.934333 162.529465 -1.858050
v -13.750010 161.125916 -3.684309
v -20.330429 158.813370 -5.447529
v -26.562973 155.631393 -7.117532
v -32.341042 151.634430 -8.665761
v -37.565742 146.890869 -10.065719
v -42.147655 141.481873 -11.293442
v -46.008450 135.500000 -12.327936
v -49.081989 129.047592 -13.151493
v -51.315742 122.235046 -13.750028
v -52.671448 115.178940 -14.113283
v -53.125946 108.000000 -14.235065
v -6.632485 162.529465 -2.747266
v -13.151478 161.125916 -5.447526
v -19.445454 158.813370 -8.054579
v -25.406700 155.631393 -10.523806
v -30.933252 151.634430 -12.812977
v -35.930523 146.890869 -14.882919
v -40.312988 141.481873 -16.698198
v -44.005722 135.500000 -18.227777
v -46.945473 129.047592 -19.445465
v -49.081993 122.235046 -20.330444
v -50.378685 115.178940 -20.867546
v -50.813400 108.000000 -21.047611
v -6.217154 162.529465 -3.589476
v -12.327921 161.125916 -7.117534
v -18.227760 158.813370 -10.523812
v -23.815710 155.631393 -13.750013
v -28.996185 151.634430 -16.740961
v -33.680523 146.890869 -19.445469
v -37.788551 141.481873 -21.817245
v -41.250046 135.500000 -23.815737
v -44.005707 129.047592 -25.406719
v -46.008434 122.235046 -26.563002
v -47.223927 115.178940 -27.264761
v -47.631420 108.000000 -27.500027
v -5.695445 162.529465 -4.370269
v -11.293429 161.125916 -8.665759
v -16.698187 158.813370 -12.812980
v -21.817226 155.631393 -16.740955
v -26.562984 151.634430 -20.382502
v -30.854240 146.890869 -23.675301
v -34.617546 141.481873 -26.562992
v -37.788570 135.500000 -28.996201
v -40.312992 129.047592 -30.933260
v -42.147659 122.235046 -32.341057
v -43.261154 115.178940 -33.195465
v -43.634453 108.000000 -33.481911
v -5.076285 162.529465 -5.076286
v -10.065704 161.125916 -10.065711
v -14.882902 158.813370 -14.882915
v -19.445444 155.631393 -19.445454
v -23.675285 151.634430 -23.675291
v -27.500032 146.890869 -27.500042
v -30.854221 141.481873 -30.854240
v -33.680523 135.500000 -33.680534
v -35.930508 129.047592 -35.930527
v -37.565727 122.235046 -37.565750
v -38.558170 115.178940 -38.558186
v -38.890888 108.000000 -38.890907
v -4.370268 162.529465 -5.695446
v -8.665752 161.125916 -11.293436
v -12.812967 158.813370 -16.698198
v -16.740944 155.631393 -21.817234
v -20.382494 151.634430 -26.562990
v -23.675291 146.890869 -30.854252
v -26.562973 141.481873 -34.617561
v -28.996191 135.500000 -37.788586
v -30.933245 129.047592 -40.313011
v -32.341034 122.235046 -42.147682
v -33.195450 115.178940 -43.261169
v -33.481888 108.000000 -43.634468
v -3.589475 162.529465 -6.217155
v -7.117527 161.125916 -12.327927
v -10.523799 158.813370 -18.227772
v -13.750002 155.631393 -23.815716
v -16.740953 151.634430 -28.996191
v -19.445457 146.890869 -33.680534
v -21.817225 141.481873 -37.788567
v -23.815723 135.500000 -41.250065
v -25.406704 129.047592 -44.005726
v -26.562977 122.235046 -46.008457
v -27.264740 115.178940 -47.223938
v -27.500004 108.000000 -47.631432
v -2.747265 162.529465 -6.632487
v -5.447518 161.125916 -13.151484
v -8.054564 158.813370 -19.445461
v -10.523794 155.631393 -25.406704
v -12.812970 151.634430 -30.933258
v -14.882906 146.890869 -35.930538
v -16.698177 141.481873 -40.313004
v -18.227762 135.500000 -44.005745
v -19.445446 129.047592 -46.945496
v -20.330418 122.235046 -49.082012
v -20.867525 115.178940 -50.378693
v -21.047588 108.000000 -50.813408
v -1.858049 162.529465 -6.934336
v -3.684300 161.125916 -13.750015
v -5.447515 158.813370 -20.330435
v -7.117521 155.631393 -26.562977
v -8.665753 151.634430 -32.341049
v -10.065704 146.890869 -37.565758
v -11.293419 141.481873 -42.147671
v -12.327919 135.500000 -46.008472
v -13.151470 129.047592 -49.082012
v -13.750000 122.235046 -51.315762
v -14.113262 115.178940 -52.671455
v -14.235043 108.000000 -53.125954
v -0.937041 162.529465 -7.117536
v -1.858044 161.125916 -14.113280
v -2.747256 158.813370 -20.867550
v -3.589466 155.631393 -27.264751
v -4.370262 151.634430 -33.195477
v -5.076276 146.890869 -38.558216
v -5.695427 141.481873 -43.261181
v -6.217141 135.500000 -47.223980
v -6.632469 129.047592 -50.378719
v -6.934316 122.235046 -52.671486
v -7.117517 115.178940 -54.062996
v -7.178931 108.000000 -54.529503
v 0.000014 135.500000 -47.631474
v 0.000012 115.178940 -54.529503
vn 0.0364 0.8309 -0.5552
vn 0.0432 0.7511 -0.6587
vn 0.0492 0.6585 -0.7509
vn 0.0544 0.5548 -0.8302
vn 0.0043 0.9978 -0.0654
vn 0.0587 0.4415 -0.8953
vn 0.0128 0.9807 -0.1951
vn 0.0619 0.3208 -0.9451
vn 0.0211 0.9467 -0.3214
vn 0.0642 0.1947 -0.9788
vn 0.0290 0.8965 -0.4421
vn 0.0653 0.0653 -0.9957
vn 0.0628 0.9467 -0.3159
vn 0.1914 0.1947 -0.9620
vn 0.0864 0.8965 -0.4345
vn 0.1947 0.0653 -0.9787
vn 0.1085 0.8309 -0.5457
vn 0.1288 0.7511 -0.6475
vn 0.1468 0.6585 -0.7381
vn 0.1623 0.5547 -0.8160
vn 0.0128 0.9978 -0.0643
vn 0.1750 0.4415 -0.8800
vn 0.0381 0.9807 -0.1917
vn 0.1848 0.3208 -0.9289
vn 0.2122 0.7511 -0.6251
vn 0.2419 0.6585 -0.7126
vn 0.2674 0.5547 -0.7879
vn 0.0211 0.9978 -0.0621
vn 0.2884 0.4415 -0.8496
vn 0.0628 0.9807 -0.1851
vn 0.3044 0.3208 -0.8969
vn 0.1035 0.9467 -0.3050
vn 0.3153 0.1947 -0.9288
vn 0.1424 0.8965 -0.4195
vn 0.3208 0.0653 -0.9449
vn 0.1788 0.8309 -0.5269
vn 0.3968 0.4415 -0.8047
vn 0.0865 0.9807 -0.1753
vn 0.4189 0.3208 -0.8495
vn 0.1424 0.9467 -0.2888
vn 0.4338 0.1947 -0.8797
vn 0.1960 0.8965 -0.3974
vn 0.4413 0.0653 -0.8950
vn 0.2461 0.8309 -0.4990
vn 0.2920 0.7511 -0.5921
vn 0.3328 0.6585 -0.6749
vn 0.3680 0.5547 -0.7462
vn 0.0290 0.9978 -0.0588
vn 0.2461 0.8965 -0.3684
vn 0.5544 0.0653 -0.8297
vn 0.3091 0.8309 -0.4626
vn 0.3668 0.7511 -0.5489
vn 0.4181 0.6585 -0.6257
vn 0.4622 0.5547 -0.6918
vn 0.0364 0.9978 -0.0545
vn 0.4985 0.4415 -0.7460
vn 0.1086 0.9807 -0.1625
vn 0.5262 0.3208 -0.7875
vn 0.1789 0.9467 -0.2678
vn 0.5449 0.1947 -0.8156
vn 0.4962 0.6585 -0.5658
vn 0.5486 0.5547 -0.6255
vn 0.0432 0.9978 -0.0493
vn 0.5916 0.4415 -0.6746
vn 0.1289 0.9807 -0.1470
vn 0.6245 0.3208 -0.7121
vn 0.2123 0.9467 -0.2421
vn 0.6467 0.1947 -0.7375
vn 0.2921 0.8965 -0.3331
vn 0.6579 0.0653 -0.7502
vn 0.3669 0.8309 -0.4183
vn 0.4353 0.7511 -0.4963
vn 0.7121 0.3208 -0.6245
vn 0.2421 0.9467 -0.2123
vn 0.7375 0.1947 -0.6467
vn 0.3331 0.8965 -0.2921
vn 0.7502 0.0653 -0.6579
vn 0.4183 0.8309 -0.3669
vn 0.4963 0.7511 -0.4353
vn 0.5658 0.6585 -0.4962
vn 0.6255 0.5547 -0.5486
vn 0.0493 0.9978 -0.0432
vn 0.6746 0.4415 -0.5916
vn 0.1470 0.9807 -0.1289
vn 0.4626 0.8309 -0.3091
vn 0.5489 0.7511 -0.3668
vn 0.6257 0.6585 -0.4181
vn 0.6918 0.5547 -0.4622
vn 0.0545 0.9978 -0.0364
vn 0.7460 0.4415 -0.4985
vn 0.1625 0.9807 -0.1086
vn 0.7875 0.3208 -0.5262
vn 0.2678 0.9467 -0.1789
vn 0.8156 0.1947 -0.5449
vn 0.3684 0.8965 -0.2461
vn 0.8297 0.0653 -0.5544
vn 0.7462 0.5547 -0.3680
vn 0.0588 0.9978 -0.0290
vn 0.8047 0.4415 -0.3968
vn 0.1753 0.9807 -0.0865
vn 0.8495 0.3208 -0.4189
vn 0.2888 0.9467 -0.1424
vn 0.8797 0.1947 -0.4338
vn 0.3974 0.8965 -0.1960
vn 0.8950 0.0653 -0.4413
vn 0.4990 0.8309 -0.2461
vn 0.5921 0.7511 -0.2920
vn 0.6749 0.6585 -0.3328
vn 0.9288 0.1947 -0.3153
vn 0.4195 0.8965 -0.1424
vn 0.9449 0.0653 -0.3208
vn 0.5269 0.8309 -0.1788
vn 0.6251 0.7511 -0.2122
vn 0.7126 0.6585 -0.2419
vn 0.7879 0.5547 -0.2674
vn 0.0621 0.9978 -0.0211
vn 0.8496 0.4415 -0.2884
vn 0.1851 0.9807 -0.0628
vn 0.8969 0.3208 -0.3044
vn 0.3050 0.9467 -0.1035
vn 0.6475 0.7511 -0.1288
vn 0.7381 0.6585 -0.1468
vn 0.8160 0.5547 -0.1623
vn 0.0643 0.9978 -0.0128
vn 0.8800 0.4415 -0.1750
vn 0.1917 0.9807 -0.0381
vn 0.9289 0.3208 -0.1848
vn 0.3159 0.9467 -0.0628
vn 0.9620 0.1947 -0.1914
vn 0.4345 0.8965 -0.0864
vn 0.9787 0.0653 -0.1947
vn 0.5457 0.8309 -0.1085
vn 0.8953 0.4415 -0.0587
vn 0.1951 0.9807 -0.0128
vn 0.9451 0.3208 -0.0619
vn 0.3214 0.9467 -0.0211
vn 0.9788 0.1947 -0.0642
vn 0.4421 0.8965 -0.0290
vn 0.9957 0.0653 -0.0653
vn 0.5552 0.8309 -0.0364
vn 0.6587 0.7511 -0.0432
vn 0.7509 0.6585 -0.0492
vn 0.8302 0.5547 -0.0544
vn 0.0654 0.9978 -0.0043
vn 0.9957 0.0653 0.0653
vn 0.5552 0.8309 0.0364
vn 0.6587 0.7511 0.0432
vn 0.7509 0.6585 0.0492
vn 0.8302 0.5547 0.0544
vn 0.0654 0.9978 0.0043
vn 0.8953 0.4415 0.0587
vn 0.1951 0.9807 0.0128
vn 0.9451 0.3208 0.0619
vn 0.3214 0.9467 0.0211
vn 0.9788 0.1947 0.0642
vn 0.4421 0.8965 0.0290
vn 0.7381 0.6585 0.1468
vn 0.8160 0.5547 0.1623
vn 0.0643 0.9978 0.0128
vn 0.8800 0.4415 0.1750
vn 0.1917 0.9807 0.0381
vn 0.9289 0.3208 0.1848
vn 0.3159 0.9467 0.0628
vn 0.9620 0.1947 0.1914
vn 0.4345 0.8965 0.0864
vn 0.9787 0.0653 0.1947
vn 0.5457 0.8309 0.1085
vn 0.6475 0.7511 0.1288
vn 0.8969 0.3208 0.3044
vn 0.3050 0.9467 0.1035
vn 0.9288 0.1947 0.3153
vn 0.4195 0.8965 0.1424
vn 0.9449 0.0653 0.3208
vn 0.5269 0.8309 0.1788
vn 0.6251 0.7511 0.2122
vn 0.7126 0.6585 0.2419
vn 0.7879 0.5547 0.2674
vn 0.0621 0.9978 0.0211
vn 0.8496 0.4415 0.2884
vn 0.1851 0.9807 0.0628
vn 0.5921 0.7511 0.2920
vn 0.6749 0.6585 0.3328
vn 0.7462 0.5547 0.3680
vn 0.0588 0.9978 0.0290
vn 0.8047 0.4415 0.3968
vn 0.1753 0.9807 0.0865
vn 0.8495 0.3208 0.4189
vn 0.2888 0.9467 0.1424
vn 0.8797 0.1947 0.4338
vn 0.3974 0.8965 0.1960
vn 0.8950 0.0653 0.4413
vn 0.4990 0.8309 0.2461
vn 0.6918 0.5547 0.4622
vn 0.0545 0.9978 0.0364
vn 0.7460 0.4415 0.4985
vn 0.1625 0.9807 0.1086
vn 0.7875 0.3208 0.5262
vn 0.2678 0.9467 0.1789
vn 0.8156 0.1947 0.5449
vn 0.3684 0.8965 0.2461
vn 0.8297 0.0653 0.5544
vn 0.4626 0.8309 0.3091
vn 0.5489 0.7511 0.3668
vn 0.6257 0.6585 0.4181
vn 0.7375 0.1947 0.6467
vn 0.3331 0.8965 0.2921
vn 0.7502 0.0653 0.6579
vn 0.4183 0.8309 0.3669
vn 0.4963 0.7511 0.4353
vn 0.5658 0.6585 0.4962
vn 0.6255 0.5547 0.5486
vn 0.0493 0.9978 0.0432
vn 0.6746 0.4415 0.5916
vn 0.1470 0.9807 0.1289
vn 0.7121 0.3208 0.6245
vn 0.2421 0.9467 0.2123
vn 0.4962 0.6585 0.5658
vn 0.5486 0.5547 0.6255
vn 0.0432 0.9978 0.0493
vn 0.5916 0.4415 0.6746
vn 0.1289 0.9807 0.1470
vn 0.6245 0.3208 0.7121
vn 0.2123 0.9467 0.2421
vn 0.6467 0.1947 0.7375
vn 0.2921 0.8965 0.3331
vn 0.6579 0.0653 0.7502
vn 0.3669 0.8309 0.4183
vn 0.4353 0.7511 0.4963
vn 0.4985 0.4415 0.7460
vn 0.1086 0.9807 0.1625
vn 0.5262 0.3208 0.7875
vn 0.1789 0.9467 0.2678
vn 0.5449 0.1947 0.8156
vn 0.2461 0.8965 0.3684
vn 0.5544 0.0653 0.8297
vn 0.3091 0.8309 0.4626
vn 0.3668 0.7511 0.5489
vn 0.4181 0.6585 0.6257
vn 0.4622 0.5547 0.6918
vn 0.0364 0.9978 0.0545
vn 0.4413 0.0653 0.8950
vn 0.2461 0.8309 0.4990
vn 0.2920 0.7511 0.5921
vn 0.3328 0.6585 0.6749
vn 0.3680 0.5547 0.7462
vn 0.0290 0.9978 0.0588
vn 0.3968 0.4415 0.8047
vn 0.0865 0.9807 0.1753
vn 0.4189 0.3208 0.8495
vn 0.1424 0.9467 0.2888
vn 0.4338 0.1947 0.8797
vn 0.1960 0.8965 0.3974
vn 0.2674 0.5547 0.7879
vn 0.0211 0.9978 0.0621
vn 0.2884 0.4415 0.8496
vn 0.0628 0.9807 0.1851
vn 0.3044 0.3208 0.8969
vn 0.1035 0.9467 0.3050
vn 0.3153 0.1947 0.9288
vn 0.1424 0.8965 0.4195
vn 0.3208 0.0653 0.9449
vn 0.1788 0.8309 0.5269
vn 0.2122 0.7511 0.6251
vn 0.2419 0.6585 0.7126
vn 0.1848 0.3208 0.9289
vn 0.0628 0.9467 0.3159
vn 0.1914 0.1947 0.9620
vn 0.0864 0.8965 0.4345
vn 0.1947 0.0653 0.9787
vn 0.1085 0.8309 0.5457
vn 0.1288 0.7511 0.6475
vn 0.1468 0.6585 0.7381
vn 0.1623 0.5547 0.8160
vn 0.0128 0.9978 0.0643
vn 0.1750 0.4415 0.8800
vn 0.0381 0.9807 0.1917
vn 0.0432 0.7511 0.6587
vn 0.0492 0.6585 0.7509
vn 0.0544 0.5547 0.8302
vn 0.0043 0.9978 0.0654
vn 0.0587 0.4415 0.8953
vn 0.0128 0.9807 0.1951
vn 0.0619 0.3208 0.9451
vn 0.0211 0.9467 0.3214
vn 0.0642 0.1947 0.9788
vn 0.0290 0.8965 0.4421
vn 0.0653 0.0653 0.9957
vn 0.0364 0.8309 0.5552
vn -0.0043 0.9978 0.0654
vn -0.0587 0.4415 0.8953
vn -0.0128 0.9807 0.1951
vn -0.0619 0.3208 0.9451
vn -0.0211 0.9467 0.3214
vn -0.0642 0.1947 0.9788
vn -0.0290 0.8965 0.4421
vn -0.0653 0.0653 0.9957
vn -0.0364 0.8309 0.5552
vn -0.0432 0.7511 0.6587
vn -0.0492 0.6585 0.7509
vn -0.0544 0.5547 0.8302
vn -0.1914 0.1947 0.9620
vn -0.0864 0.8965 0.4345
vn -0.1947 0.0653 0.9787
vn -0.1085 0.8309 0.5457
vn -0.1288 0.7511 0.6475
vn -0.1468 0.6585 0.7381
vn -0.1623 0.5547 0.8160
vn -0.0128 0.9978 0.0643
vn -0.1750 0.4415 0.8800
vn -0.0381 0.9807 0.1917
vn -0.1848 0.3208 0.9289
vn -0.0628 0.9467 0.3159
vn -0.2419 0.6585 0.7126
vn -0.2674 0.5547 0.7879
vn -0.0211 0.9978 0.0621
vn -0.2884 0.4415 0.8496
vn -0.0628 0.9807 0.1851
vn -0.3044 0.3208 0.8969
vn -0.1035 0.9467 0.3050
vn -0.3153 0.1947 0.9288
vn -0.1424 0.8965 0.4195
vn -0.3208 0.0653 0.9449
vn -0.1788 0.8309 0.5269
vn -0.2122 0.7511 0.6251
vn -0.0865 0.9807 0.1753
vn -0.4189 0.3208 0.8495
vn -0.1424 0.9467 0.2888
vn -0.4338 0.1947 0.8797
vn -0.1960 0.8965 0.3974
vn -0.4413 0.0653 0.8950
vn -0.2461 0.8309 0.4990
vn -0.2920 0.7511 0.5921
vn -0.3328 0.6585 0.6749
vn -0.3680 0.5547 0.7462
vn -0.0290 0.9978 0.0588
vn -0.3968 0.4415 0.8047
vn -0.5544 0.0653 0.8297
vn -0.3091 0.8309 0.4626
vn -0.3668 0.7511 0.5489
vn -0.4181 0.6585 0.6257
vn -0.4622 0.5547 0.6918
vn -0.0364 0.9978 0.0545
vn -0.4985 0.4415 0.7460
vn -0.1086 0.9807 0.1625
vn -0.5262 0.3208 0.7875
vn -0.1789 0.9467 0.2678
vn -0.5449 0.1947 0.8156
vn -0.2461 0.8965 0.3684
vn -0.5486 0.5547 0.6255
vn -0.0432 0.9978 0.0493
vn -0.5916 0.4415 0.6746
vn -0.1289 0.9807 0.1470
vn -0.6245 0.3208 0.7121
vn -0.2123 0.9467 0.2421
vn -0.6467 0.1947 0.7375
vn -0.2921 0.8965 0.3331
vn -0.6579 0.0653 0.7502
vn -0.3669 0.8309 0.4183
vn -0.4353 0.7511 0.4963
vn -0.4962 0.6585 0.5658
vn -0.2421 0.9467 0.2123
vn -0.7375 0.1947 0.6467
vn -0.3331 0.8965 0.2921
vn -0.7502 0.0653 0.6579
vn -0.4183 0.8309 0.3669
vn -0.4963 0.7511 0.4353
vn -0.5658 0.6585 0.4962
vn -0.6255 0.5547 0.5486
vn -0.0493 0.9978 0.0432
vn -0.6746 0.4415 0.5916
vn -0.1470 0.9807 0.1289
vn -0.7121 0.3208 0.6245
vn -0.5489 0.7511 0.3668
vn -0.6257 0.6585 0.4181
vn -0.6918 0.5547 0.4622
vn -0.0545 0.9978 0.0364
vn -0.7460 0.4415 0.4985
vn -0.1625 0.9807 0.1086
vn -0.7875 0.3208 0.5262
vn -0.2678 0.9467 0.1789
vn -0.8156 0.1947 0.5449
vn -0.3684 0.8965 0.2461
vn -0.8297 0.0653 0.5544
vn -0.4626 0.8309 0.3091
vn -0.0588 0.9978 0.0290
vn -0.8047 0.4415 0.3968
vn -0.1753 0.9807 0.0865
vn -0.8495 0.3208 0.4189
vn -0.2888 0.9467 0.1424
vn -0.8797 0.1947 0.4338
vn -0.3974 0.8965 0.1960
vn -0.8950 0.0653 0.4413
vn -0.4990 0.8309 0.2461
vn -0.5921 0.7511 0.2920
vn -0.6749 0.6585 0.3328
vn -0.7462 0.5547 0.3680
vn -0.4195 0.8965 0.1424
vn -0.9449 0.0653 0.3208
vn -0.5269 0.8309 0.1788
vn -0.6251 0.7511 0.2122
vn -0.7126 0.6585 0.2419
vn -0.7879 0.5547 0.2674
vn -0.0621 0.9978 0.0211
vn -0.8496 0.4415 0.2884
vn -0.1851 0.9807 0.0628
vn -0.8969 0.3208 0.3044
vn -0.3050 0.9467 0.1035
vn -0.9288 0.1947 0.3153
vn -0.7381 0.6585 0.1468
vn -0.8160 0.5547 0.1623
vn -0.0643 0.9978 0.0128
vn -0.8800 0.4415 0.1750
vn -0.1917 0.9807 0.0381
vn -0.9289 0.3208 0.1848
vn -0.3159 0.9467 0.0628
vn -0.9620 0.1947 0.1914
vn -0.4345 0.8965 0.0864
vn -0.9787 0.0653 0.1947
vn -0.5457 0.8309 0.1085
vn -0.6475 0.7511 0.1288
vn -0.9451 0.3208 0.0619
vn -0.3214 0.9467 0.0211
vn -0.9788 0.1947 0.0642
vn -0.4421 0.8965 0.0290
vn -0.9957 0.0653 0.0653
vn -0.5552 0.8309 0.0364
vn -0.6587 0.7511 0.0432
vn -0.7509 0.6585 0.0492
vn -0.8302 0.5547 0.0544
vn -0.0654 0.9978 0.0043
vn -0.8953 0.4415 0.0587
vn -0.1951 0.9807 0.0128
vn -0.5552 0.8309 -0.0364
vn -0.6587 0.7511 -0.0432
vn -0.7509 0.6585 -0.0492
vn -0.8302 0.5547 -0.0544
vn -0.0654 0.9978 -0.0043
vn -0.8953 0.4415 -0.0587
vn -0.1951 0.9807 -0.0128
vn -0.9451 0.3208 -0.0619
vn -0.3214 0.9467 -0.0211
vn -0.9788 0.1947 -0.0642
vn -0.4421 0.8965 -0.0290
vn -0.9957 0.0653 -0.0653
vn -0.8160 0.5547 -0.1623
vn -0.0643 0.9978 -0.0128
vn -0.8800 0.4415 -0.1750
vn -0.1917 0.9807 -0.0381
vn -0.9289 0.3208 -0.1848
vn -0.3159 0.9467 -0.0628
vn -0.9620 0.1947 -0.1914
vn -0.4345 0.8965 -0.0864
vn -0.9787 0.0653 -0.1947
vn -0.5457 0.8309 -0.1085
vn -0.6475 0.7511 -0.1288
vn -0.7381 0.6585 -0.1468
vn -0.9288 0.1947 -0.3153
vn -0.4195 0.8965 -0.1424
vn -0.9449 0.0653 -0.3208
vn -0.5269 0.8309 -0.1788
vn -0.6251 0.7511 -0.2122
vn -0.7126 0.6585 -0.2419
vn -0.7879 0.5547 -0.2674
vn -0.0621 0.9978 -0.0211
vn -0.8496 0.4415 -0.2884
vn -0.1851 0.9807 -0.0628
vn -0.8969 0.3208 -0.3044
vn -0.3050 0.9467 -0.1035
vn -0.5921 0.7511 -0.2920
vn -0.6749 0.6585 -0.3328
vn -0.7462 0.5547 -0.3680
vn -0.0588 0.9978 -0.0290
vn -0.8047 0.4415 -0.3968
vn -0.1753 0.9807 -0.0865
vn -0.8495 0.3208 -0.4189
vn -0.2888 0.9467 -0.1424
vn -0.8797 0.1947 -0.4338
vn -0.3974 0.8965 -0.1960
vn -0.8950 0.0653 -0.4413
vn -0.4990 0.8309 -0.2461
vn -0.7460 0.4415 -0.4985
vn -0.1625 0.9807 -0.1086
vn -0.7875 0.3208 -0.5262
vn -0.2678 0.9467 -0.1789
vn -0.8156 0.1947 -0.5449
vn -0.3684 0.8965 -0.2461
vn -0.8297 0.0653 -0.5544
vn -0.4626 0.8309 -0.3091
vn -0.5489 0.7511 -0.3668
vn -0.6257 0.6585 -0.4181
vn -0.6918 0.5547 -0.4622
vn -0.0545 0.9978 -0.0364
vn -0.7502 0.0653 -0.6579
vn -0.4183 0.8309 -0.3669
vn -0.4963 0.7511 -0.4353
vn -0.5658 0.6585 -0.4962
vn -0.6255 0.5547 -0.5486
vn -0.0493 0.9978 -0.0432
vn -0.6746 0.4415 -0.5916
vn -0.1470 0.9807 -0.1289
vn -0.7121 0.3208 -0.6245
vn -0.2421 0.9467 -0.2123
vn -0.7375 0.1947 -0.6467
vn -0.3331 0.8965 -0.2921
vn -0.4962 0.6585 -0.5658
vn -0.5486 0.5547 -0.6255
vn -0.0432 0.9978 -0.0493
vn -0.5916 0.4415 -0.6746
vn -0.1289 0.9807 -0.1470
vn -0.6245 0.3208 -0.7121
vn -0.2123 0.9467 -0.2421
vn -0.6467 0.1947 -0.7375
vn -0.2921 0.8965 -0.3331
vn -0.6579 0.0653 -0.7502
vn -0.3669 0.8309 -0.4183
vn -0.4353 0.7511 -0.4963
vn -0.5262 0.3208 -0.7875
vn -0.1789 0.9467 -0.2678
vn -0.5449 0.1947 -0.8156
vn -0.2461 0.8965 -0.3684
vn -0.5544 0.0653 -0.8297
vn -0.3091 0.8309 -0.4626
vn -0.3668 0.7511 -0.5489
vn -0.4181 0.6585 -0.6257
vn -0.4622 0.5547 -0.6918
vn -0.0364 0.9978 -0.0545
vn -0.4985 0.4415 -0.7460
vn -0.1086 0.9807 -0.1625
vn -0.2920 0.7511 -0.5921
vn -0.3328 0.6585 -0.6749
vn -0.3680 0.5548 -0.7462
vn -0.0290 0.9978 -0.0588
vn -0.3968 0.4415 -0.8047
vn -0.0865 0.9807 -0.1753
vn -0.4189 0.3208 -0.8495
vn -0.1424 0.9467 -0.2888
vn -0.4338 0.1947 -0.8797
vn -0.1960 0.8965 -0.3974
vn -0.4413 0.0653 -0.8950
vn -0.2461 0.8309 -0.4990
vn -0.2674 0.5547 -0.7879
vn -0.0211 0.9978 -0.0621
vn -0.2884 0.4415 -0.8496
vn -0.0628 0.9807 -0.1851
vn -0.3044 0.3208 -0.8969
vn -0.1035 0.9467 -0.3050
vn -0.3153 0.1947 -0.9288
vn -0.1424 0.8965 -0.4195
vn -0.3208 0.0653 -0.9449
vn -0.1788 0.8309 -0.5269
vn -0.2122 0.7511 -0.6251
vn -0.2419 0.6585 -0.7126
vn -0.1914 0.1947 -0.9620
vn -0.0864 0.8965 -0.4345
vn -0.1947 0.0653 -0.9787
vn -0.1085 0.8309 -0.5457
vn -0.1288 0.7511 -0.6475
vn -0.1468 0.6585 -0.7381
vn -0.1623 0.5547 -0.8160
vn -0.0128 0.9978 -0.0643
vn -0.1750 0.4415 -0.8800
vn -0.0381 0.9807 -0.1917
vn -0.1848 0.3208 -0.9289
vn -0.0628 0.9467 -0.3159
vn -0.0492 0.6585 -0.7509
vn -0.0544 0.5548 -0.8302
vn -0.0043 0.9978 -0.0654
vn -0.0587 0.4415 -0.8953
vn -0.0128 0.9807 -0.1951
vn -0.0619 0.3208 -0.9451
vn -0.0211 0.9467 -0.3214
vn -0.0641 0.1947 -0.9788
vn -0.0290 0.8965 -0.4421
vn -0.0653 0.0653 -0.9957
vn -0.0364 0.8309 -0.5552
vn -0.0432 0.7511 -0.6587
vn -0.0000 -1.0000 -0.0000
vt 0.750000 0.791667
vt 0.750000 0.833333
vt 0.729167 0.833333
vt 0.729167 0.791667
vt 0.750000 0.750000
vt 0.729167 0.750000
vt 0.750000 0.708333
vt 0.729167 0.708333
vt 0.750000 0.666666
vt 0.729167 0.666667
vt 0.750000 0.958333
vt 0.739583 1.000000
vt 0.729167 0.958333
vt 0.750000 0.625000
vt 0.729167 0.625000
vt 0.750000 0.916667
vt 0.729167 0.916667
vt 0.750000 0.583333
vt 0.729167 0.583333
vt 0.750000 0.875000
vt 0.729167 0.875000
vt 0.750000 0.541667
vt 0.729167 0.541667
vt 0.750000 0.500000
vt 0.729167 0.500000
vt 0.708333 0.916667
vt 0.708333 0.875000
vt 0.708333 0.583333
vt 0.708333 0.541667
vt 0.708333 0.833333
vt 0.708333 0.500000
vt 0.708333 0.791667
vt 0.708333 0.750000
vt 0.708333 0.708333
vt 0.708333 0.666667
vt 0.718750 1.000000
vt 0.708333 0.958333
vt 0.708333 0.625000
vt 0.687500 0.791667
vt 0.687500 0.750000
vt 0.687500 0.708333
vt 0.687500 0.666667
vt 0.697917 1.000000
vt 0.687500 0.958333
vt 0.687500 0.625000
vt 0.687500 0.916667
vt 0.687500 0.583333
vt 0.687500 0.875000
vt 0.687500 0.541667
vt 0.687500 0.833333
vt 0.687500 0.500000
vt 0.666667 0.666667
vt 0.666667 0.625000
vt 0.666667 0.958333
vt 0.666667 0.916667
vt 0.666667 0.583333
vt 0.666667 0.875000
vt 0.666667 0.541667
vt 0.666667 0.833333
vt 0.666667 0.500000
vt 0.666667 0.791667
vt 0.666667 0.750000
vt 0.666667 0.708333
vt 0.677083 1.000000
vt 0.645833 0.875000
vt 0.645833 0.833333
vt 0.645833 0.541667
vt 0.645833 0.500000
vt 0.645833 0.791667
vt 0.645833 0.750000
vt 0.645833 0.708333
vt 0.645833 0.666667
vt 0.656250 1.000000
vt 0.645833 0.958333
vt 0.645833 0.625000
vt 0.645833 0.916667
vt 0.645833 0.583333
vt 0.625000 0.750000
vt 0.625000 0.708333
vt 0.625000 0.666667
vt 0.635417 1.000000
vt 0.625000 0.958333
vt 0.625000 0.625000
vt 0.625000 0.916667
vt 0.625000 0.583333
vt 0.625000 0.875000
vt 0.625000 0.541667
vt 0.625000 0.833333
vt 0.625000 0.500000
vt 0.625000 0.791667
vt 0.604167 0.625000
vt 0.604167 0.583333
vt 0.604167 0.916667
vt 0.604167 0.875000
vt 0.604167 0.541667
vt 0.604167 0.833333
vt 0.604167 0.500000
vt 0.604167 0.791667
vt 0.604167 0.750000
vt 0.604167 0.708333
vt 0.604167 0.666667
vt 0.614583 1.000000
vt 0.604167 0.958333
vt 0.583333 0.833333
vt 0.583333 0.791667
vt 0.583333 0.750000
vt 0.583333 0.708333
vt 0.583333 0.666667
vt 0.593750 1.000000
vt 0.583333 0.958333
vt 0.583333 0.625000
vt 0.583333 0.916667
vt 0.583333 0.583333
vt 0.583333 0.875000
vt 0.583333 0.541667
vt 0.583333 0.500000
vt 0.562500 0.708333
vt 0.562500 0.666667
vt 0.572917 1.000000
vt 0.562500 0.958333
vt 0.562500 0.625000
vt 0.562500 0.916667
vt 0.562500 0.583333
vt 0.562500 0.875000
vt 0.562500 0.541667
vt 0.562500 0.833333
vt 0.562500 0.500000
vt 0.562500 0.791667
vt 0.562500 0.750000
vt 0.541667 0.583333
vt 0.541667 0.541667
vt 0.541667 0.875000
vt 0.541667 0.833333
vt 0.541667 0.500000
vt 0.541667 0.791667
vt 0.541667 0.750000
vt 0.541667 0.708333
vt 0.541667 0.666667
vt 0.552083 1.000000
vt 0.541667 0.958333
vt 0.541667 0.625000
vt 0.541667 0.916667
vt 0.520833 0.791667
vt 0.520833 0.750000
vt 0.520833 0.708333
vt 0.520833 0.666667
vt 0.531250 1.000000
vt 0.520833 0.958333
vt 0.520833 0.625000
vt 0.520833 0.916667
vt 0.520833 0.583333
vt 0.520833 0.875000
vt 0.520833 0.541667
vt 0.520833 0.833333
vt 0.520833 0.500000
vt 0.500000 0.666667
vt 0.500000 0.625000
vt 0.500000 0.958333
vt 0.500000 0.916667
vt 0.500000 0.583333
vt 0.500000 0.875000
vt 0.500000 0.541667
vt 0.500000 0.833333
vt 0.500000 0.500000
vt 0.500000 0.791667
vt 0.500000 0.750000
vt 0.500000 0.708333
vt 0.510417 1.000000
vt 0.479167 0.541667
vt 0.479167 0.500000
vt 0.479167 0.833333
vt 0.479167 0.791667
vt 0.479167 0.750000
vt 0.479167 0.708333
vt 0.479167 0.666667
vt 0.489583 1.000000
vt 0.479167 0.958333
vt 0.479167 0.625000
vt 0.479167 0.916667
vt 0.479167 0.583333
vt 0.479167 0.875000
vt 0.458333 0.750000
vt 0.458333 0.708333
vt 0.458333 0.666667
vt 0.468750 1.000000
vt 0.458333 0.958333
vt 0.458333 0.625000
vt 0.458333 0.916667
vt 0.458333 0.583333
vt 0.458333 0.875000
vt 0.458333 0.541667
vt 0.458333 0.833333
vt 0.458333 0.500000
vt 0.458333 0.791667
vt 0.437500 0.625000
vt 0.437500 0.583333
vt 0.437500 0.916667
vt 0.437500 0.875000
vt 0.437500 0.541667
vt 0.437500 0.833333
vt 0.437500 0.500000
vt 0.437500 0.791667
vt 0.437500 0.750000
vt 0.437500 0.708333
vt 0.437500 0.666667
vt 0.447917 1.000000
vt 0.437500 0.958333
vt 0.416667 0.791667
vt 0.416667 0.750000
vt 0.416667 0.708333
vt 0.416667 0.666667
vt 0.427083 1.000000
vt 0.416667 0.958333
vt 0.416667 0.625000
vt 0.416667 0.916667
vt 0.416667 0.583333
vt 0.416667 0.875000
vt 0.416667 0.541667
vt 0.416667 0.833333
vt 0.416667 0.500000
vt 0.395833 0.708333
vt 0.395833 0.666667
vt 0.406250 1.000000
vt 0.395833 0.958333
vt 0.395833 0.625000
vt 0.395833 0.916667
vt 0.395833 0.583333
vt 0.395833 0.875000
vt 0.395833 0.541667
vt 0.395833 0.833333
vt 0.395833 0.500000
vt 0.395833 0.791667
vt 0.395833 0.750000
vt 0.375000 0.583333
vt 0.375000 0.541667
vt 0.375000 0.875000
vt 0.375000 0.833333
vt 0.375000 0.500000
vt 0.375000 0.791667
vt 0.375000 0.750000
vt 0.375000 0.708333
vt 0.375000 0.666667
vt 0.385417 1.000000
vt 0.375000 0.958333
vt 0.375000 0.625000
vt 0.375000 0.916667
vt 0.354167 0.750000
vt 0.354167 0.708333
vt 0.354167 0.666667
vt 0.364583 1.000000
vt 0.354167 0.958333
vt 0.354167 0.625000
vt 0.354167 0.916667
vt 0.354167 0.583333
vt 0.354167 0.875000
vt 0.354167 0.541667
vt 0.354167 0.833333
vt 0.354167 0.500000
vt 0.354167 0.791667
vt 0.333333 0.666667
vt 0.333333 0.625000
vt 0.333333 0.958333
vt 0.333333 0.916667
vt 0.333333 0.583333
vt 0.333333 0.875000
vt 0.333333 0.541667
vt 0.333333 0.833333
vt 0.333333 0.500000
vt 0.333333 0.791667
vt 0.333333 0.750000
vt 0.333333 0.708333
vt 0.343750 1.000000
vt 0.312500 0.541667
vt 0.312500 0.500000
vt 0.312500 0.833333
vt 0.312500 0.791667
vt 0.312500 0.750000
vt 0.312500 0.708333
vt 0.312500 0.666667
vt 0.322917 1.000000
vt 0.312500 0.958333
vt 0.312500 0.625000
vt 0.312500 0.916667
vt 0.312500 0.583333
vt 0.312500 0.875000
vt 0.291667 0.708333
vt 0.291667 0.666667
vt 0.302083 1.000000
vt 0.291667 0.958333
vt 0.291667 0.625000
vt 0.291667 0.916667
vt 0.291667 0.583333
vt 0.291667 0.875000
vt 0.291667 0.541667
vt 0.291667 0.833333
vt 0.291667 0.500000
vt 0.291667 0.791667
vt 0.291667 0.750000
vt 0.270833 0.625000
vt 0.270833 0.583333
vt 0.270833 0.916667
vt 0.270833 0.875000
vt 0.270833 0.541667
vt 0.270833 0.833333
vt 0.270833 0.500000
vt 0.270833 0.791667
vt 0.270833 0.750000
vt 0.270833 0.708333
vt 0.270833 0.666667
vt 0.281250 1.000000
vt 0.270833 0.958333
vt 0.250000 0.791667
vt 0.250000 0.750000
vt 0.250000 0.708333
vt 0.250000 0.666667
vt 0.260417 1.000000
vt 0.250000 0.958333
vt 0.250000 0.625000
vt 0.250000 0.916667
vt 0.250000 0.583333
vt 0.250000 0.875000
vt 0.250000 0.541667
vt 0.250000 0.833333
vt 0.250000 0.500000
vt 0.239583 1.000000
vt 0.229167 0.958333
vt 0.229167 0.666667
vt 0.229167 0.625000
vt 0.229167 0.916667
vt 0.229167 0.583333
vt 0.229167 0.875000
vt 0.229167 0.541667
vt 0.229167 0.833333
vt 0.229167 0.500000
vt 0.229167 0.791667
vt 0.229167 0.750000
vt 0.229167 0.708333
vt 0.208333 0.583333
vt 0.208333 0.541667
vt 0.208333 0.875000
vt 0.208333 0.833333
vt 0.208333 0.500000
vt 0.208333 0.791667
vt 0.208333 0.750000
vt 0.208333 0.708333
vt 0.208333 0.666667
vt 0.218750 1.000000
vt 0.208333 0.958333
vt 0.208333 0.625000
vt 0.208333 0.916667
vt 0.187500 0.750000
vt 0.187500 0.708333
vt 0.187500 0.666667
vt 0.197917 1.000000
vt 0.187500 0.958333
vt 0.187500 0.625000
vt 0.187500 0.916667
vt 0.187500 0.583333
vt 0.187500 0.875000
vt 0.187500 0.541667
vt 0.187500 0.833333
vt 0.187500 0.500000
vt 0.187500 0.791667
vt 0.166667 0.958333
vt 0.166667 0.916667
vt 0.166667 0.625000
vt 0.166667 0.583333
vt 0.166667 0.875000
vt 0.166667 0.541667
vt 0.166667 0.833333
vt 0.166667 0.500000
vt 0.166667 0.791667
vt 0.166667 0.750000
vt 0.166667 0.708333
vt 0.166667 0.666667
vt 0.177083 1.000000
vt 0.145833 0.541667
vt 0.145833 0.500000
vt 0.145833 0.833333
vt 0.145833 0.791667
vt 0.145833 0.750000
vt 0.145833 0.708333
vt 0.145833 0.666667
vt 0.156250 1.000000
vt 0.145833 0.958333
vt 0.145833 0.625000
vt 0.145833 0.916667
vt 0.145833 0.583333
vt 0.145833 0.875000
vt 0.125000 0.708333
vt 0.125000 0.666667
vt 0.135417 1.000000
vt 0.125000 0.958333
vt 0.125000 0.625000
vt 0.125000 0.916667
vt 0.125000 0.583333
vt 0.125000 0.875000
vt 0.125000 0.541667
vt 0.125000 0.833333
vt 0.125000 0.500000
vt 0.125000 0.791667
vt 0.125000 0.750000
vt 0.104167 0.916667
vt 0.104167 0.875000
vt 0.104167 0.583333
vt 0.104167 0.541667
vt 0.104167 0.833333
vt 0.104167 0.500000
vt 0.104167 0.791667
vt 0.104167 0.750000
vt 0.104167 0.708333
vt 0.104167 0.666667
vt 0.114583 1.000000
vt 0.104167 0.958333
vt 0.104167 0.625000
vt 0.083333 0.791667
vt 0.083333 0.750000
vt 0.083333 0.708333
vt 0.083333 0.666667
vt 0.093750 1.000000
vt 0.083333 0.958333
vt 0.083333 0.625000
vt 0.083333 0.916667
vt 0.083333 0.583333
vt 0.083333 0.875000
vt 0.083333 0.541667
vt 0.083333 0.833333
vt 0.083333 0.500000
vt 0.072917 1.000000
vt 0.062500 0.958333
vt 0.062500 0.666667
vt 0.062500 0.625000
vt 0.062500 0.916667
vt 0.062500 0.583333
vt 0.062500 0.875000
vt 0.062500 0.541667
vt 0.062500 0.833333
vt 0.062500 0.500000
vt 0.062500 0.791667
vt 0.062500 0.750000
vt 0.062500 0.708333
vt 0.041667 0.875000
vt 0.041667 0.833333
vt 0.041667 0.541667
vt 0.041667 0.500000
vt 0.041667 0.791667
vt 0.041667 0.750000
vt 0.041667 0.708333
vt 0.041667 0.666667
vt 0.052083 1.000000
vt 0.041667 0.958333
vt 0.041667 0.625000
vt 0.041667 0.916667
vt 0.041667 0.583333
vt 0.020833 0.750000
vt 0.020833 0.708333
vt 0.020833 0.666667
vt 0.031250 1.000000
vt 0.020833 0.958333
vt 0.020833 0.625000
vt 0.020833 0.916667
vt 0.020833 0.583333
vt 0.020833 0.875000
vt 0.020833 0.541667
vt 0.020833 0.833333
vt 0.020833 0.500000
vt 0.020833 0.791667
vt 0.000000 0.625000
vt 0.000000 0.583333
vt 0.000000 0.916667
vt 0.000000 0.875000
vt 0.000000 0.541667
vt 0.000000 0.833333
vt 0.000000 0.500000
vt 0.000000 0.791667
vt 0.000000 0.750000
vt 0.000000 0.708333
vt 0.000000 0.666667
vt 0.010417 1.000000
vt 0.000000 0.958333
vt 1.000000 0.791667
vt 1.000000 0.833333
vt 0.979167 0.833333
vt 0.979167 0.791667
vt 1.000000 0.750000
vt 0.979167 0.750000
vt 1.000000 0.708333
vt 0.979167 0.708333
vt 1.000000 0.666667
vt 0.979167 0.666667
vt 1.000000 0.958333
vt 0.989583 1.000000
vt 0.979167 0.958333
vt 1.000000 0.625000
vt 0.979167 0.625000
vt 1.000000 0.916667
vt 0.979167 0.916667
vt 1.000000 0.583333
vt 0.979167 0.583333
vt 1.000000 0.875000
vt 0.979167 0.875000
vt 1.000000 0.541667
vt 0.979167 0.541667
vt 1.000000 0.500000
vt 0.979167 0.500000
vt 0.958333 0.708333
vt 0.958333 0.666667
vt 0.968750 1.000000
vt 0.958333 0.958333
vt 0.958333 0.625000
vt 0.958333 0.916667
vt 0.958333 0.583333
vt 0.958333 0.875000
vt 0.958333 0.541667
vt 0.958333 0.833333
vt 0.958333 0.500000
vt 0.958333 0.791667
vt 0.958333 0.750000
vt 0.937500 0.583333
vt 0.937500 0.541667
vt 0.937500 0.875000
vt 0.937500 0.833333
vt 0.937500 0.500000
vt 0.937500 0.791667
vt 0.937500 0.750000
vt 0.937500 0.708333
vt 0.937500 0.666667
vt 0.947917 1.000000
vt 0.937500 0.958333
vt 0.937500 0.625000
vt 0.937500 0.916667
vt 0.916667 0.791667
vt 0.916667 0.750000
vt 0.916667 0.708333
vt 0.916667 0.666667
vt 0.927083 1.000000
vt 0.916667 0.958333
vt 0.916667 0.625000
vt 0.916667 0.916667
vt 0.916667 0.583333
vt 0.916667 0.875000
vt 0.916667 0.541667
vt 0.916667 0.833333
vt 0.916667 0.500000
vt 0.895833 0.666667
vt 0.895833 0.625000
vt 0.895833 0.958333
vt 0.895833 0.916667
vt 0.895833 0.583333
vt 0.895833 0.875000
vt 0.895833 0.541667
vt 0.895833 0.833333
vt 0.895833 0.500000
vt 0.895833 0.791667
vt 0.895833 0.750000
vt 0.895833 0.708333
vt 0.906250 1.000000
vt 0.875000 0.541667
vt 0.875000 0.500000
vt 0.875000 0.833333
vt 0.875000 0.791667
vt 0.875000 0.750000
vt 0.875000 0.708333
vt 0.875000 0.666667
vt 0.885417 1.000000
vt 0.875000 0.958333
vt 0.875000 0.625000
vt 0.875000 0.916667
vt 0.875000 0.583333
vt 0.875000 0.875000
vt 0.854167 0.750000
vt 0.854167 0.708333
vt 0.854167 0.666667
vt 0.864583 1.000000
vt 0.854167 0.958333
vt 0.854167 0.625000
vt 0.854167 0.916667
vt 0.854167 0.583333
vt 0.854167 0.875000
vt 0.854167 0.541667
vt 0.854167 0.833333
vt 0.854167 0.500000
vt 0.854167 0.791667
vt 0.833333 0.625000
vt 0.833333 0.583333
vt 0.833333 0.916667
vt 0.833333 0.875000
vt 0.833333 0.541667
vt 0.833333 0.833333
vt 0.833333 0.500000
vt 0.833333 0.791667
vt 0.833333 0.750000
vt 0.833333 0.708333
vt 0.833333 0.666667
vt 0.843750 1.000000
vt 0.833333 0.958333
vt 0.812500 0.791667
vt 0.812500 0.750000
vt 0.812500 0.708333
vt 0.812500 0.666667
vt 0.822917 1.000000
vt 0.812500 0.958333
vt 0.812500 0.625000
vt 0.812500 0.916667
vt 0.812500 0.583333
vt 0.812500 0.875000
vt 0.812500 0.541667
vt 0.812500 0.833333
vt 0.812500 0.500000
vt 0.791667 0.708333
vt 0.791667 0.666666
vt 0.802083 1.000000
vt 0.791667 0.958333
vt 0.791667 0.625000
vt 0.791667 0.916667
vt 0.791667 0.583333
vt 0.791667 0.875000
vt 0.791667 0.541667
vt 0.791667 0.833333
vt 0.791667 0.500000
vt 0.791667 0.791667
vt 0.791667 0.750000
vt 0.770833 0.583333
vt 0.770833 0.541667
vt 0.770833 0.875000
vt 0.770833 0.833333
vt 0.770833 0.500000
vt 0.770833 0.791666
vt 0.770833 0.750000
vt 0.770833 0.708333
vt 0.770833 0.666666
vt 0.781250 1.000000
vt 0.770833 0.958333
vt 0.770833 0.625000
vt 0.770833 0.916667
vt 0.760417 1.000000
vt 0.804543 0.666852
vt 0.809539 0.659375
vt 0.813517 0.651310
vt 0.816407 0.642794
vt 0.818162 0.633974
vt 0.818750 0.625000
vt 0.818162 0.616026
vt 0.816407 0.607206
vt 0.813517 0.598690
vt 0.809539 0.590625
vt 0.804543 0.583148
vt 0.798614 0.576386
vt 0.791852 0.570457
vt 0.784375 0.565461
vt 0.776309 0.561483
vt 0.767794 0.558593
vt 0.758974 0.556838
vt 0.750000 0.556250
vt 0.741026 0.556838
vt 0.732206 0.558593
vt 0.723691 0.561483
vt 0.715625 0.565461
vt 0.708148 0.570457
vt 0.701386 0.576386
vt 0.695457 0.583148
vt 0.690461 0.590625
vt 0.686483 0.598691
vt 0.683593 0.607206
vt 0.681838 0.616026
vt 0.681250 0.625000
vt 0.681838 0.633974
vt 0.683593 0.642794
vt 0.686483 0.651310
vt 0.690461 0.659375
vt 0.695457 0.666852
vt 0.701386 0.673614
vt 0.708148 0.679543
vt 0.715625 0.684539
vt 0.723691 0.688517
vt 0.732206 0.691407
vt 0.741026 0.693162
vt 0.750000 0.693750
vt 0.758974 0.693162
vt 0.767794 0.691407
vt 0.776310 0.688517
vt 0.784375 0.684539
vt 0.791852 0.679543
vt 0.798614 0.673614
s 0
usemtl Dome_Transparent
f 4122/6478/2751 4121/6479/2751 4131/6480/2751 4132/6481/2751
f 4123/6482/2752 4122/6478/2752 4132/6481/2752 4133/6483/2752
f 4124/6484/2753 4123/6482/2753 4133/6483/2753 4134/6485/2753
f 4692/6486/2754 4124/6484/2754 4134/6485/2754 4135/6487/2754
f 4118/6488/2755 4117/6489/2755 4128/6490/2755
f 4125/6491/2756 4692/6486/2756 4135/6487/2756 4136/6492/2756
f 4119/6493/2757 4118/6488/2757 4128/6490/2757 4129/6494/2757
f 4126/6495/2758 4125/6491/2758 4136/6492/2758 4137/6496/2758
f 4120/6497/2759 4119/6493/2759 4129/6494/2759 4130/6498/2759
f 4693/6499/2760 4126/6495/2760 4137/6496/2760 4138/6500/2760
f 4121/6479/2761 4120/6497/2761 4130/6498/2761 4131/6480/2761
f 4127/6501/2762 4693/6499/2762 4138/6500/2762 4139/6502/2762
f 4130/6498/2763 4129/6494/2763 4141/6503/2763 4142/6504/2763
f 4138/6500/2764 4137/6496/2764 4149/6505/2764 4150/6506/2764
f 4131/6480/2765 4130/6498/2765 4142/6504/2765 4143/6507/2765
f 4139/6502/2766 4138/6500/2766 4150/6506/2766 4151/6508/2766
f 4132/6481/2767 4131/6480/2767 4143/6507/2767 4144/6509/2767
f 4133/6483/2768 4132/6481/2768 4144/6509/2768 4145/6510/2768
f 4134/6485/2769 4133/6483/2769 4145/6510/2769 4146/6511/2769
f 4135/6487/2770 4134/6485/2770 4146/6511/2770 4147/6512/2770
f 4128/6490/2771 4117/6513/2771 4140/6514/2771
f 4136/6492/2772 4135/6487/2772 4147/6512/2772 4148/6515/2772
f 4129/6494/2773 4128/6490/2773 4140/6514/2773 4141/6503/2773
f 4137/6496/2774 4136/6492/2774 4148/6515/2774 4149/6505/2774
f 4145/6510/2775 4144/6509/2775 4156/6516/2775 4157/6517/2775
f 4146/6511/2776 4145/6510/2776 4157/6517/2776 4158/6518/2776
f 4147/6512/2777 4146/6511/2777 4158/6518/2777 4159/6519/2777
f 4140/6514/2778 4117/6520/2778 4152/6521/2778
f 4148/6515/2779 4147/6512/2779 4159/6519/2779 4160/6522/2779
f 4141/6503/2780 4140/6514/2780 4152/6521/2780 4153/6523/2780
f 4149/6505/2781 4148/6515/2781 4160/6522/2781 4161/6524/2781
f 4142/6504/2782 4141/6503/2782 4153/6523/2782 4154/6525/2782
f 4150/6506/2783 4149/6505/2783 4161/6524/2783 4162/6526/2783
f 4143/6507/2784 4142/6504/2784 4154/6525/2784 4155/6527/2784
f 4151/6508/2785 4150/6506/2785 4162/6526/2785 4163/6528/2785
f 4144/6509/2786 4143/6507/2786 4155/6527/2786 4156/6516/2786
f 4160/6522/2787 4159/6519/2787 4171/6529/2787 4172/6530/2787
f 4153/6523/2788 4152/6521/2788 4164/6531/2788 4165/6532/2788
f 4161/6524/2789 4160/6522/2789 4172/6530/2789 4173/6533/2789
f 4154/6525/2790 4153/6523/2790 4165/6532/2790 4166/6534/2790
f 4162/6526/2791 4161/6524/2791 4173/6533/2791 4174/6535/2791
f 4155/6527/2792 4154/6525/2792 4166/6534/2792 4167/6536/2792
f 4163/6528/2793 4162/6526/2793 4174/6535/2793 4175/6537/2793
f 4156/6516/2794 4155/6527/2794 4167/6536/2794 4168/6538/2794
f 4157/6517/2795 4156/6516/2795 4168/6538/2795 4169/6539/2795
f 4158/6518/2796 4157/6517/2796 4169/6539/2796 4170/6540/2796
f 4159/6519/2797 4158/6518/2797 4170/6540/2797 4171/6529/2797
f 4152/6521/2798 4117/6541/2798 4164/6531/2798
f 4167/6536/2799 4166/6534/2799 4178/6542/2799 4179/6543/2799
f 4175/6537/2800 4174/6535/2800 4186/6544/2800 4187/6545/2800
f 4168/6538/2801 4167/6536/2801 4179/6543/2801 4180/6546/2801
f 4169/6539/2802 4168/6538/2802 4180/6546/2802 4181/6547/2802
f 4170/6540/2803 4169/6539/2803 4181/6547/2803 4182/6548/2803
f 4171/6529/2804 4170/6540/2804 4182/6548/2804 4183/6549/2804
f 4164/6531/2805 4117/6550/2805 4176/6551/2805
f 4172/6530/2806 4171/6529/2806 4183/6549/2806 4184/6552/2806
f 4165/6532/2807 4164/6531/2807 4176/6551/2807 4177/6553/2807
f 4173/6533/2808 4172/6530/2808 4184/6552/2808 4185/6554/2808
f 4166/6534/2809 4165/6532/2809 4177/6553/2809 4178/6542/2809
f 4174/6535/2810 4173/6533/2810 4185/6554/2810 4186/6544/2810
f 4182/6548/2811 4181/6547/2811 4193/6555/2811 4194/6556/2811
f 4183/6549/2812 4182/6548/2812 4194/6556/2812 4195/6557/2812
f 4176/6551/2813 4117/6558/2813 4188/6559/2813
f 4184/6552/2814 4183/6549/2814 4195/6557/2814 4196/6560/2814
f 4177/6553/2815 4176/6551/2815 4188/6559/2815 4189/6561/2815
f 4185/6554/2816 4184/6552/2816 4196/6560/2816 4197/6562/2816
f 4178/6542/2817 4177/6553/2817 4189/6561/2817 4190/6563/2817
f 4186/6544/2818 4185/6554/2818 4197/6562/2818 4198/6564/2818
f 4179/6543/2819 4178/6542/2819 4190/6563/2819 4191/6565/2819
f 4187/6545/2820 4186/6544/2820 4198/6564/2820 4199/6566/2820
f 4180/6546/2821 4179/6543/2821 4191/6565/2821 4192/6567/2821
f 4181/6547/2822 4180/6546/2822 4192/6567/2822 4193/6555/2822
f 4197/6562/2823 4196/6560/2823 4208/6568/2823 4209/6569/2823
f 4190/6563/2824 4189/6561/2824 4201/6570/2824 4202/6571/2824
f 4198/6564/2825 4197/6562/2825 4209/6569/2825 4210/6572/2825
f 4191/6565/2826 4190/6563/2826 4202/6571/2826 4203/6573/2826
f 4199/6566/2827 4198/6564/2827 4210/6572/2827 4211/6574/2827
f 4192/6567/2828 4191/6565/2828 4203/6573/2828 4204/6575/2828
f 4193/6555/2829 4192/6567/2829 4204/6575/2829 4205/6576/2829
f 4194/6556/2830 4193/6555/2830 4205/6576/2830 4206/6577/2830
f 4195/6557/2831 4194/6556/2831 4206/6577/2831 4207/6578/2831
f 4188/6559/2832 4117/6579/2832 4200/6580/2832
f 4196/6560/2833 4195/6557/2833 4207/6578/2833 4208/6568/2833
f 4189/6561/2834 4188/6559/2834 4200/6580/2834 4201/6570/2834
f 4204/6575/2835 4203/6573/2835 4215/6581/2835 4216/6582/2835
f 4205/6576/2836 4204/6575/2836 4216/6582/2836 4217/6583/2836
f 4206/6577/2837 4205/6576/2837 4217/6583/2837 4218/6584/2837
f 4207/6578/2838 4206/6577/2838 4218/6584/2838 4219/6585/2838
f 4200/6580/2839 4117/6586/2839 4212/6587/2839
f 4208/6568/2840 4207/6578/2840 4219/6585/2840 4220/6588/2840
f 4201/6570/2841 4200/6580/2841 4212/6587/2841 4213/6589/2841
f 4209/6569/2842 4208/6568/2842 4220/6588/2842 4221/6590/2842
f 4202/6571/2843 4201/6570/2843 4213/6589/2843 4214/6591/2843
f 4210/6572/2844 4209/6569/2844 4221/6590/2844 4222/6592/2844
f 4203/6573/2845 4202/6571/2845 4214/6591/2845 4215/6581/2845
f 4211/6574/2846 4210/6572/2846 4222/6592/2846 4223/6593/2846
f 4219/6585/2847 4218/6584/2847 4230/6594/2847 4231/6595/2847
f 4212/6587/2848 4117/6596/2848 4224/6597/2848
f 4220/6588/2849 4219/6585/2849 4231/6595/2849 4232/6598/2849
f 4213/6589/2850 4212/6587/2850 4224/6597/2850 4225/6599/2850
f 4221/6590/2851 4220/6588/2851 4232/6598/2851 4233/6600/2851
f 4214/6591/2852 4213/6589/2852 4225/6599/2852 4226/6601/2852
f 4222/6592/2853 4221/6590/2853 4233/6600/2853 4234/6602/2853
f 4215/6581/2854 4214/6591/2854 4226/6601/2854 4227/6603/2854
f 4223/6593/2855 4222/6592/2855 4234/6602/2855 4235/6604/2855
f 4216/6582/2856 4215/6581/2856 4227/6603/2856 4228/6605/2856
f 4217/6583/2857 4216/6582/2857 4228/6605/2857 4229/6606/2857
f 4218/6584/2858 4217/6583/2858 4229/6606/2858 4230/6594/2858
f 4234/6602/2859 4233/6600/2859 4245/6607/2859 4246/6608/2859
f 4227/6603/2860 4226/6601/2860 4238/6609/2860 4239/6610/2860
f 4235/6604/2861 4234/6602/2861 4246/6608/2861 4247/6611/2861
f 4228/6605/2862 4227/6603/2862 4239/6610/2862 4240/6612/2862
f 4229/6606/2863 4228/6605/2863 4240/6612/2863 4241/6613/2863
f 4230/6594/2864 4229/6606/2864 4241/6613/2864 4242/6614/2864
f 4231/6595/2865 4230/6594/2865 4242/6614/2865 4243/6615/2865
f 4224/6597/2866 4117/6616/2866 4236/6617/2866
f 4232/6598/2867 4231/6595/2867 4243/6615/2867 4244/6618/2867
f 4225/6599/2868 4224/6597/2868 4236/6617/2868 4237/6619/2868
f 4233/6600/2869 4232/6598/2869 4244/6618/2869 4245/6607/2869
f 4226/6601/2870 4225/6599/2870 4237/6619/2870 4238/6609/2870
f 4241/6613/2871 4240/6612/2871 4252/6620/2871 4253/6621/2871
f 4242/6614/2872 4241/6613/2872 4253/6621/2872 4254/6622/2872
f 4243/6615/2873 4242/6614/2873 4254/6622/2873 4255/6623/2873
f 4236/6617/2874 4117/6624/2874 4248/6625/2874
f 4244/6618/2875 4243/6615/2875 4255/6623/2875 4256/6626/2875
f 4237/6619/2876 4236/6617/2876 4248/6625/2876 4249/6627/2876
f 4245/6607/2877 4244/6618/2877 4256/6626/2877 4257/6628/2877
f 4238/6609/2878 4237/6619/2878 4249/6627/2878 4250/6629/2878
f 4246/6608/2879 4245/6607/2879 4257/6628/2879 4258/6630/2879
f 4239/6610/2880 4238/6609/2880 4250/6629/2880 4251/6631/2880
f 4247/6611/2881 4246/6608/2881 4258/6630/2881 4259/6632/2881
f 4240/6612/2882 4239/6610/2882 4251/6631/2882 4252/6620/2882
f 4256/6626/2883 4255/6623/2883 4267/6633/2883 4268/6634/2883
f 4249/6627/2884 4248/6625/2884 4260/6635/2884 4261/6636/2884
f 4257/6628/2885 4256/6626/2885 4268/6634/2885 4269/6637/2885
f 4250/6629/2886 4249/6627/2886 4261/6636/2886 4262/6638/2886
f 4258/6630/2887 4257/6628/2887 4269/6637/2887 4270/6639/2887
f 4251/6631/2888 4250/6629/2888 4262/6638/2888 4263/6640/2888
f 4259/6632/2889 4258/6630/2889 4270/6639/2889 4271/6641/2889
f 4252/6620/2890 4251/6631/2890 4263/6640/2890 4264/6642/2890
f 4253/6621/2891 4252/6620/2891 4264/6642/2891 4265/6643/2891
f 4254/6622/2892 4253/6621/2892 4265/6643/2892 4266/6644/2892
f 4255/6623/2893 4254/6622/2893 4266/6644/2893 4267/6633/2893
f 4248/6625/2894 4117/6645/2894 4260/6635/2894
f 4271/6641/2895 4270/6639/2895 4282/6646/2895 4283/6647/2895
f 4264/6642/2896 4263/6640/2896 4275/6648/2896 4276/6649/2896
f 4265/6643/2897 4264/6642/2897 4276/6649/2897 4277/6650/2897
f 4266/6644/2898 4265/6643/2898 4277/6650/2898 4278/6651/2898
f 4267/6633/2899 4266/6644/2899 4278/6651/2899 4279/6652/2899
f 4260/6635/2900 4117/6653/2900 4272/6654/2900
f 4268/6634/2901 4267/6633/2901 4279/6652/2901 4280/6655/2901
f 4261/6636/2902 4260/6635/2902 4272/6654/2902 4273/6656/2902
f 4269/6637/2903 4268/6634/2903 4280/6655/2903 4281/6657/2903
f 4262/6638/2904 4261/6636/2904 4273/6656/2904 4274/6658/2904
f 4270/6639/2905 4269/6637/2905 4281/6657/2905 4282/6646/2905
f 4263/6640/2906 4262/6638/2906 4274/6658/2906 4275/6648/2906
f 4278/6651/2907 4277/6650/2907 4289/6659/2907 4290/6660/2907
f 4279/6652/2908 4278/6651/2908 4290/6660/2908 4291/6661/2908
f 4272/6654/2909 4117/6662/2909 4284/6663/2909
f 4280/6655/2910 4279/6652/2910 4291/6661/2910 4292/6664/2910
f 4273/6656/2911 4272/6654/2911 4284/6663/2911 4285/6665/2911
f 4281/6657/2912 4280/6655/2912 4292/6664/2912 4293/6666/2912
f 4274/6658/2913 4273/6656/2913 4285/6665/2913 4286/6667/2913
f 4282/6646/2914 4281/6657/2914 4293/6666/2914 4294/6668/2914
f 4275/6648/2915 4274/6658/2915 4286/6667/2915 4287/6669/2915
f 4283/6647/2916 4282/6646/2916 4294/6668/2916 4295/6670/2916
f 4276/6649/2917 4275/6648/2917 4287/6669/2917 4288/6671/2917
f 4277/6650/2918 4276/6649/2918 4288/6671/2918 4289/6659/2918
f 4293/6666/2919 4292/6664/2919 4304/6672/2919 4305/6673/2919
f 4286/6667/2920 4285/6665/2920 4297/6674/2920 4298/6675/2920
f 4294/6668/2921 4293/6666/2921 4305/6673/2921 4306/6676/2921
f 4287/6669/2922 4286/6667/2922 4298/6675/2922 4299/6677/2922
f 4295/6670/2923 4294/6668/2923 4306/6676/2923 4307/6678/2923
f 4288/6671/2924 4287/6669/2924 4299/6677/2924 4300/6679/2924
f 4289/6659/2925 4288/6671/2925 4300/6679/2925 4301/6680/2925
f 4290/6660/2926 4289/6659/2926 4301/6680/2926 4302/6681/2926
f 4291/6661/2927 4290/6660/2927 4302/6681/2927 4303/6682/2927
f 4284/6663/2928 4117/6683/2928 4296/6684/2928
f 4292/6664/2929 4291/6661/2929 4303/6682/2929 4304/6672/2929
f 4285/6665/2930 4284/6663/2930 4296/6684/2930 4297/6674/2930
f 4301/6680/2931 4300/6679/2931 4312/6685/2931 4313/6686/2931
f 4302/6681/2932 4301/6680/2932 4313/6686/2932 4314/6687/2932
f 4303/6682/2933 4302/6681/2933 4314/6687/2933 4315/6688/2933
f 4296/6684/2934 4117/6689/2934 4308/6690/2934
f 4304/6672/2935 4303/6682/2935 4315/6688/2935 4316/6691/2935
f 4297/6674/2936 4296/6684/2936 4308/6690/2936 4309/6692/2936
f 4305/6673/2937 4304/6672/2937 4316/6691/2937 4317/6693/2937
f 4298/6675/2938 4297/6674/2938 4309/6692/2938 4310/6694/2938
f 4306/6676/2939 4305/6673/2939 4317/6693/2939 4318/6695/2939
f 4299/6677/2940 4298/6675/2940 4310/6694/2940 4311/6696/2940
f 4307/6678/2941 4306/6676/2941 4318/6695/2941 4319/6697/2941
f 4300/6679/2942 4299/6677/2942 4311/6696/2942 4312/6685/2942
f 4315/6688/2943 4314/6687/2943 4326/6698/2943 4327/6699/2943
f 4308/6690/2944 4117/6700/2944 4320/6701/2944
f 4316/6691/2945 4315/6688/2945 4327/6699/2945 4328/6702/2945
f 4309/6692/2946 4308/6690/2946 4320/6701/2946 4321/6703/2946
f 4317/6693/2947 4316/6691/2947 4328/6702/2947 4329/6704/2947
f 4310/6694/2948 4309/6692/2948 4321/6703/2948 4322/6705/2948
f 4318/6695/2949 4317/6693/2949 4329/6704/2949 4330/6706/2949
f 4311/6696/2950 4310/6694/2950 4322/6705/2950 4323/6707/2950
f 4319/6697/2951 4318/6695/2951 4330/6706/2951 4331/6708/2951
f 4312/6685/2952 4311/6696/2952 4323/6707/2952 4324/6709/2952
f 4313/6686/2953 4312/6685/2953 4324/6709/2953 4325/6710/2953
f 4314/6687/2954 4313/6686/2954 4325/6710/2954 4326/6698/2954
f 4330/6706/2955 4329/6704/2955 4341/6711/2955 4342/6712/2955
f 4323/6707/2956 4322/6705/2956 4334/6713/2956 4335/6714/2956
f 4331/6708/2957 4330/6706/2957 4342/6712/2957 4343/6715/2957
f 4324/6709/2958 4323/6707/2958 4335/6714/2958 4336/6716/2958
f 4325/6710/2959 4324/6709/2959 4336/6716/2959 4337/6717/2959
f 4326/6698/2960 4325/6710/2960 4337/6717/2960 4338/6718/2960
f 4327/6699/2961 4326/6698/2961 4338/6718/2961 4339/6719/2961
f 4320/6701/2962 4117/6720/2962 4332/6721/2962
f 4328/6702/2963 4327/6699/2963 4339/6719/2963 4340/6722/2963
f 4321/6703/2964 4320/6701/2964 4332/6721/2964 4333/6723/2964
f 4329/6704/2965 4328/6702/2965 4340/6722/2965 4341/6711/2965
f 4322/6705/2966 4321/6703/2966 4333/6723/2966 4334/6713/2966
f 4338/6718/2967 4337/6717/2967 4349/6724/2967 4350/6725/2967
f 4339/6719/2968 4338/6718/2968 4350/6725/2968 4351/6726/2968
f 4332/6721/2969 4117/6727/2969 4344/6728/2969
f 4340/6722/2970 4339/6719/2970 4351/6726/2970 4352/6729/2970
f 4333/6723/2971 4332/6721/2971 4344/6728/2971 4345/6730/2971
f 4341/6711/2972 4340/6722/2972 4352/6729/2972 4353/6731/2972
f 4334/6713/2973 4333/6723/2973 4345/6730/2973 4346/6732/2973
f 4342/6712/2974 4341/6711/2974 4353/6731/2974 4354/6733/2974
f 4335/6714/2975 4334/6713/2975 4346/6732/2975 4347/6734/2975
f 4343/6715/2976 4342/6712/2976 4354/6733/2976 4355/6735/2976
f 4336/6716/2977 4335/6714/2977 4347/6734/2977 4348/6736/2977
f 4337/6717/2978 4336/6716/2978 4348/6736/2978 4349/6724/2978
f 4352/6729/2979 4351/6726/2979 4363/6737/2979 4364/6738/2979
f 4345/6730/2980 4344/6728/2980 4356/6739/2980 4357/6740/2980
f 4353/6731/2981 4352/6729/2981 4364/6738/2981 4365/6741/2981
f 4346/6732/2982 4345/6730/2982 4357/6740/2982 4358/6742/2982
f 4354/6733/2983 4353/6731/2983 4365/6741/2983 4366/6743/2983
f 4347/6734/2984 4346/6732/2984 4358/6742/2984 4359/6744/2984
f 4355/6735/2985 4354/6733/2985 4366/6743/2985 4367/6745/2985
f 4348/6736/2986 4347/6734/2986 4359/6744/2986 4360/6746/2986
f 4349/6724/2987 4348/6736/2987 4360/6746/2987 4361/6747/2987
f 4350/6725/2988 4349/6724/2988 4361/6747/2988 4362/6748/2988
f 4351/6726/2989 4350/6725/2989 4362/6748/2989 4363/6737/2989
f 4344/6728/2990 4117/6749/2990 4356/6739/2990
f 4367/6745/2991 4366/6743/2991 4378/6750/2991 4379/6751/2991
f 4360/6746/2992 4359/6744/2992 4371/6752/2992 4372/6753/2992
f 4361/6747/2993 4360/6746/2993 4372/6753/2993 4373/6754/2993
f 4362/6748/2994 4361/6747/2994 4373/6754/2994 4374/6755/2994
f 4363/6737/2995 4362/6748/2995 4374/6755/2995 4375/6756/2995
f 4356/6739/2996 4117/6757/2996 4368/6758/2996
f 4364/6738/2997 4363/6737/2997 4375/6756/2997 4376/6759/2997
f 4357/6740/2998 4356/6739/2998 4368/6758/2998 4369/6760/2998
f 4365/6741/2999 4364/6738/2999 4376/6759/2999 4377/6761/2999
f 4358/6742/3000 4357/6740/3000 4369/6760/3000 4370/6762/3000
f 4366/6743/3001 4365/6741/3001 4377/6761/3001 4378/6750/3001
f 4359/6744/3002 4358/6742/3002 4370/6762/3002 4371/6752/3002
f 4375/6756/3003 4374/6755/3003 4386/6763/3003 4387/6764/3003
f 4368/6758/3004 4117/6765/3004 4380/6766/3004
f 4376/6759/3005 4375/6756/3005 4387/6764/3005 4388/6767/3005
f 4369/6760/3006 4368/6758/3006 4380/6766/3006 4381/6768/3006
f 4377/6761/3007 4376/6759/3007 4388/6767/3007 4389/6769/3007
f 4370/6762/3008 4369/6760/3008 4381/6768/3008 4382/6770/3008
f 4378/6750/3009 4377/6761/3009 4389/6769/3009 4390/6771/3009
f 4371/6752/3010 4370/6762/3010 4382/6770/3010 4383/6772/3010
f 4379/6751/3011 4378/6750/3011 4390/6771/3011 4391/6773/3011
f 4372/6753/3012 4371/6752/3012 4383/6772/3012 4384/6774/3012
f 4373/6754/3013 4372/6753/3013 4384/6774/3013 4385/6775/3013
f 4374/6755/3014 4373/6754/3014 4385/6775/3014 4386/6763/3014
f 4389/6769/3015 4388/6767/3015 4400/6776/3015 4401/6777/3015
f 4382/6770/3016 4381/6768/3016 4393/6778/3016 4394/6779/3016
f 4390/6771/3017 4389/6769/3017 4401/6777/3017 4402/6780/3017
f 4383/6772/3018 4382/6770/3018 4394/6779/3018 4395/6781/3018
f 4391/6773/3019 4390/6771/3019 4402/6780/3019 4403/6782/3019
f 4384/6774/3020 4383/6772/3020 4395/6781/3020 4396/6783/3020
f 4385/6775/3021 4384/6774/3021 4396/6783/3021 4397/6784/3021
f 4386/6763/3022 4385/6775/3022 4397/6784/3022 4398/6785/3022
f 4387/6764/3023 4386/6763/3023 4398/6785/3023 4399/6786/3023
f 4380/6766/3024 4117/6787/3024 4392/6788/3024
f 4388/6767/3025 4387/6764/3025 4399/6786/3025 4400/6776/3025
f 4381/6768/3026 4380/6766/3026 4392/6788/3026 4393/6778/3026
f 4397/6784/3027 4396/6783/3027 4408/6789/3027 4409/6790/3027
f 4398/6785/3028 4397/6784/3028 4409/6790/3028 4410/6791/3028
f 4399/6786/3029 4398/6785/3029 4410/6791/3029 4411/6792/3029
f 4392/6788/3030 4117/6793/3030 4404/6794/3030
f 4400/6776/3031 4399/6786/3031 4411/6792/3031 4412/6795/3031
f 4393/6778/3032 4392/6788/3032 4404/6794/3032 4405/6796/3032
f 4401/6777/3033 4400/6776/3033 4412/6795/3033 4413/6797/3033
f 4394/6779/3034 4393/6778/3034 4405/6796/3034 4406/6798/3034
f 4402/6780/3035 4401/6777/3035 4413/6797/3035 4414/6799/3035
f 4395/6781/3036 4394/6779/3036 4406/6798/3036 4407/6800/3036
f 4403/6782/3037 4402/6780/3037 4414/6799/3037 4415/6801/3037
f 4396/6783/3038 4395/6781/3038 4407/6800/3038 4408/6789/3038
f 4404/6794/3039 4117/6802/3039 4416/6803/3039
f 4412/6795/3040 4411/6792/3040 4423/6804/3040 4424/6805/3040
f 4405/6796/3041 4404/6794/3041 4416/6803/3041 4417/6806/3041
f 4413/6797/3042 4412/6795/3042 4424/6805/3042 4425/6807/3042
f 4406/6798/3043 4405/6796/3043 4417/6806/3043 4418/6808/3043
f 4414/6799/3044 4413/6797/3044 4425/6807/3044 4426/6809/3044
f 4407/6800/3045 4406/6798/3045 4418/6808/3045 4419/6810/3045
f 4415/6801/3046 4414/6799/3046 4426/6809/3046 4427/6811/3046
f 4408/6789/3047 4407/6800/3047 4419/6810/3047 4420/6812/3047
f 4409/6790/3048 4408/6789/3048 4420/6812/3048 4421/6813/3048
f 4410/6791/3049 4409/6790/3049 4421/6813/3049 4422/6814/3049
f 4411/6792/3050 4410/6791/3050 4422/6814/3050 4423/6804/3050
f 4426/6809/3051 4425/6807/3051 4437/6815/3051 4438/6816/3051
f 4419/6810/3052 4418/6808/3052 4430/6817/3052 4431/6818/3052
f 4427/6811/3053 4426/6809/3053 4438/6816/3053 4439/6819/3053
f 4420/6812/3054 4419/6810/3054 4431/6818/3054 4432/6820/3054
f 4421/6813/3055 4420/6812/3055 4432/6820/3055 4433/6821/3055
f 4422/6814/3056 4421/6813/3056 4433/6821/3056 4434/6822/3056
f 4423/6804/3057 4422/6814/3057 4434/6822/3057 4435/6823/3057
f 4416/6803/3058 4117/6824/3058 4428/6825/3058
f 4424/6805/3059 4423/6804/3059 4435/6823/3059 4436/6826/3059
f 4417/6806/3060 4416/6803/3060 4428/6825/3060 4429/6827/3060
f 4425/6807/3061 4424/6805/3061 4436/6826/3061 4437/6815/3061
f 4418/6808/3062 4417/6806/3062 4429/6827/3062 4430/6817/3062
f 4434/6822/3063 4433/6821/3063 4445/6828/3063 4446/6829/3063
f 4435/6823/3064 4434/6822/3064 4446/6829/3064 4447/6830/3064
f 4428/6825/3065 4117/6831/3065 4440/6832/3065
f 4436/6826/3066 4435/6823/3066 4447/6830/3066 4448/6833/3066
f 4429/6827/3067 4428/6825/3067 4440/6832/3067 4441/6834/3067
f 4437/6815/3068 4436/6826/3068 4448/6833/3068 4449/6835/3068
f 4430/6817/3069 4429/6827/3069 4441/6834/3069 4442/6836/3069
f 4438/6816/3070 4437/6815/3070 4449/6835/3070 4450/6837/3070
f 4431/6818/3071 4430/6817/3071 4442/6836/3071 4443/6838/3071
f 4439/6819/3072 4438/6816/3072 4450/6837/3072 4451/6839/3072
f 4432/6820/3073 4431/6818/3073 4443/6838/3073 4444/6840/3073
f 4433/6821/3074 4432/6820/3074 4444/6840/3074 4445/6828/3074
f 4441/6834/3075 4440/6832/3075 4452/6841/3075 4453/6842/3075
f 4449/6835/3076 4448/6833/3076 4460/6843/3076 4461/6844/3076
f 4442/6836/3077 4441/6834/3077 4453/6842/3077 4454/6845/3077
f 4450/6837/3078 4449/6835/3078 4461/6844/3078 4462/6846/3078
f 4443/6838/3079 4442/6836/3079 4454/6845/3079 4455/6847/3079
f 4451/6839/3080 4450/6837/3080 4462/6846/3080 4463/6848/3080
f 4444/6840/3081 4443/6838/3081 4455/6847/3081 4456/6849/3081
f 4445/6828/3082 4444/6840/3082 4456/6849/3082 4457/6850/3082
f 4446/6829/3083 4445/6828/3083 4457/6850/3083 4458/6851/3083
f 4447/6830/3084 4446/6829/3084 4458/6851/3084 4459/6852/3084
f 4440/6832/3085 4117/6853/3085 4452/6841/3085
f 4448/6833/3086 4447/6830/3086 4459/6852/3086 4460/6843/3086
f 4463/6848/3087 4462/6846/3087 4474/6854/3087 4475/6855/3087
f 4456/6849/3088 4455/6847/3088 4467/6856/3088 4468/6857/3088
f 4457/6850/3089 4456/6849/3089 4468/6857/3089 4469/6858/3089
f 4458/6851/3090 4457/6850/3090 4469/6858/3090 4470/6859/3090
f 4459/6852/3091 4458/6851/3091 4470/6859/3091 4471/6860/3091
f 4452/6841/3092 4117/6861/3092 4464/6862/3092
f 4460/6843/3093 4459/6852/3093 4471/6860/3093 4472/6863/3093
f 4453/6842/3094 4452/6841/3094 4464/6862/3094 4465/6864/3094
f 4461/6844/3095 4460/6843/3095 4472/6863/3095 4473/6865/3095
f 4454/6845/3096 4453/6842/3096 4465/6864/3096 4466/6866/3096
f 4462/6846/3097 4461/6844/3097 4473/6865/3097 4474/6854/3097
f 4455/6847/3098 4454/6845/3098 4466/6866/3098 4467/6856/3098
f 4471/6860/3099 4470/6859/3099 4482/6867/3099 4483/6868/3099
f 4464/6862/3100 4117/6869/3100 4476/6870/3100
f 4472/6863/3101 4471/6860/3101 4483/6868/3101 4484/6871/3101
f 4465/6864/3102 4464/6862/3102 4476/6870/3102 4477/6872/3102
f 4473/6865/3103 4472/6863/3103 4484/6871/3103 4485/6873/3103
f 4466/6866/3104 4465/6864/3104 4477/6872/3104 4478/6874/3104
f 4474/6854/3105 4473/6865/3105 4485/6873/3105 4486/6875/3105
f 4467/6856/3106 4466/6866/3106 4478/6874/3106 4479/6876/3106
f 4475/6855/3107 4474/6854/3107 4486/6875/3107 4487/6877/3107
f 4468/6857/3108 4467/6856/3108 4479/6876/3108 4480/6878/3108
f 4469/6858/3109 4468/6857/3109 4480/6878/3109 4481/6879/3109
f 4470/6859/3110 4469/6858/3110 4481/6879/3110 4482/6867/3110
f 4478/6874/3111 4477/6872/3111 4489/6880/3111 4490/6881/3111
f 4486/6875/3112 4485/6873/3112 4497/6882/3112 4498/6883/3112
f 4479/6876/3113 4478/6874/3113 4490/6881/3113 4491/6884/3113
f 4487/6877/3114 4486/6875/3114 4498/6883/3114 4499/6885/3114
f 4480/6878/3115 4479/6876/3115 4491/6884/3115 4492/6886/3115
f 4481/6879/3116 4480/6878/3116 4492/6886/3116 4493/6887/3116
f 4482/6867/3117 4481/6879/3117 4493/6887/3117 4494/6888/3117
f 4483/6868/3118 4482/6867/3118 4494/6888/3118 4495/6889/3118
f 4476/6870/3119 4117/6890/3119 4488/6891/3119
f 4484/6871/3120 4483/6868/3120 4495/6889/3120 4496/6892/3120
f 4477/6872/3121 4476/6870/3121 4488/6891/3121 4489/6880/3121
f 4485/6873/3122 4484/6871/3122 4496/6892/3122 4497/6882/3122
f 4493/6887/3123 4492/6886/3123 4504/6893/3123 4505/6894/3123
f 4494/6888/3124 4493/6887/3124 4505/6894/3124 4506/6895/3124
f 4495/6889/3125 4494/6888/3125 4506/6895/3125 4507/6896/3125
f 4488/6891/3126 4117/6897/3126 4500/6898/3126
f 4496/6892/3127 4495/6889/3127 4507/6896/3127 4508/6899/3127
f 4489/6880/3128 4488/6891/3128 4500/6898/3128 4501/6900/3128
f 4497/6882/3129 4496/6892/3129 4508/6899/3129 4509/6901/3129
f 4490/6881/3130 4489/6880/3130 4501/6900/3130 4502/6902/3130
f 4498/6883/3131 4497/6882/3131 4509/6901/3131 4510/6903/3131
f 4491/6884/3132 4490/6881/3132 4502/6902/3132 4503/6904/3132
f 4499/6885/3133 4498/6883/3133 4510/6903/3133 4511/6905/3133
f 4492/6886/3134 4491/6884/3134 4503/6904/3134 4504/6893/3134
f 4500/6898/3135 4117/6906/3135 4512/6907/3135
f 4508/6899/3136 4507/6896/3136 4519/6908/3136 4520/6909/3136
f 4501/6900/3137 4500/6898/3137 4512/6907/3137 4513/6910/3137
f 4509/6901/3138 4508/6899/3138 4520/6909/3138 4521/6911/3138
f 4502/6902/3139 4501/6900/3139 4513/6910/3139 4514/6912/3139
f 4510/6903/3140 4509/6901/3140 4521/6911/3140 4522/6913/3140
f 4503/6904/3141 4502/6902/3141 4514/6912/3141 4515/6914/3141
f 4511/6905/3142 4510/6903/3142 4522/6913/3142 4523/6915/3142
f 4504/6893/3143 4503/6904/3143 4515/6914/3143 4516/6916/3143
f 4505/6894/3144 4504/6893/3144 4516/6916/3144 4517/6917/3144
f 4506/6895/3145 4505/6894/3145 4517/6917/3145 4518/6918/3145
f 4507/6896/3146 4506/6895/3146 4518/6918/3146 4519/6908/3146
f 4515/6914/3147 4514/6912/3147 4526/6919/3147 4527/6920/3147
f 4523/6915/3148 4522/6913/3148 4534/6921/3148 4535/6922/3148
f 4516/6916/3149 4515/6914/3149 4527/6920/3149 4528/6923/3149
f 4517/6917/3150 4516/6916/3150 4528/6923/3150 4529/6924/3150
f 4518/6918/3151 4517/6917/3151 4529/6924/3151 4530/6925/3151
f 4519/6908/3152 4518/6918/3152 4530/6925/3152 4531/6926/3152
f 4512/6907/3153 4117/6927/3153 4524/6928/3153
f 4520/6909/3154 4519/6908/3154 4531/6926/3154 4532/6929/3154
f 4513/6910/3155 4512/6907/3155 4524/6928/3155 4525/6930/3155
f 4521/6911/3156 4520/6909/3156 4532/6929/3156 4533/6931/3156
f 4514/6912/3157 4513/6910/3157 4525/6930/3157 4526/6919/3157
f 4522/6913/3158 4521/6911/3158 4533/6931/3158 4534/6921/3158
f 4530/6925/3159 4529/6924/3159 4541/6932/3159 4542/6933/3159
f 4531/6926/3160 4530/6925/3160 4542/6933/3160 4543/6934/3160
f 4524/6928/3161 4117/6935/3161 4536/6936/3161
f 4532/6929/3162 4531/6926/3162 4543/6934/3162 4544/6937/3162
f 4525/6930/3163 4524/6928/3163 4536/6936/3163 4537/6938/3163
f 4533/6931/3164 4532/6929/3164 4544/6937/3164 4545/6939/3164
f 4526/6919/3165 4525/6930/3165 4537/6938/3165 4538/6940/3165
f 4534/6921/3166 4533/6931/3166 4545/6939/3166 4546/6941/3166
f 4527/6920/3167 4526/6919/3167 4538/6940/3167 4539/6942/3167
f 4535/6922/3168 4534/6921/3168 4546/6941/3168 4547/6943/3168
f 4528/6923/3169 4527/6920/3169 4539/6942/3169 4540/6944/3169
f 4529/6924/3170 4528/6923/3170 4540/6944/3170 4541/6932/3170
f 4545/6939/3171 4544/6937/3171 4556/6945/3171 4557/6946/3171
f 4538/6940/3172 4537/6938/3172 4549/6947/3172 4550/6948/3172
f 4546/6941/3173 4545/6939/3173 4557/6946/3173 4558/6949/3173
f 4539/6942/3174 4538/6940/3174 4550/6948/3174 4551/6950/3174
f 4547/6943/3175 4546/6941/3175 4558/6949/3175 4559/6951/3175
f 4540/6944/3176 4539/6942/3176 4551/6950/3176 4552/6952/3176
f 4541/6932/3177 4540/6944/3177 4552/6952/3177 4553/6953/3177
f 4542/6933/3178 4541/6932/3178 4553/6953/3178 4554/6954/3178
f 4543/6934/3179 4542/6933/3179 4554/6954/3179 4555/6955/3179
f 4536/6936/3180 4117/6956/3180 4548/6957/3180
f 4544/6937/3181 4543/6934/3181 4555/6955/3181 4556/6945/3181
f 4537/6938/3182 4536/6936/3182 4548/6957/3182 4549/6947/3182
f 4552/6958/3183 4551/6959/3183 4563/6960/3183 4564/6961/3183
f 4553/6962/3184 4552/6958/3184 4564/6961/3184 4565/6963/3184
f 4554/6964/3185 4553/6962/3185 4565/6963/3185 4566/6965/3185
f 4555/6966/3186 4554/6964/3186 4566/6965/3186 4567/6967/3186
f 4548/6968/3187 4117/6969/3187 4560/6970/3187
f 4556/6971/3188 4555/6966/3188 4567/6967/3188 4568/6972/3188
f 4549/6973/3189 4548/6968/3189 4560/6970/3189 4561/6974/3189
f 4557/6975/3190 4556/6971/3190 4568/6972/3190 4569/6976/3190
f 4550/6977/3191 4549/6973/3191 4561/6974/3191 4562/6978/3191
f 4558/6979/3192 4557/6975/3192 4569/6976/3192 4570/6980/3192
f 4551/6959/3193 4550/6977/3193 4562/6978/3193 4563/6960/3193
f 4559/6981/3194 4558/6979/3194 4570/6980/3194 4571/6982/3194
f 4567/6967/3195 4566/6965/3195 4578/6983/3195 4579/6984/3195
f 4560/6970/3196 4117/6985/3196 4572/6986/3196
f 4568/6972/3197 4567/6967/3197 4579/6984/3197 4580/6987/3197
f 4561/6974/3198 4560/6970/3198 4572/6986/3198 4573/6988/3198
f 4569/6976/3199 4568/6972/3199 4580/6987/3199 4581/6989/3199
f 4562/6978/3200 4561/6974/3200 4573/6988/3200 4574/6990/3200
f 4570/6980/3201 4569/6976/3201 4581/6989/3201 4582/6991/3201
f 4563/6960/3202 4562/6978/3202 4574/6990/3202 4575/6992/3202
f 4571/6982/3203 4570/6980/3203 4582/6991/3203 4583/6993/3203
f 4564/6961/3204 4563/6960/3204 4575/6992/3204 4576/6994/3204
f 4565/6963/3205 4564/6961/3205 4576/6994/3205 4577/6995/3205
f 4566/6965/3206 4565/6963/3206 4577/6995/3206 4578/6983/3206
f 4582/6991/3207 4581/6989/3207 4593/6996/3207 4594/6997/3207
f 4575/6992/3208 4574/6990/3208 4586/6998/3208 4587/6999/3208
f 4583/6993/3209 4582/6991/3209 4594/6997/3209 4595/7000/3209
f 4576/6994/3210 4575/6992/3210 4587/6999/3210 4588/7001/3210
f 4577/6995/3211 4576/6994/3211 4588/7001/3211 4589/7002/3211
f 4578/6983/3212 4577/6995/3212 4589/7002/3212 4590/7003/3212
f 4579/6984/3213 4578/6983/3213 4590/7003/3213 4591/7004/3213
f 4572/6986/3214 4117/7005/3214 4584/7006/3214
f 4580/6987/3215 4579/6984/3215 4591/7004/3215 4592/7007/3215
f 4573/6988/3216 4572/6986/3216 4584/7006/3216 4585/7008/3216
f 4581/6989/3217 4580/6987/3217 4592/7007/3217 4593/6996/3217
f 4574/6990/3218 4573/6988/3218 4585/7008/3218 4586/6998/3218
f 4589/7002/3219 4588/7001/3219 4600/7009/3219 4601/7010/3219
f 4590/7003/3220 4589/7002/3220 4601/7010/3220 4602/7011/3220
f 4591/7004/3221 4590/7003/3221 4602/7011/3221 4603/7012/3221
f 4584/7006/3222 4117/7013/3222 4596/7014/3222
f 4592/7007/3223 4591/7004/3223 4603/7012/3223 4604/7015/3223
f 4585/7008/3224 4584/7006/3224 4596/7014/3224 4597/7016/3224
f 4593/6996/3225 4592/7007/3225 4604/7015/3225 4605/7017/3225
f 4586/6998/3226 4585/7008/3226 4597/7016/3226 4598/7018/3226
f 4594/6997/3227 4593/6996/3227 4605/7017/3227 4606/7019/3227
f 4587/6999/3228 4586/6998/3228 4598/7018/3228 4599/7020/3228
f 4595/7000/3229 4594/6997/3229 4606/7019/3229 4607/7021/3229
f 4588/7001/3230 4587/6999/3230 4599/7020/3230 4600/7009/3230
f 4604/7015/3231 4603/7012/3231 4615/7022/3231 4616/7023/3231
f 4597/7016/3232 4596/7014/3232 4608/7024/3232 4609/7025/3232
f 4605/7017/3233 4604/7015/3233 4616/7023/3233 4617/7026/3233
f 4598/7018/3234 4597/7016/3234 4609/7025/3234 4610/7027/3234
f 4606/7019/3235 4605/7017/3235 4617/7026/3235 4618/7028/3235
f 4599/7020/3236 4598/7018/3236 4610/7027/3236 4611/7029/3236
f 4607/7021/3237 4606/7019/3237 4618/7028/3237 4619/7030/3237
f 4600/7009/3238 4599/7020/3238 4611/7029/3238 4612/7031/3238
f 4601/7010/3239 4600/7009/3239 4612/7031/3239 4613/7032/3239
f 4602/7011/3240 4601/7010/3240 4613/7032/3240 4614/7033/3240
f 4603/7012/3241 4602/7011/3241 4614/7033/3241 4615/7022/3241
f 4596/7014/3242 4117/7034/3242 4608/7024/3242
f 4619/7030/3243 4618/7028/3243 4630/7035/3243 4631/7036/3243
f 4612/7031/3244 4611/7029/3244 4623/7037/3244 4624/7038/3244
f 4613/7032/3245 4612/7031/3245 4624/7038/3245 4625/7039/3245
f 4614/7033/3246 4613/7032/3246 4625/7039/3246 4626/7040/3246
f 4615/7022/3247 4614/7033/3247 4626/7040/3247 4627/7041/3247
f 4608/7024/3248 4117/7042/3248 4620/7043/3248
f 4616/7023/3249 4615/7022/3249 4627/7041/3249 4628/7044/3249
f 4609/7025/3250 4608/7024/3250 4620/7043/3250 4621/7045/3250
f 4617/7026/3251 4616/7023/3251 4628/7044/3251 4629/7046/3251
f 4610/7027/3252 4609/7025/3252 4621/7045/3252 4622/7047/3252
f 4618/7028/3253 4617/7026/3253 4629/7046/3253 4630/7035/3253
f 4611/7029/3254 4610/7027/3254 4622/7047/3254 4623/7037/3254
f 4626/7040/3255 4625/7039/3255 4637/7048/3255 4638/7049/3255
f 4627/7041/3256 4626/7040/3256 4638/7049/3256 4639/7050/3256
f 4620/7043/3257 4117/7051/3257 4632/7052/3257
f 4628/7044/3258 4627/7041/3258 4639/7050/3258 4640/7053/3258
f 4621/7045/3259 4620/7043/3259 4632/7052/3259 4633/7054/3259
f 4629/7046/3260 4628/7044/3260 4640/7053/3260 4641/7055/3260
f 4622/7047/3261 4621/7045/3261 4633/7054/3261 4634/7056/3261
f 4630/7035/3262 4629/7046/3262 4641/7055/3262 4642/7057/3262
f 4623/7037/3263 4622/7047/3263 4634/7056/3263 4635/7058/3263
f 4631/7036/3264 4630/7035/3264 4642/7057/3264 4643/7059/3264
f 4624/7038/3265 4623/7037/3265 4635/7058/3265 4636/7060/3265
f 4625/7039/3266 4624/7038/3266 4636/7060/3266 4637/7048/3266
f 4641/7055/3267 4640/7053/3267 4652/7061/3267 4653/7062/3267
f 4634/7056/3268 4633/7054/3268 4645/7063/3268 4646/7064/3268
f 4642/7057/3269 4641/7055/3269 4653/7062/3269 4654/7065/3269
f 4635/7058/3270 4634/7056/3270 4646/7064/3270 4647/7066/3270
f 4643/7059/3271 4642/7057/3271 4654/7065/3271 4655/7067/3271
f 4636/7060/3272 4635/7058/3272 4647/7066/3272 4648/7068/3272
f 4637/7048/3273 4636/7060/3273 4648/7068/3273 4649/7069/3273
f 4638/7049/3274 4637/7048/3274 4649/7069/3274 4650/7070/3274
f 4639/7050/3275 4638/7049/3275 4650/7070/3275 4651/7071/3275
f 4632/7052/3276 4117/7072/3276 4644/7073/3276
f 4640/7053/3277 4639/7050/3277 4651/7071/3277 4652/7061/3277
f 4633/7054/3278 4632/7052/3278 4644/7073/3278 4645/7063/3278
f 4649/7069/3279 4648/7068/3279 4660/7074/3279 4661/7075/3279
f 4650/7070/3280 4649/7069/3280 4661/7075/3280 4662/7076/3280
f 4651/7071/3281 4650/7070/3281 4662/7076/3281 4663/7077/3281
f 4644/7073/3282 4117/7078/3282 4656/7079/3282
f 4652/7061/3283 4651/7071/3283 4663/7077/3283 4664/7080/3283
f 4645/7063/3284 4644/7073/3284 4656/7079/3284 4657/7081/3284
f 4653/7062/3285 4652/7061/3285 4664/7080/3285 4665/7082/3285
f 4646/7064/3286 4645/7063/3286 4657/7081/3286 4658/7083/3286
f 4654/7065/3287 4653/7062/3287 4665/7082/3287 4666/7084/3287
f 4647/7066/3288 4646/7064/3288 4658/7083/3288 4659/7085/3288
f 4655/7067/3289 4654/7065/3289 4666/7084/3289 4667/7086/3289
f 4648/7068/3290 4647/7066/3290 4659/7085/3290 4660/7074/3290
f 4663/7077/3291 4662/7076/3291 4674/7087/3291 4675/7088/3291
f 4656/7079/3292 4117/7089/3292 4668/7090/3292
f 4664/7080/3293 4663/7077/3293 4675/7088/3293 4676/7091/3293
f 4657/7081/3294 4656/7079/3294 4668/7090/3294 4669/7092/3294
f 4665/7082/3295 4664/7080/3295 4676/7091/3295 4677/7093/3295
f 4658/7083/3296 4657/7081/3296 4669/7092/3296 4670/7094/3296
f 4666/7084/3297 4665/7082/3297 4677/7093/3297 4678/7095/3297
f 4659/7085/3298 4658/7083/3298 4670/7094/3298 4671/7096/3298
f 4667/7086/3299 4666/7084/3299 4678/7095/3299 4679/7097/3299
f 4660/7074/3300 4659/7085/3300 4671/7096/3300 4672/7098/3300
f 4661/7075/3301 4660/7074/3301 4672/7098/3301 4673/7099/3301
f 4662/7076/3302 4661/7075/3302 4673/7099/3302 4674/7087/3302
f 4678/7095/3303 4677/7093/3303 4689/7100/3303 4690/7101/3303
f 4671/7096/3304 4670/7094/3304 4682/7102/3304 4683/7103/3304
f 4679/7097/3305 4678/7095/3305 4690/7101/3305 4691/7104/3305
f 4672/7098/3306 4671/7096/3306 4683/7103/3306 4684/7105/3306
f 4673/7099/3307 4672/7098/3307 4684/7105/3307 4685/7106/3307
f 4674/7087/3308 4673/7099/3308 4685/7106/3308 4686/7107/3308
f 4675/7088/3309 4674/7087/3309 4686/7107/3309 4687/7108/3309
f 4668/7090/3310 4117/7109/3310 4680/7110/3310
f 4676/7091/3311 4675/7088/3311 4687/7108/3311 4688/7111/3311
f 4669/7092/3312 4668/7090/3312 4680/7110/3312 4681/7112/3312
f 4677/7093/3313 4676/7091/3313 4688/7111/3313 4689/7100/3313
f 4670/7094/3314 4669/7092/3314 4681/7112/3314 4682/7102/3314
f 4686/7107/3315 4685/7106/3315 4123/6482/3315 4124/6484/3315
f 4687/7108/3316 4686/7107/3316 4124/6484/3316 4692/6486/3316
f 4680/7110/3317 4117/7113/3317 4118/6488/3317
f 4688/7111/3318 4687/7108/3318 4692/6486/3318 4125/6491/3318
f 4681/7112/3319 4680/7110/3319 4118/6488/3319 4119/6493/3319
f 4689/7100/3320 4688/7111/3320 4125/6491/3320 4126/6495/3320
f 4682/7102/3321 4681/7112/3321 4119/6493/3321 4120/6497/3321
f 4690/7101/3322 4689/7100/3322 4126/6495/3322 4693/6499/3322
f 4683/7103/3323 4682/7102/3323 4120/6497/3323 4121/6479/3323
f 4691/7104/3324 4690/7101/3324 4693/6499/3324 4127/6501/3324
f 4684/7105/3325 4683/7103/3325 4121/6479/3325 4122/6478/3325
f 4685/7106/3326 4684/7105/3326 4122/6478/3326 4123/6482/3326
f 4499/7114/3327 4511/7115/3327 4523/7116/3327 4535/7117/3327 4547/7118/3327 4559/7119/3327 4571/7120/3327 4583/7121/3327 4595/7122/3327 4607/7123/3327 4619/7124/3327 4631/7125/3327 4643/7126/3327 4655/7127/3327 4667/7128/3327 4679/7129/3327 4691/7130/3327 4127/7131/3327 4139/7132/3327 4151/7133/3327 4163/7134/3327 4175/7135/3327 4187/7136/3327 4199/7137/3327 4211/7138/3327 4223/7139/3327 4235/7140/3327 4247/7141/3327 4259/7142/3327 4271/7143/3327 4283/7144/3327 4295/7145/3327 4307/7146/3327 4319/7147/3327 4331/7148/3327 4343/7149/3327 4355/7150/3327 4367/7151/3327 4379/7152/3327 4391/7153/3327 4403/7154/3327 4415/7155/3327 4427/7156/3327 4439/7157/3327 4451/7158/3327 4463/7159/3327 4475/7160/3327 4487/7161/3327
